시구,자치구,동,단지명,단지번호,세대수,동수,준공년월,평형구간,최저매매가_만원,중위매매가_만원,최고매매가_만원,매매건수,전세건수,최소면적_㎡,최대면적_㎡,위도,경도,강남까지_km,회사1_합정_km,회사2_남양_km
강서구,,가양동,가양2단지성지,1305,1624,10,199211,"18,21",85000,85000,90000,5,0,56.91,56.91,37.570419,126.847209,17.83,6.29,39.45
강서구,,가양동,등촌주공8단지,14,445,5,199411,18,77000,80000,83000,2,0,56.83,56.83,37.561359,126.851355,17.07,5.64,38.49
강서구,,가양동,등촌주공10단지,10,566,5,199510,"18,24",77000,77000,77000,1,0,55.51,55.51,37.562241,126.848433,17.34,5.91,38.56
강서구,,가양동,가양6단지,1347,1476,15,199211,"18,21,24",107000,113500,120000,8,0,64.98,64.98,37.563341,126.859656,16.5,4.99,38.81
강서구,,가양동,가양9단지,1348,1005,6,199302,"18,21",78000,80000,80000,7,0,57.46,57.46,37.558777,126.863756,15.96,4.51,38.36
강서구,,가양동,등촌주공5단지,13,1045,9,199510,"18,24",83000,84500,85000,4,0,55.27,55.27,37.560782,126.844811,17.57,6.19,38.36
강서구,,가양동,등촌주공2단지,11,505,6,199506,18,78000,79000,80000,4,0,56.83,57.94,37.565099,126.843069,17.91,6.45,38.83
강서구,,가양동,강변3단지,1346,1556,12,199212,21,105000,112000,130000,29,0,66.29,66.29,37.565331,126.855765,16.91,5.39,38.98
강서구,,가양동,우장산힐스테이트,11337,2198,40,200505,"24,33",142000,150000,152000,10,0,79.32,79.32,37.556255,126.840704,17.71,6.47,37.83
강서구,,가양동,등촌주공3단지,12,1016,9,199510,24,110000,120000,125000,11,0,79.91,79.91,37.561808,126.841048,17.92,6.54,38.44
강서구,,가양동,마곡벽산,1020,479,8,199906,"24,33",90000,90000,90000,1,0,84.02,84.02,37.57615,126.83803,18.84,7.28,40.01
강서구,,가양동,라인,6,317,3,199710,"24,33",92000,95000,100000,3,0,87.42,87.42,37.559531,126.856047,16.61,5.19,38.35
강서구,,가양동,강서한강자이,103293,790,10,201309,"24,33",145000,155000,155000,4,0,87.31,88.91,37.567012,126.849675,17.47,5.95,39.1
강서구,,가양동,마곡엠밸리15단지,107505,1171,13,201405,"24,33",162000,164000,165000,3,0,82.82,82.82,37.556958,126.827983,18.79,7.59,37.81
강서구,,가양동,등촌마을서광,1017,430,6,199904,"24,33",110000,110000,117000,6,0,79.2,79.2,37.557794,126.85716,16.44,5.06,38.17
강서구,,가양동,한사랑삼성2차,1016,339,5,199906,"24,33",105000,106000,107000,2,0,78.5,78.5,37.55453,126.864407,15.71,4.37,37.9
강서구,,가양동,강나루현대,1012,642,9,199903,"24,33",112000,118500,126000,4,0,80.71,80.71,37.560918,126.856953,16.6,5.15,38.51
강서구,,가양동,DMC한강자이더헤리티지,131669,620,7,202211,33,115000,120000,140000,162,0,108.5,108.63,37.580473,126.861749,17.27,5.71,40.72
강서구,,가양동,우장산롯데캐슬,3331,1164,21,200309,33,130000,135000,140000,30,0,109.27,109.27,37.555616,126.84815,17.08,5.81,37.83
강서구,,가양동,한강타운,1351,990,11,199306,33,135000,138500,145000,18,0,103.29,103.29,37.571617,126.845289,18.04,6.5,39.57
강서구,,가양동,가양우성,1350,414,4,199010,33,125000,130000,135000,6,0,101.62,101.62,37.562387,126.854226,16.89,5.42,38.64
강서구,,가양동,미주진로,15,488,8,199410,33,114000,121500,130000,8,0,105.63,105.63,37.560119,126.847085,17.36,5.98,38.31
강서구,,가양동,마곡수명산파크2단지,25922,629,9,200707,33,134000,150000,152000,37,0,108.82,109.13,37.554827,126.827519,18.75,7.61,37.57
강서구,,가양동,등촌대림,4,680,8,199507,33,140000,140000,140000,8,0,113.91,113.91,37.562883,126.846872,17.5,6.06,38.62
강서구,,가양동,부영,7,712,7,199412,33,107000,115000,130000,23,0,105.97,105.97,37.563653,126.843589,17.8,6.36,38.67
강서구,,가양동,마곡수명산파크1단지,25967,1421,16,200711,33,135000,140000,155000,48,0,107.45,107.82,37.554424,126.830513,18.48,7.34,37.54
강서구,,가양동,DMC자이더포레리버뷰,132472,318,5,202210,33,110000,115000,130000,128,0,109.92,110.73,37.581465,126.859689,17.48,5.92,40.81
강서구,,가양동,DMC한강호반써밋,137417,560,5,202212,33,103000,115000,140000,190,0,107.95,108.91,37.582831,126.861836,17.4,5.86,40.98
강서구,,개화동,장미(도시개발1단지),22,387,3,199407,"18,24",62000,65000,66000,5,0,65.58,65.58,37.57455,126.817519,20.39,8.91,39.71
강서구,,개화동,도시개발2단지,23,2547,18,199310,18,62500,65000,70000,22,0,65.29,65.29,37.574928,126.819007,20.29,8.8,39.76
강서구,,개화동,방화3단지청솔,31,488,3,199407,"18,24",60000,69000,75000,4,0,63.01,63.8,37.575754,126.812734,20.83,9.35,39.82
강서구,,개화동,방화5단지,24,1372,6,199408,21,76000,76500,82000,8,0,66.56,66.56,37.57728,126.810344,21.09,9.6,39.99
강서구,,개화동,동성,25,686,9,199312,"24,33",88000,88000,88000,1,0,79.24,79.24,37.579657,126.811993,21.07,9.56,40.26
강서구,,개화동,방화동부센트레빌2차,8959,407,7,200311,"24,33",65000,65000,70000,5,0,80.6,80.6,37.574731,126.814947,20.6,9.13,39.72
강서구,,공항동,마곡중앙하이츠,905,930,8,199405,21,63000,72000,72000,11,0,66.1,75.37,37.570577,126.806817,21.08,9.69,39.24
강서구,,공항동,마곡수명산파크4단지,26123,919,14,200802,"24,33",111000,114000,118000,19,0,79.38,79.38,37.551103,126.823661,18.93,7.93,37.13
강서구,,공항동,마곡수명산파크5단지,26124,948,19,200806,24,110000,117000,130000,29,0,80.21,80.32,37.551912,126.827078,18.68,7.63,37.24
강서구,,공항동,마곡13단지힐스테이트마스터,109799,1194,22,201704,"24,33",156000,163000,168000,64,0,81.53,81.78,37.557929,126.818221,19.63,8.46,37.86
강서구,,공항동,마곡힐스테이트,108359,603,8,201708,"24,33",150000,160000,165000,12,0,81.78,81.78,37.564067,126.818111,19.88,8.57,38.55
강서구,,공항동,마곡푸르지오,24833,341,7,200806,"24,33",129000,129000,129000,7,0,82.97,82.97,37.570106,126.821846,19.84,8.4,39.23
강서구,,공항동,마곡한진해모로,9716,354,6,200405,"24,33",70000,70000,89000,5,0,81.48,81.48,37.571422,126.813788,20.55,9.12,39.35
강서구,,공항동,마곡엠밸리8단지,112211,531,10,201607,"24,33",150000,160000,170000,6,0,84.13,84.13,37.563757,126.819535,19.75,8.44,38.52
강서구,,공항동,마곡엠밸리9단지,131224,1529,19,202102,"24,33",160000,165000,175000,37,0,83.72,83.93,37.562083,126.818879,19.74,8.46,38.33
강서구,,공항동,마곡엠밸리2단지,107960,408,6,201406,33,165000,165000,167000,12,0,114.32,114.62,37.569419,126.820725,19.9,8.48,39.15
강서구,,공항동,마곡수명산파크7단지,26128,643,10,200810,33,110000,115000,115000,14,0,109.15,109.76,37.548342,126.822381,18.95,8.04,36.82
강서구,,공항동,마곡현대1차,33,337,3,199311,33,80000,80000,115000,19,0,102.73,102.73,37.57039,126.814268,20.47,9.05,39.23
강서구,,공항동,마곡엠밸리6단지,107506,1466,19,201406,33,169000,185000,200000,40,0,112.61,113.77,37.566061,126.820121,19.8,8.44,38.78
강서구,,공항동,마곡우림필유,9410,320,3,200312,33,95000,95000,120000,14,0,102.76,103.3,37.571676,126.821164,19.97,8.51,39.4
강서구,,공항동,마곡엠밸리11단지,112280,347,6,201609,33,177000,177000,177000,5,0,119.41,119.41,37.559182,126.82115,19.44,8.22,38.02
강서구,,공항동,마곡엠밸리3단지,107961,315,4,201406,33,165000,165000,165000,1,0,115.71,115.71,37.568195,126.819963,19.91,8.51,39.01
강서구,,공항동,마곡엠밸리5단지,107475,439,8,201406,33,170000,180000,180000,45,0,112.01,112.07,37.566144,126.817596,20.01,8.66,38.77
강서구,,공항동,마곡엠밸리4단지,107483,420,7,201406,33,175000,190000,220000,3,0,114.48,114.48,37.569115,126.824635,19.57,8.13,39.14
강서구,,공항동,마곡엠밸리14단지,107504,1270,13,201405,33,171000,185000,210000,19,0,114.14,114.74,37.556556,126.824685,19.05,7.88,37.74
강서구,,공항동,마곡엠밸리7단지,107477,1004,13,201406,33,220000,220000,220000,14,0,109.57,109.57,37.565186,126.822974,19.53,8.17,38.69
강서구,,공항동,마곡엠밸리10단지,112279,550,8,201608,33,170000,172500,175000,2,0,116.78,116.78,37.55971,126.819305,19.61,8.39,38.07
강서구,,공항동,마곡수명산파크3단지,25968,518,8,200709,33,125000,127000,160000,34,0,108.91,108.91,37.552717,126.824677,18.9,7.85,37.32
강서구,,공항동,마곡수명산파크6단지,25969,399,6,200710,33,125000,126500,128000,12,0,108.18,108.18,37.550674,126.82583,18.74,7.74,37.1
강서구,,내발산동,초록,1038,625,9,199811,"21,24,33",75000,75000,80000,5,0,69.75,69.75,37.546123,126.833868,17.91,7.04,36.65
강서구,,내발산동,우장산아이파크e편한세상,22555,2517,42,200801,"24,33",139500,141000,146000,38,0,79.93,79.93,37.549391,126.839113,17.58,6.57,37.05
강서구,,내발산동,우장산숲아이파크,131485,576,10,202212,"24,33",132000,144000,150000,38,0,81.68,81.7,37.545133,126.839478,17.4,6.55,36.58
강서구,,내발산동,강서힐스테이트,103305,2603,37,201508,"24,33",135000,140000,150000,55,0,82.13,82.13,37.546914,126.839257,17.48,6.56,36.78
강서구,,내발산동,화곡푸르지오,3330,2176,50,200210,33,118000,120000,123000,9,0,114.99,117.28,37.544791,126.831286,18.08,7.28,36.48
강서구,,등촌동,염창한화꿈에그린1차,11565,422,7,200504,"24,33",148500,150000,152000,3,0,85,85,37.548137,126.873331,14.71,3.55,37.33
강서구,,등촌동,염창동아3차,870,570,8,199901,"24,33",120000,131000,140000,36,0,78.32,78.49,37.549809,126.877709,14.42,3.16,37.59
강서구,,등촌동,한마음삼성,36,330,5,199507,"24,33",103000,103000,103000,1,0,85.55,85.55,37.554575,126.868198,15.41,4.04,37.96
강서구,,등촌동,성원2차,8378,423,4,200012,"24,33",80000,80000,82000,3,0,84.09,84.09,37.542041,126.864416,15.21,4.42,36.53
강서구,,등촌동,태진한솔,1034,356,5,199410,"24,33",105000,105000,105000,4,0,79.25,79.25,37.549065,126.874302,14.67,3.47,37.45
강서구,,등촌동,염창동아1차,869,778,5,199806,"24,33",105000,107250,110000,6,0,85.4,85.4,37.554818,126.872846,15.04,3.64,38.06
강서구,,등촌동,신동아,37,348,3,199512,"24,33",102000,102500,103000,2,0,80.29,80.29,37.55526,126.869184,15.36,3.96,38.05
강서구,,등촌동,목동롯데캐슬마에스트로,113008,410,6,201904,"24,33",132000,135000,145000,21,0,82.95,83.32,37.545585,126.865927,15.21,4.23,36.94
강서구,,등촌동,e편한세상염창,115965,499,6,201903,33,168000,180000,190000,13,0,95.15,109.09,37.548676,126.870621,14.95,3.79,37.35
강서구,,등촌동,현대1차,1035,498,5,199404,33,130000,130000,140000,13,0,101.89,102.77,37.553298,126.875447,14.76,3.39,37.93
강서구,,등촌동,우성,3771,332,4,199204,33,171000,180000,186000,60,0,101.77,104.92,37.541319,126.875508,14.26,3.49,36.62
강서구,,등촌동,강변한솔솔파크,9364,455,8,200509,33,125000,135000,139000,24,0,108.21,108.26,37.55692,126.866533,15.65,4.23,38.2
강서구,,등촌동,삼성관음,34,350,3,199708,33,115000,125000,125000,7,0,108.63,108.63,37.552728,126.869165,15.24,3.93,37.77
강서구,,등촌동,강변힐스테이트,9161,417,7,200506,33,148000,150000,163000,24,0,110.26,110.26,37.551261,126.874077,14.78,3.49,37.69
강서구,,등촌동,염창우성1차,38,339,4,199011,33,120000,136000,145000,3,0,101.75,104.58,37.556405,126.871124,15.26,3.82,38.21
강서구,,등촌동,등촌아이파크,13859,1653,29,200401,33,123000,128000,135000,60,0,105.25,105.84,37.544062,126.859983,15.65,4.77,36.69
강서구,,등촌동,목동롯데캐슬위너,10307,1067,13,200506,33,140000,153000,155000,15,0,107.31,107.43,37.546745,126.867264,15.15,4.1,37.09
강서구,,등촌동,목동금호베스트빌,3433,495,5,200203,33,107000,107000,107000,1,0,109.9,109.9,37.545411,126.868133,15.02,4.04,36.96
강서구,,염창동,목동한신청구,661,1512,15,199712,33,208000,223000,250000,96,0,103.22,103.22,37.541612,126.881769,13.75,2.95,36.76
강서구,,오쇠동,주공,2579,490,13,198811,18,38000,38500,39000,2,0,57.67,57.67,37.52859,126.801614,20.22,10.15,34.56
강서구,,오쇠동,삼두,12870,320,9,198310,"18,24",14000,17500,19000,19,0,63.49,63.54,37.52858,126.789113,21.31,11.22,34.57
강서구,,오쇠동,오정휴먼시아3단지,22208,550,8,200607,"21,24",38000,39000,40000,2,0,69.28,69.28,37.53277,126.78768,21.51,11.26,35.03
강서구,,오쇠동,원종금호어울림,102634,404,9,201102,"24,33",54000,58000,60000,7,0,81.01,81.01,37.528603,126.802904,20.11,10.04,34.56
강서구,,오쇠동,세종2차,2646,384,5,199508,"24,33",33000,35000,35500,6,0,82.28,82.28,37.529605,126.78896,21.34,11.21,34.68
강서구,,오쇠동,오정휴먼시아1단지,22209,612,9,200610,"24,33",46000,47500,52000,4,0,82.65,82.65,37.53123,126.78314,21.88,11.68,34.88
강서구,,오쇠동,오정휴먼시아2단지,22215,501,9,200610,33,60000,62000,69000,7,0,107.36,108.44,37.53121,126.78675,21.56,11.37,34.86
강서구,,화곡동,중앙하이츠,44,473,4,198812,"18,21,33",38000,43000,43000,8,0,63.58,64.74,37.535739,126.843579,16.77,6.37,35.58
강서구,,화곡동,화곡대림,42,416,5,199208,33,68000,70000,70000,9,0,101.31,101.31,37.533749,126.837229,17.26,6.96,35.31
양천구,,목동,양평현대6차,3801,770,9,200012,"21,33",135000,138000,142000,19,0,72.64,72.64,37.531968,126.893816,12.39,2.63,35.95
양천구,,목동,영등포중흥S-클래스,121758,308,2,202103,24,90000,150000,150000,4,0,77.64,83.86,37.523659,126.886616,12.76,3.75,34.91
양천구,,목동,염창한화꿈에그린1차,11565,422,7,200504,"24,33",148500,150000,152000,3,0,85,85,37.548137,126.873331,14.71,3.55,37.33
양천구,,목동,거성파스텔,1216,532,7,199905,"24,33",136000,138000,140000,7,0,80.54,80.54,37.531536,126.891967,12.53,2.78,35.87
양천구,,목동,양평한신,735,1215,10,199604,"24,33",135000,137500,140000,32,0,83.98,83.98,37.540232,126.892087,12.85,2.17,36.81
양천구,,목동,신정아이파크,3447,590,7,200207,"24,33",170000,170000,170000,3,0,86.32,86.32,37.521766,126.871748,14.0,4.82,34.43
양천구,,목동,삼성래미안,729,388,5,199807,"24,33",125000,125000,125000,3,0,76.5,76.5,37.524753,126.882632,13.13,3.89,34.95
양천구,,목동,염창동아3차,870,570,8,199901,"24,33",120000,131000,140000,36,0,78.32,78.49,37.549809,126.877709,14.42,3.16,37.59
양천구,,목동,성원2차,8378,423,4,200012,"24,33",80000,80000,82000,3,0,84.09,84.09,37.542041,126.864416,15.21,4.42,36.53
양천구,,목동,태진한솔,1034,356,5,199410,"24,33",105000,105000,105000,4,0,79.25,79.25,37.549065,126.874302,14.67,3.47,37.45
양천구,,목동,목동롯데캐슬마에스트로,113008,410,6,201904,"24,33",132000,135000,145000,21,0,82.95,83.32,37.545585,126.865927,15.21,4.23,36.94
양천구,,목동,e편한세상염창,115965,499,6,201903,33,168000,180000,190000,13,0,95.15,109.09,37.548676,126.870621,14.95,3.79,37.35
양천구,,목동,현대,688,783,7,199406,33,153000,157000,165000,9,0,101.67,101.67,37.523352,126.894565,12.07,3.38,35.04
양천구,,목동,성원,731,372,2,199307,33,135000,140000,140000,14,0,104,104,37.534337,126.893792,12.48,2.44,36.21
양천구,,목동,우성,3771,332,4,199204,33,171000,180000,186000,60,0,101.77,104.92,37.541319,126.875508,14.26,3.49,36.62
양천구,,목동,목동대원칸타빌,9797,511,6,200306,33,164000,190000,190000,25,0,106.07,108.33,37.531378,126.86717,14.63,4.57,35.4
양천구,,목동,강변힐스테이트,9161,417,7,200506,33,148000,150000,163000,24,0,110.26,110.26,37.551261,126.874077,14.78,3.49,37.69
양천구,,목동,등촌아이파크,13859,1653,29,200401,33,123000,128000,135000,60,0,105.25,105.84,37.544062,126.859983,15.65,4.77,36.69
양천구,,목동,목동롯데캐슬위너,10307,1067,13,200506,33,140000,153000,155000,15,0,107.31,107.43,37.546745,126.867264,15.15,4.1,37.09
양천구,,목동,목동한신청구,661,1512,15,199712,33,208000,223000,250000,96,0,103.22,103.22,37.541612,126.881769,13.75,2.95,36.76
양천구,,목동,목동금호어울림,11926,371,7,200411,33,146000,160000,160000,13,0,106.41,106.79,37.533928,126.868725,14.57,4.33,35.71
양천구,,목동,목동금호베스트빌,3433,495,5,200203,33,107000,107000,107000,1,0,109.9,109.9,37.545411,126.868133,15.02,4.04,36.96
양천구,,신월동,중앙하이츠,44,473,4,198812,"18,21,33",38000,43000,43000,8,0,63.58,64.74,37.535739,126.843579,16.77,6.37,35.58
양천구,,신월동,신안파크,662,485,11,198712,"18,21",30000,33500,35000,18,0,62.79,62.79,37.523518,126.829502,17.7,7.97,34.11
양천구,,신월동,푸른마을2단지,3786,470,5,200101,"21,24",60000,61500,62000,4,0,70.2,70.2,37.513611,126.835426,17.04,7.98,33.06
양천구,,신월동,동문미도,1673,340,6,198910,"21,24",19000,20000,25000,12,0,67.86,74.55,37.525352,126.826419,18.01,8.15,34.29
양천구,,신월동,목동센트럴아이파크위브,117329,3045,35,202005,"24,33",100000,120000,139000,144,0,77.06,85.41,37.516804,126.843516,16.37,7.18,33.49
양천구,,신월동,신안약수,3777,440,5,198512,"24,33",69000,70000,70000,17,0,82.53,82.53,37.516487,126.847507,16.02,6.9,33.5
양천구,,신월동,호반써밋목동,130826,407,7,202212,"24,33",147000,147000,155000,14,0,76.56,76.56,37.51643,126.852912,15.55,6.51,33.56
양천구,,신월동,신정뉴타운롯데캐슬,107728,930,11,201402,"24,33",112000,115000,115000,6,0,79.99,80.34,37.519036,126.847468,16.06,6.75,33.78
양천구,,신월동,래미안목동아델리체,121979,1497,23,202101,"24,33",165000,172500,180000,8,0,83.23,83.66,37.518668,126.851952,15.66,6.44,33.8
양천구,,신월동,신정이펜하우스1단지,102874,466,12,201107,33,85000,85000,85000,1,0,107.79,107.79,37.514855,126.827274,17.77,8.54,33.13
양천구,,신월동,신정이펜하우스2단지,102875,471,20,201104,33,78000,83000,90000,10,0,111.69,112.73,37.515968,126.83048,17.5,8.23,33.28
양천구,,신월동,신정뉴타운두산위브,104360,357,6,201211,33,118000,118000,118000,6,0,110.4,110.4,37.519379,126.845653,16.23,6.87,33.8
양천구,,신월동,화곡대림,42,416,5,199208,33,68000,70000,70000,9,0,101.31,101.31,37.533749,126.837229,17.26,6.96,35.31
양천구,,신월동,푸른마을4단지,9897,390,6,200208,33,85000,89000,103000,14,0,110.08,110.32,37.513297,126.839209,16.71,7.71,33.06
양천구,,신정동,현대2차,711,390,2,198710,18,82000,82000,82000,1,0,59.49,59.49,37.520529,126.882797,13.02,4.23,34.49
양천구,,신정동,신트리1단지,672,997,9,199905,"21,24",84000,90000,91000,23,0,69.43,69.64,37.514022,126.854411,15.38,6.56,33.32
양천구,,신정동,학마을1단지,3784,639,6,200010,"21,24",65000,65000,72000,10,0,69.17,69.17,37.508104,126.844413,16.2,7.66,32.54
양천구,,신정동,서울가든,118,715,5,198907,"21,24,33",59000,59000,59000,1,0,74.97,74.97,37.50274,126.860827,14.72,6.99,32.17
양천구,,신정동,신트리4단지,3444,845,8,200005,"21,24",65000,70000,74000,33,0,66.66,67.41,37.511138,126.850655,15.68,7.01,32.95
양천구,,신정동,고척LIG리가,10312,421,8,200907,"24,33",95000,95000,95000,1,0,82.98,82.98,37.505867,126.861797,14.65,6.68,32.53
양천구,,신정동,목동삼성래미안2차,3440,353,6,200111,"24,33",145000,145000,145000,2,0,82.63,82.63,37.510109,126.868157,14.13,5.95,33.09
양천구,,신정동,한일유앤아이,14020,390,7,200512,"24,33",65000,65000,65000,4,0,78.7,78.7,37.508384,126.851003,15.62,7.18,32.65
양천구,,신정동,목동힐스테이트,108438,1081,15,201605,"24,33",180000,190000,195000,10,0,77.18,77.18,37.520319,126.856168,15.33,6.03,34.03
양천구,,신정동,벽산베스트블루밍,100495,339,6,201012,"24,33",84000,86000,87000,7,0,80.1,80.1,37.504706,126.859134,14.88,6.94,32.36
양천구,,신정동,"신도림대림1,2차(e편한세상)",3354,2298,27,199911,"24,33",125000,132000,146000,70,0,78.42,82.54,37.505825,126.880348,13.02,5.69,32.85
양천구,,신정동,세양청마루,12021,326,7,200607,"24,33",107000,110000,117000,11,0,77.34,77.34,37.507173,126.863678,14.5,6.46,32.7
양천구,,신정동,고척대우,1068,987,13,199902,"24,33",59800,66500,73000,9,0,84.66,84.66,37.502964,126.856017,15.15,7.27,32.12
양천구,,신정동,신도림동아1차,1074,1095,11,199911,"24,33",140000,143500,145000,6,0,80.68,80.68,37.511167,126.882755,12.86,5.08,33.48
양천구,,신정동,목동파크자이,115706,356,8,201902,33,189000,210000,240000,25,0,109.16,109.58,37.509412,126.86874,14.07,5.98,33.03
양천구,,신정동,센츄리,121,391,5,199403,33,60000,67000,70000,35,0,101.11,101.32,37.504238,126.862059,14.62,6.8,32.35
양천구,,신정동,신정현대5차,441,361,5,199911,33,130000,130000,130000,2,0,101.12,101.12,37.512411,126.854594,15.35,6.65,33.14
양천구,,신정동,신도림5차e-편한세상,8714,362,6,200308,33,150000,160000,165000,7,0,107.67,107.67,37.506805,126.880796,12.99,5.58,32.96
양천구,,신정동,청구,910,448,4,199906,33,75000,75000,80000,13,0,107.81,107.81,37.501858,126.863758,14.46,6.9,32.12
양천구,,신정동,목동현대,675,972,6,199707,33,180000,190000,255000,16,0,107.49,107.49,37.520948,126.877598,13.48,4.51,34.44
양천구,,신정동,신트리3단지,3443,537,8,200010,33,110000,123000,139000,70,0,109.87,110.82,37.511963,126.853052,15.48,6.79,33.07
양천구,,신정동,목동삼성,670,420,4,199609,33,145000,150000,150000,13,0,107.82,107.82,37.515964,126.876541,13.48,4.97,33.88
양천구,,신정동,목동우성2차,8742,1140,12,200003,33,125000,135000,140000,78,0,106.16,106.16,37.507451,126.865426,14.35,6.33,32.76
양천구,,신정동,신도림7차e-편한세상,8919,411,6,200406,33,160000,165000,170000,11,0,107.87,107.87,37.508337,126.882684,12.84,5.35,33.17
양천구,,신정동,고척파크푸르지오,25853,662,11,200905,33,130000,140000,140000,3,0,107.5,107.5,37.507589,126.858174,14.98,6.77,32.66
영등포구,,당산동,대우,10169,536,2,199901,18,55000,60500,70000,10,0,61.79,61.79,37.521317,126.892819,12.17,3.65,34.78
영등포구,,당산동,당산센트럴아이파크,121987,802,7,202004,"18,24,33",170000,170000,170000,2,0,65.44,65.44,37.529925,126.903313,11.53,2.38,35.94
영등포구,,당산동,당산현대5차,1210,976,13,200003,"21,33",168000,172500,175000,10,0,74.58,74.98,37.52972,126.90066,11.74,2.5,35.86
영등포구,,당산동,양평현대6차,3801,770,9,200012,"21,33",135000,138000,142000,19,0,72.64,72.64,37.531968,126.893816,12.39,2.63,35.95
영등포구,,당산동,영등포중흥S-클래스,121758,308,2,202103,24,90000,150000,150000,4,0,77.64,83.86,37.523659,126.886616,12.76,3.75,34.91
영등포구,,당산동,한양,687,338,3,198602,24,148000,150000,150000,4,0,88.89,88.89,37.525577,126.900325,11.64,2.93,35.4
영등포구,,당산동,진로,684,461,4,199708,"24,33",130000,132500,135000,2,0,82.8,82.8,37.520755,126.8963,11.86,3.56,34.8
영등포구,,당산동,거성파스텔,1216,532,7,199905,"24,33",136000,138000,140000,7,0,80.54,80.54,37.531536,126.891967,12.53,2.78,35.87
영등포구,,당산동,양평한신,735,1215,10,199604,"24,33",135000,137500,140000,32,0,83.98,83.98,37.540232,126.892087,12.85,2.17,36.81
영등포구,,당산동,당산삼성2차,677,392,4,199709,"24,33",140000,140000,140000,1,0,89.05,89.05,37.528145,126.898409,11.88,2.75,35.64
영등포구,,당산동,영등포삼환,967,520,7,199905,24,143000,145000,150000,58,0,86.64,86.64,37.52962,126.904927,11.38,2.36,35.94
영등포구,,당산동,당산현대3차,691,509,6,198812,"24,33",155000,170000,170000,14,0,80.2,85.4,37.531423,126.896279,12.17,2.54,35.94
영등포구,,당산동,당산푸르지오,8348,538,9,200408,"24,33",163000,163000,169000,13,0,79.78,79.78,37.530298,126.90606,11.31,2.26,36.04
영등포구,,당산동,아크로타워스퀘어,109205,1221,7,201708,"24,33",183000,185000,200000,58,0,82,82.42,37.52383,126.907445,10.98,2.93,35.38
영등포구,,당산동,강변래미안,2982,801,13,200206,"24,33",167000,167000,169000,8,0,81.54,81.54,37.529785,126.908138,11.12,2.27,36.04
영등포구,,당산동,래미안당산1차,676,348,4,199505,"24,33",145000,145000,150000,13,0,80.55,80.55,37.534405,126.905864,11.48,1.83,36.48
영등포구,,당산동,래미안밤섬리베뉴I,104791,429,6,201410,"24,33",199000,199000,199000,11,0,84.69,84.69,37.547162,126.925379,10.55,1.08,38.32
영등포구,,당산동,경남아너스빌,11116,600,8,199811,"24,33",138000,146000,146000,6,0,83.99,83.99,37.524284,126.902753,11.4,2.98,35.32
영등포구,,당산동,당산효성1차,1209,480,6,199912,"24,33",163000,165000,170000,37,0,80.13,80.13,37.530729,126.902037,11.66,2.34,36.0
영등포구,,당산동,현대,688,783,7,199406,33,153000,157000,165000,9,0,101.67,101.67,37.523352,126.894565,12.07,3.38,35.04
영등포구,,당산동,성원,731,372,2,199307,33,135000,140000,140000,14,0,104,104,37.534337,126.893792,12.48,2.44,36.21
영등포구,,당산동,동부센트레빌,2985,468,6,200306,33,175000,175000,175000,4,0,105.39,117.98,37.524464,126.900794,11.57,3.02,35.3
영등포구,,당산동,당산삼성래미안,2981,1391,25,200312,33,210000,215000,235000,22,0,109.99,109.99,37.532316,126.90319,11.62,2.14,36.19
영등포구,,당산동,현대2차,737,312,3,199008,33,150000,160000,170000,11,0,98.24,98.24,37.532258,126.895973,12.22,2.49,36.03
영등포구,,당산동1가,현대2차,711,390,2,198710,18,82000,82000,82000,1,0,59.49,59.49,37.520529,126.882797,13.02,4.23,34.49
영등포구,,당산동1가,문래삼환,3449,382,5,200109,"21,33",102000,102000,102000,1,0,74.43,74.43,37.513694,126.8899,12.27,4.52,33.9
영등포구,,당산동1가,문래두산위브,703,383,3,198811,"24,33",122000,122000,122000,6,0,88.24,88.24,37.517216,126.885968,12.68,4.36,34.2
영등포구,,당산동1가,삼성래미안,729,388,5,199807,"24,33",125000,125000,125000,3,0,76.5,76.5,37.524753,126.882632,13.13,3.89,34.95
영등포구,,당산동1가,신도림동아3차,3210,813,9,200011,"24,33",146000,148000,155000,20,0,81.63,81.63,37.509883,126.884234,12.72,5.13,33.37
영등포구,,당산동1가,신도림동아2차,3209,655,5,200005,"24,33",135000,143000,143000,17,0,85.86,85.86,37.509096,126.885829,12.57,5.14,33.31
영등포구,,당산동1가,문래공원한신,700,367,2,198807,"24,33",127000,132000,137000,8,0,80.24,80.24,37.517623,126.892851,12.09,4.01,34.38
영등포구,,당산동1가,동아에코빌,1211,346,5,200001,"24,33",99000,99500,100000,2,0,84.04,84.04,37.509046,126.898678,11.44,4.71,33.59
영등포구,,당산동1가,영등포푸르지오,3457,2462,31,200205,"24,33",143500,152000,155000,14,0,85.25,85.25,37.511812,126.903536,11.05,4.31,34.0
영등포구,,당산동1가,더샵파크프레스티지,128302,799,9,202211,"24,33",149000,159000,160000,20,0,82.4,82.56,37.507877,126.916681,9.85,4.66,33.93
영등포구,,당산동1가,신길경남,1221,368,5,199906,"24,33",115000,115000,115000,3,0,86.92,86.92,37.515832,126.918318,9.84,3.79,34.81
영등포구,,당산동1가,신도림동아1차,1074,1095,11,199911,"24,33",140000,143500,145000,6,0,80.68,80.68,37.511167,126.882755,12.86,5.08,33.48
영등포구,,당산동1가,영등포아트자이,104960,836,8,201403,"24,33",160000,160000,160000,8,0,79.39,79.39,37.510814,126.899919,11.35,4.49,33.81
영등포구,,당산동1가,베어스타운,707,304,2,199705,33,125000,125000,125000,1,0,105.9,105.9,37.519147,126.885261,12.78,4.22,34.39
영등포구,,당산동1가,대림코오롱,888,481,5,199810,33,130000,135000,140000,7,0,108.44,108.44,37.506716,126.895263,11.72,5.05,33.26
영등포구,,당산동1가,신도림4차e-편한세상,3356,853,15,200305,33,188000,189000,200000,14,0,114.95,114.95,37.511129,126.887359,12.46,4.87,33.57
영등포구,,당산동1가,문래힐스테이트,3450,776,14,200306,33,186000,186000,186000,1,0,111.39,111.39,37.518745,126.890482,12.31,4.0,34.45
영등포구,,당산동1가,신도림5차e-편한세상,8714,362,6,200308,33,150000,160000,165000,7,0,107.67,107.67,37.506805,126.880796,12.99,5.58,32.96
영등포구,,당산동1가,문래자이,3452,1302,18,200111,33,183000,194000,200000,32,0,115.99,115.99,37.516408,126.896862,11.71,3.99,34.34
영등포구,,당산동1가,신도림7차e-편한세상,8919,411,6,200406,33,160000,165000,170000,11,0,107.87,107.87,37.508337,126.882684,12.84,5.35,33.17
영등포구,,당산동2가,목동현대,675,972,6,199707,33,180000,190000,255000,16,0,107.49,107.49,37.520948,126.877598,13.48,4.51,34.44
영등포구,,당산동2가,목동삼성,670,420,4,199609,33,145000,150000,150000,13,0,107.82,107.82,37.515964,126.876541,13.48,4.97,33.88
영등포구,,당산동4가,목동한신청구,661,1512,15,199712,33,208000,223000,250000,96,0,103.22,103.22,37.541612,126.881769,13.75,2.95,36.76
영등포구,,대림동,현대3차,698,1162,7,199710,"18,24,33",70000,70000,70000,1,0,56.68,56.68,37.505644,126.895313,11.7,5.16,33.15
영등포구,,대림동,한신휴플러스,18913,498,7,200705,21,75000,75000,75000,1,0,66.12,66.12,37.488697,126.890587,12.13,7.08,31.22
영등포구,,대림동,신동아,693,591,4,198701,"21,33",60000,60000,60000,1,0,73.17,73.17,37.496945,126.894819,11.71,6.1,32.2
영등포구,,대림동,극동,130,493,4,198412,"21,24,33",44000,46000,50000,23,0,68.24,72.06,37.490902,126.889401,12.22,6.88,31.43
영등포구,,대림동,우성1차,694,435,4,198511,"21,24,33",68000,68000,68000,1,0,70.95,70.95,37.496461,126.900888,11.18,6.03,32.3
영등포구,,대림동,래미안에스티움,109434,1722,19,201704,"21,24,33",140000,140000,145000,31,0,72.41,72.41,37.501038,126.91371,10.05,5.41,33.12
영등포구,,대림동,신길우성3차,722,477,5,198904,"21,33",106000,106000,115000,5,0,72.72,72.72,37.49696,126.909079,10.46,5.88,32.56
영등포구,,대림동,구로두산,912,1285,10,199811,"21,33",58000,58000,65000,16,0,66.66,75.5,37.489379,126.889378,12.23,7.04,31.27
영등포구,,대림동,삼성래미안,8073,1244,16,200405,"21,24,33",92500,92500,92500,9,0,74.84,74.84,37.487655,126.891925,12.02,7.16,31.14
영등포구,,대림동,보라매롯데낙천대,3386,734,7,200308,"21,33",123000,125000,130000,12,0,74.93,74.93,37.494631,126.913501,10.07,6.12,32.44
영등포구,,대림동,럭키,133,427,2,199206,"21,24,33",70000,70000,70000,1,0,75.66,75.66,37.49216,126.893838,11.82,6.63,31.67
영등포구,,대림동,힐스테이트뉴포레,148337,1143,7,202208,"21,24,33",113500,113500,115000,7,0,66.6,66.6,37.484267,126.90515,10.91,7.31,31.11
영등포구,,대림동,신길파크자이,121788,641,6,202202,"24,33",175000,175000,180000,24,0,80.66,82.16,37.503064,126.913481,10.08,5.19,33.33
영등포구,,대림동,현대(74-30),129,397,3,198806,"24,33",55000,56000,60000,4,0,76.52,83.08,37.496233,126.892952,11.88,6.22,32.08
영등포구,,대림동,신도림태영타운,3204,1252,13,200012,"24,33",135000,135000,137000,8,0,81.1,81.1,37.506025,126.888815,12.28,5.33,33.05
영등포구,,대림동,신도림롯데,132,718,11,199911,"24,33",110000,110000,110000,2,0,80.96,81.27,37.50347,126.884476,12.64,5.75,32.68
영등포구,,대림동,이화우성,136,497,5,199807,"24,33",66000,68000,72000,4,0,85.69,85.69,37.489954,126.893983,11.82,6.87,31.44
영등포구,,대림동,신길센트럴자이,117792,1008,12,202104,"24,33",170000,180000,185000,76,0,79.59,85.93,37.503154,126.907623,10.6,5.2,33.18
영등포구,,대림동,래미안프레비뉴,107424,949,12,201512,"24,33",165000,165000,172000,23,0,82.92,82.92,37.504875,126.907791,10.6,5.01,33.37
영등포구,,대림동,삼환,719,1174,11,199705,"24,33",128000,130000,130000,7,0,81.16,81.16,37.507299,126.919267,9.61,4.74,33.94
영등포구,,대림동,힐스테이트클래시안,119377,1476,14,202012,"24,33",170000,175000,185000,101,0,85.08,85.19,37.503994,126.911785,10.24,5.08,33.38
영등포구,,대림동,e편한세상영등포아델포레,120522,859,13,202007,"24,33",143400,160000,160000,18,0,82.72,85.51,37.494656,126.907599,10.59,6.14,32.28
영등포구,,대림동,우성1차,391,1335,16,198809,"24,33",123000,133000,140000,47,0,84.4,84.4,37.49209,126.911547,10.26,6.41,32.12
영등포구,,대림동,보라매경남아너스빌,12473,669,9,200508,"24,33",129000,129000,129000,31,0,78.82,78.82,37.495089,126.910362,10.35,6.08,32.4
영등포구,,대림동,구로두산위브,18914,660,9,200607,24,75000,75000,75000,1,0,77.08,77.08,37.486514,126.890371,12.17,7.32,30.98
영등포구,,대림동,보라매SK뷰,117254,1546,18,202001,"24,33",180000,185000,185000,23,0,83.73,83.73,37.50361,126.918573,9.64,5.14,33.53
영등포구,,대림동,동작상떼빌,13311,545,4,200608,33,118000,120000,160000,62,0,106.47,106.47,37.4877,126.906731,10.72,6.92,31.52
영등포구,,대림동,현대,396,880,6,199602,33,128000,135000,140000,29,0,107.25,107.25,37.494777,126.911757,10.23,6.11,32.41
영등포구,,대림동,삼성래미안,3793,1213,13,200106,33,123500,133000,140000,12,0,108.06,108.06,37.505743,126.91521,9.95,4.89,33.66
영등포구,,대림동,현대1차,695,476,3,199204,33,90000,90000,90000,3,0,103.83,103.83,37.502172,126.894991,11.71,5.53,32.77
영등포구,,대림동,신길센트럴아이파크,115547,612,6,201902,33,175000,175000,190000,12,0,114.06,115.39,37.504421,126.904254,10.91,5.1,33.23
영등포구,,대림동,경남,3385,427,5,200302,33,108000,114000,135000,9,0,97.13,97.13,37.489503,126.908441,10.55,6.71,31.76
영등포구,,대림동,한성,726,420,5,199707,33,140000,140000,140000,11,0,109.48,109.48,37.50482,126.919155,9.6,5.01,33.67
영등포구,,대림동,구로현대,125,591,5,199205,33,83000,85000,86000,5,0,98.14,114.75,37.488513,126.895983,11.66,6.98,31.33
영등포구,,대림동,신도림현대,9937,450,3,199401,33,100000,120000,125000,18,0,95.93,95.93,37.504962,126.886026,12.51,5.54,32.87
영등포구,,대림동,신림신도브래뉴,3333,304,4,200304,33,94000,95000,96000,24,0,103.05,106.07,37.483885,126.91092,10.41,7.32,31.23
영등포구,,도림동,구로중앙하이츠(1269),10663,597,5,200109,"24,33",75000,75000,75000,1,0,85.07,85.07,37.49902,126.880799,12.95,6.33,32.12
영등포구,,도림동,"신도림대림1,2차(e편한세상)",3354,2298,27,199911,"24,33",125000,132000,146000,70,0,78.42,82.54,37.505825,126.880348,13.02,5.69,32.85
영등포구,,문래동4가,신정아이파크,3447,590,7,200207,"24,33",170000,170000,170000,3,0,86.32,86.32,37.521766,126.871748,14.0,4.82,34.43
영등포구,,문래동5가,목동삼성래미안2차,3440,353,6,200111,"24,33",145000,145000,145000,2,0,82.63,82.63,37.510109,126.868157,14.13,5.95,33.09
영등포구,,문래동5가,동아한신,1067,355,4,200004,"24,33",64000,67000,68000,8,0,82.16,82.24,37.501107,126.865319,14.32,6.88,32.06
영등포구,,문래동5가,목동파크자이,115706,356,8,201902,33,189000,210000,240000,25,0,109.16,109.58,37.509412,126.86874,14.07,5.98,33.03
영등포구,,문래동5가,목동우성2차,8742,1140,12,200003,33,125000,135000,140000,78,0,106.16,106.16,37.507451,126.865426,14.35,6.33,32.76
영등포구,,문래동6가,목동대원칸타빌,9797,511,6,200306,33,164000,190000,190000,25,0,106.07,108.33,37.531378,126.86717,14.63,4.57,35.4
영등포구,,문래동6가,목동금호어울림,11926,371,7,200411,33,146000,160000,160000,13,0,106.41,106.79,37.533928,126.868725,14.57,4.33,35.71
영등포구,,신길동,대방주공2단지,7960,798,10,199504,"21,24",125000,133000,135000,14,0,71.23,71.23,37.509563,126.92947,8.75,4.68,34.47
영등포구,,신길동,쌍용스윗닷홈,8872,389,6,200311,"24,33",135000,135000,147000,4,0,80.33,80.33,37.501929,126.931231,8.51,5.53,33.73
영등포구,,신길동,보라매 e-편한세상,27576,386,5,201007,"24,33",148000,148000,148000,1,0,85.22,85.22,37.495534,126.928461,8.75,6.16,32.97
영등포구,,신길동,대방대림,364,1628,14,199311,"24,33",145000,155000,158000,9,0,84.47,84.47,37.50752,126.924726,9.14,4.79,34.12
영등포구,,신길동,보라매자이더포레스트,123898,959,8,202110,"24,33",162000,173000,175000,16,0,84.13,85.25,37.498589,126.926232,8.94,5.79,33.22
영등포구,,신길동,보라매삼성,48,710,8,199604,33,105000,111000,122000,26,0,104.71,104.78,37.494315,126.928184,8.78,6.29,32.84
영등포구,,신길동,대방현대1차,368,514,5,199408,33,150000,150000,150000,2,0,97.86,97.86,37.513057,126.93069,8.71,4.34,34.87
영등포구,,신길동,성원,3561,487,3,199401,33,145000,160000,180000,22,0,103.08,103.08,37.509501,126.925603,9.09,4.59,34.35
영등포구,,신길동,대방e-편한세상1차,3381,609,7,200306,33,172000,177000,180000,12,0,105.83,105.83,37.511976,126.929266,8.81,4.42,34.72
영등포구,,양평동,목동롯데캐슬마에스트로,113008,410,6,201904,"24,33",132000,135000,145000,21,0,82.95,83.32,37.545585,126.865927,15.21,4.23,36.94
영등포구,,양평동,우성,3771,332,4,199204,33,171000,180000,186000,60,0,101.77,104.92,37.541319,126.875508,14.26,3.49,36.62
영등포구,,양평동,목동롯데캐슬위너,10307,1067,13,200506,33,140000,153000,155000,15,0,107.31,107.43,37.546745,126.867264,15.15,4.1,37.09
영등포구,,양평동,목동금호베스트빌,3433,495,5,200203,33,107000,107000,107000,1,0,109.9,109.9,37.545411,126.868133,15.02,4.04,36.96
영등포구,,양평동4가,염창동아3차,870,570,8,199901,"24,33",120000,131000,140000,36,0,78.32,78.49,37.549809,126.877709,14.42,3.16,37.59
영등포구,,양평동5가,염창한화꿈에그린1차,11565,422,7,200504,"24,33",148500,150000,152000,3,0,85,85,37.548137,126.873331,14.71,3.55,37.33
영등포구,,양평동5가,마포한강아이파크,115201,385,6,201908,"24,33",150000,160000,170000,4,0,76.96,77.41,37.55269,126.90306,12.56,0.99,38.38
영등포구,,양평동5가,태진한솔,1034,356,5,199410,"24,33",105000,105000,105000,4,0,79.25,79.25,37.549065,126.874302,14.67,3.47,37.45
영등포구,,양평동5가,현대1차,1035,498,5,199404,33,130000,130000,140000,13,0,101.89,102.77,37.553298,126.875447,14.76,3.39,37.93
영등포구,,양평동5가,강변힐스테이트,9161,417,7,200506,33,148000,150000,163000,24,0,110.26,110.26,37.551261,126.874077,14.78,3.49,37.69
영등포구,,양평동6가,염창동아1차,869,778,5,199806,"24,33",105000,107250,110000,6,0,85.4,85.4,37.554818,126.872846,15.04,3.64,38.06
영등포구,,양평동6가,e편한세상염창,115965,499,6,201903,33,168000,180000,190000,13,0,95.15,109.09,37.548676,126.870621,14.95,3.79,37.35
영등포구,,양평동6가,염창우성1차,38,339,4,199011,33,120000,136000,145000,3,0,101.75,104.58,37.556405,126.871124,15.26,3.82,38.21
영등포구,,양화동,신동아,37,348,3,199512,"24,33",102000,102500,103000,2,0,80.29,80.29,37.55526,126.869184,15.36,3.96,38.05
영등포구,,양화동,삼성관음,34,350,3,199708,33,115000,125000,125000,7,0,108.63,108.63,37.552728,126.869165,15.24,3.93,37.77
영등포구,,여의도동,리버힐삼성,3803,1102,14,200101,"21,33",151000,158500,165000,14,0,75.06,75.61,37.534791,126.950404,7.95,3.64,37.74
영등포구,,여의도동,삼성래미안,9311,477,6,200410,"24,33",157000,157000,157000,1,0,79.28,79.28,37.50991,126.95004,6.97,5.47,35.16
영등포구,,여의도동,신동아리버파크,3280,1696,7,200102,"24,33",141000,141000,160000,25,0,85.02,85.02,37.507853,126.944741,7.39,5.4,34.77
영등포구,,여의도동,우성,362,901,7,199712,"24,33",148000,148000,148000,3,0,83.79,83.79,37.509782,126.947813,7.16,5.37,35.07
영등포구,,여의도동,강변삼성스위트,1222,300,3,199912,"24,33",173000,175000,175000,8,0,79.82,80.32,37.534044,126.948536,8.05,3.54,37.61
영등포구,,여의도동,삼부,745,866,10,197512,24,300000,308000,370000,48,0,89.25,89.25,37.52456,126.931869,8.95,3.23,36.11
영등포구,,여의도동,래미안트윈파크,100694,523,5,201111,"24,33",199000,210000,260000,24,0,80.24,80.99,37.51414,126.950467,7.04,5.12,35.61
영등포구,,여의도동,유원강변,933,306,5,200008,33,173000,180000,200000,19,0,103.73,108.32,37.515109,126.951019,7.02,5.07,35.73
영등포구,,여의도동,건영,100235,1376,8,199709,33,152000,155000,155000,8,0,109.02,109.02,37.507801,126.94999,6.93,5.66,34.94
구로구,,가리봉동,구로한신1차,143,488,2,198812,18,52000,52000,52000,1,0,60.46,60.46,37.496403,126.873725,13.58,6.89,31.7
구로구,,가리봉동,한신휴플러스,18913,498,7,200705,21,75000,75000,75000,1,0,66.12,66.12,37.488697,126.890587,12.13,7.08,31.22
구로구,,가리봉동,신동아,693,591,4,198701,"21,33",60000,60000,60000,1,0,73.17,73.17,37.496945,126.894819,11.71,6.1,32.2
구로구,,가리봉동,극동,130,493,4,198412,"21,24,33",44000,46000,50000,23,0,68.24,72.06,37.490902,126.889401,12.22,6.88,31.43
구로구,,가리봉동,우성(KBS우성),1606,900,9,199001,"21,33",65000,67000,68000,7,0,72.5,72.5,37.48887,126.8685,14.07,7.85,30.78
구로구,,가리봉동,우성1차,694,435,4,198511,"21,24,33",68000,68000,68000,1,0,70.95,70.95,37.496461,126.900888,11.18,6.03,32.3
구로구,,가리봉동,구로두산,912,1285,10,199811,"21,33",58000,58000,65000,16,0,66.66,75.5,37.489379,126.889378,12.23,7.04,31.27
구로구,,가리봉동,삼성래미안,8073,1244,16,200405,"21,24,33",92500,92500,92500,9,0,74.84,74.84,37.487655,126.891925,12.02,7.16,31.14
구로구,,가리봉동,철산리버빌주공,8186,401,4,200110,"21,33",55000,55000,55000,1,0,74.27,74.27,37.494232,126.868137,14.07,7.36,31.36
구로구,,가리봉동,럭키,133,427,2,199206,"21,24,33",70000,70000,70000,1,0,75.66,75.66,37.49216,126.893838,11.82,6.63,31.67
구로구,,가리봉동,힐스테이트뉴포레,148337,1143,7,202208,"21,24,33",113500,113500,115000,7,0,66.6,66.6,37.484267,126.90515,10.91,7.31,31.11
구로구,,가리봉동,현대(74-30),129,397,3,198806,"24,33",55000,56000,60000,4,0,76.52,83.08,37.496233,126.892952,11.88,6.22,32.08
구로구,,가리봉동,이화우성,136,497,5,199807,"24,33",66000,68000,72000,4,0,85.69,85.69,37.489954,126.893983,11.82,6.87,31.44
구로구,,가리봉동,광명두산위브트레지움,25784,1248,9,200911,"24,33",110000,117000,125000,34,0,82.71,85.69,37.469729,126.872429,14.05,9.61,28.78
구로구,,가리봉동,쌍마한신,1605,384,3,199210,"24,33",80000,80000,80000,1,0,85.64,85.64,37.47723,126.86803,14.27,9.01,29.51
구로구,,가리봉동,신도브래뉴,8646,341,3,200210,"24,33",59000,59000,60000,4,0,79.08,79.08,37.477289,126.900174,11.47,8.14,30.24
구로구,,가리봉동,철산자이더헤리티지,154299,3804,23,202505,"24,33",158000,160000,205000,30,0,85.09,85.55,37.482863,126.869092,14.08,8.4,30.14
구로구,,가리봉동,두산위브,159,1495,18,199803,"24,33",70000,73000,75000,12,0,81.73,81.73,37.47526,126.892301,12.2,8.49,29.82
구로구,,가리봉동,철산래미안자이,25902,2072,17,200911,"24,33",123000,125000,127000,38,0,82.47,84.2,37.471957,126.874532,13.81,9.31,29.07
구로구,,가리봉동,e편한세상영등포아델포레,120522,859,13,202007,"24,33",143400,160000,160000,18,0,82.72,85.51,37.494656,126.907599,10.59,6.14,32.28
구로구,,가리봉동,구일우성,140,829,10,199805,"24,33",58000,60000,60000,3,0,82.41,82.41,37.490255,126.877243,13.29,7.35,31.1
구로구,,가리봉동,철산푸르지오하늘채,25901,1264,12,201002,"24,33",120000,120000,122000,15,0,80.91,80.91,37.472757,126.868732,14.29,9.43,29.04
구로구,,가리봉동,구로두산위브,18914,660,9,200607,24,75000,75000,75000,1,0,77.08,77.08,37.486514,126.890371,12.17,7.32,30.98
구로구,,가리봉동,철산자이브리에르,163557,1490,14,202601,"24,33",140000,140000,150000,7,0,81.3,81.3,37.485553,126.868552,14.1,8.16,30.42
구로구,,가리봉동,동작상떼빌,13311,545,4,200608,33,118000,120000,160000,62,0,106.47,106.47,37.4877,126.906731,10.72,6.92,31.52
구로구,,가리봉동,현대연예인,147,735,6,198908,33,85000,85000,85000,1,0,102.76,102.76,37.492742,126.87724,13.28,7.1,31.37
구로구,,가리봉동,구로현대,125,591,5,199205,33,83000,85000,86000,5,0,98.14,114.75,37.488513,126.895983,11.66,6.98,31.33
구로구,,가리봉동,철산한신,1621,1568,12,199211,33,90000,97500,111000,66,0,112.03,112.03,37.472426,126.876538,13.63,9.19,29.16
구로구,,가리봉동,한일유앤아이,17418,454,8,200606,33,72000,75000,85000,27,0,106,106,37.486298,126.876047,13.43,7.79,30.65
구로구,,가리봉동,중앙구로하이츠(685-124),141,579,6,198711,33,81000,84000,84000,28,0,101.99,101.99,37.497109,126.875931,13.38,6.73,31.82
구로구,,개봉동,트리우스광명,169598,3344,26,202412,"18,24,33",60000,68000,68070,70,0,56.25,56.25,37.486354,126.860526,14.8,8.46,30.37
구로구,,개봉동,광명센트럴아이파크,163177,1957,11,202511,"18,21,24,33",65000,65000,68000,6,0,61.8,61.8,37.482754,126.857974,15.06,8.92,29.94
구로구,,개봉동,학마을1단지,3784,639,6,200010,"21,24",65000,65000,72000,10,0,69.17,69.17,37.508104,126.844413,16.2,7.66,32.54
구로구,,개봉동,서울가든,118,715,5,198907,"21,24,33",59000,59000,59000,1,0,74.97,74.97,37.50274,126.860827,14.72,6.99,32.17
구로구,,개봉동,고척LIG리가,10312,421,8,200907,"24,33",95000,95000,95000,1,0,82.98,82.98,37.505867,126.861797,14.65,6.68,32.53
구로구,,개봉동,현대홈타운2단지,3350,964,11,200108,"24,33",92000,93000,93000,20,0,82.81,82.81,37.491878,126.861342,14.68,7.91,30.99
구로구,,개봉동,영화,3192,372,2,199809,"24,33",78000,78000,78000,1,0,85.86,85.86,37.496169,126.859671,14.82,7.62,31.43
구로구,,개봉동,우성현대,1063,440,4,198711,"24,33",65000,65000,65000,1,0,78.39,78.39,37.498856,126.862639,14.55,7.22,31.77
구로구,,개봉동,개봉아이파크,17538,684,11,200606,"24,33",98500,98500,98500,16,0,80.54,80.54,37.489991,126.859935,14.82,8.15,30.76
구로구,,개봉동,천왕연지타운1단지,107065,571,11,201312,"24,33",71000,71000,71000,1,0,84.67,84.67,37.486564,126.840188,16.58,9.55,30.12
구로구,,개봉동,동아한신,1067,355,4,200004,"24,33",64000,67000,68000,8,0,82.16,82.24,37.501107,126.865319,14.32,6.88,32.06
구로구,,개봉동,한일유앤아이,14020,390,7,200512,"24,33",65000,65000,65000,4,0,78.7,78.7,37.508384,126.851003,15.62,7.18,32.65
구로구,,개봉동,동부골든,1076,1236,10,199812,"24,33",46000,53000,53000,12,0,81.41,81.41,37.499391,126.83982,16.57,8.58,31.53
구로구,,개봉동,영풍마드레빌,3357,627,12,200207,"24,33",69000,69000,72000,5,0,85.28,85.28,37.491577,126.838753,16.68,9.24,30.66
구로구,,개봉동,신정현대6차,3783,703,7,200010,"24,33",80000,80000,80000,10,0,83.29,83.29,37.508323,126.841989,16.41,7.81,32.54
구로구,,개봉동,벽산베스트블루밍,100495,339,6,201012,"24,33",84000,86000,87000,7,0,80.1,80.1,37.504706,126.859134,14.88,6.94,32.36
구로구,,개봉동,삼호,114,369,2,199612,"24,33",75000,75000,75000,2,0,79.05,79.05,37.494396,126.857097,15.05,7.92,31.2
구로구,,개봉동,한마을,106,1983,26,199904,"24,33",94000,95000,95000,25,0,80.22,80.22,37.49533,126.862308,14.59,7.55,31.38
구로구,,개봉동,광명자이더샵포레나,160917,3585,28,202512,"24,33",105000,105000,120000,24,0,82.68,83.42,37.488046,126.86366,14.51,8.15,30.61
구로구,,개봉동,광복현대,1604,841,7,199802,"24,33",54000,60000,72000,7,0,84.73,84.73,37.490436,126.866905,14.2,7.77,30.93
구로구,,개봉동,삼천리,155,423,4,199811,"24,33",65000,68000,70000,11,0,77.54,77.54,37.492676,126.839573,16.6,9.1,30.79
구로구,,개봉동,철산역 롯데캐슬&SK VIEW 클래스티지,127424,1313,13,202203,"24,33",142000,142000,149000,34,0,82.74,83.81,37.479829,126.866577,14.35,8.81,29.77
구로구,,개봉동,세양청마루,12021,326,7,200607,"24,33",107000,110000,117000,11,0,77.34,77.34,37.507173,126.863678,14.5,6.46,32.7
구로구,,개봉동,천왕이펜하우스1단지,102850,314,6,201110,"24,33",71000,71000,71000,4,0,85.98,85.98,37.48615,126.837347,16.84,9.76,30.04
구로구,,개봉동,고척대우,1068,987,13,199902,"24,33",59800,66500,73000,9,0,84.66,84.66,37.502964,126.856017,15.15,7.27,32.12
구로구,,개봉동,개봉한진타운,1062,1371,13,200001,"24,33",63000,63000,63000,7,0,88.78,88.78,37.484955,126.851689,15.59,9.04,30.09
구로구,,개봉동,천왕이펜하우스2단지,102851,526,9,201106,33,102000,102000,102000,1,0,111.75,111.75,37.484836,126.839536,16.66,9.73,29.92
구로구,,개봉동,현대,3349,2412,31,200108,33,97000,105000,109000,80,0,109.78,109.78,37.492453,126.85836,14.94,8.02,31.01
구로구,,개봉동,두산,113,561,2,199709,33,75000,75000,75000,14,0,104.62,104.62,37.495176,126.852901,15.42,8.09,31.23
구로구,,개봉동,삼환로즈빌,10309,600,7,200412,33,107000,107000,115000,6,0,107.41,107.41,37.498074,126.857256,15.03,7.59,31.61
구로구,,개봉동,천왕이펜하우스4단지,103269,478,11,201108,33,71500,80000,80000,10,0,112.05,112.05,37.480188,126.838734,16.78,10.17,29.4
구로구,,개봉동,천왕이펜하우스3단지,102852,1044,13,201110,33,80000,83000,85000,8,0,114.43,114.43,37.482778,126.840032,16.63,9.87,29.7
구로구,,개봉동,센츄리,121,391,5,199403,33,60000,67000,70000,35,0,101.11,101.32,37.504238,126.862059,14.62,6.8,32.35
구로구,,개봉동,청구,910,448,4,199906,33,75000,75000,80000,13,0,107.81,107.81,37.501858,126.863758,14.46,6.9,32.12
구로구,,개봉동,천왕이펜하우스5단지,102853,522,8,201107,33,67500,71250,75000,6,0,110.59,110.59,37.48044,126.841863,16.5,9.97,29.46
구로구,,개봉동,호반써밋개봉,170819,317,3,202412,33,119000,122500,139000,10,0,114.31,117.97,37.499653,126.846687,15.96,8.11,31.64
구로구,,개봉동,오류푸르지오,9046,378,6,200404,33,85000,85000,85000,8,0,105.88,105.88,37.492041,126.841901,16.4,9.0,30.74
구로구,,개봉동,광명롯데낙천대,10151,442,6,200502,33,78000,82500,85000,17,0,103.68,108.19,37.491477,126.867398,14.15,7.65,31.05
구로구,,개봉동,벽산블루밍,3351,886,11,200303,33,112000,120000,120000,10,0,110.77,110.77,37.495668,126.864723,14.37,7.39,31.46
구로구,,개봉동,목동우성2차,8742,1140,12,200003,33,125000,135000,140000,78,0,106.16,106.16,37.507451,126.865426,14.35,6.33,32.76
구로구,,개봉동,두산위브,20490,900,15,200703,33,95000,97000,107000,24,0,111.24,111.24,37.488965,126.865683,14.32,7.97,30.75
구로구,,개봉동,개봉푸르지오,104934,978,10,201405,33,98000,98000,98000,4,0,110.44,110.98,37.500804,126.847986,15.85,7.94,31.78
구로구,,개봉동,고척파크푸르지오,25853,662,11,200905,33,130000,140000,140000,3,0,107.5,107.5,37.507589,126.858174,14.98,6.77,32.66
구로구,,개봉동,천왕연지타운2단지,107066,1018,16,201401,33,73000,77000,84000,18,0,112.22,113.39,37.483212,126.844762,16.21,9.57,29.8
구로구,,고척동,신트리1단지,672,997,9,199905,"21,24",84000,90000,91000,23,0,69.43,69.64,37.514022,126.854411,15.38,6.56,33.32
구로구,,고척동,신트리4단지,3444,845,8,200005,"21,24",65000,70000,74000,33,0,66.66,67.41,37.511138,126.850655,15.68,7.01,32.95
구로구,,고척동,목동센트럴아이파크위브,117329,3045,35,202005,"24,33",100000,120000,139000,146,0,77.06,85.41,37.516804,126.843516,16.37,7.18,33.49
구로구,,고척동,목동삼성래미안2차,3440,353,6,200111,"24,33",145000,145000,145000,2,0,82.63,82.63,37.510109,126.868157,14.13,5.95,33.09
구로구,,고척동,신안약수,3777,440,5,198512,"24,33",69000,70000,70000,17,0,82.53,82.53,37.516487,126.847507,16.02,6.9,33.5
구로구,,고척동,호반써밋목동,130826,407,7,202212,"24,33",147000,147000,155000,14,0,76.56,76.56,37.51643,126.852912,15.55,6.51,33.56
구로구,,고척동,동일하이빌2단지,17469,532,6,200510,33,115000,120000,120000,16,0,111.22,111.22,37.510865,126.840264,16.59,7.78,32.8
구로구,,고척동,목동파크자이,115706,356,8,201902,33,189000,210000,240000,25,0,109.16,109.58,37.509412,126.86874,14.07,5.98,33.03
구로구,,고척동,신정현대5차,441,361,5,199911,33,130000,130000,130000,2,0,101.12,101.12,37.512411,126.854594,15.35,6.65,33.14
구로구,,고척동,신트리3단지,3443,537,8,200010,33,110000,123000,139000,70,0,109.87,110.82,37.511963,126.853052,15.48,6.79,33.07
구로구,,고척동,목동삼성,670,420,4,199609,33,145000,150000,150000,13,0,107.82,107.82,37.515964,126.876541,13.48,4.97,33.88
구로구,,고척동,신정e-편한세상,8759,391,6,200401,33,98000,105000,105000,22,0,109.44,109.44,37.512768,126.843153,16.35,7.45,33.04
구로구,,구로동,현대3차,698,1162,7,199710,"18,24,33",70000,70000,70000,1,0,56.68,56.68,37.505644,126.895313,11.7,5.16,33.15
구로구,,구로동,신도림태영타운,3204,1252,13,200012,"24,33",135000,135000,137000,8,0,81.1,81.1,37.506025,126.888815,12.28,5.33,33.05
구로구,,구로동,신도림롯데,132,718,11,199911,"24,33",110000,110000,110000,2,0,80.96,81.27,37.50347,126.884476,12.64,5.75,32.68
구로구,,구로동,구로중앙하이츠(1269),10663,597,5,200109,"24,33",75000,75000,75000,1,0,85.07,85.07,37.49902,126.880799,12.95,6.33,32.12
구로구,,구로동,"신도림대림1,2차(e편한세상)",3354,2298,27,199911,"24,33",125000,132000,146000,70,0,78.42,82.54,37.505825,126.880348,13.02,5.69,32.85
구로구,,구로동,현대1차,695,476,3,199204,33,90000,90000,90000,3,0,103.83,103.83,37.502172,126.894991,11.71,5.53,32.77
구로구,,구로동,대림코오롱,888,481,5,199810,33,130000,135000,140000,7,0,108.44,108.44,37.506716,126.895263,11.72,5.05,33.26
구로구,,구로동,신도림5차e-편한세상,8714,362,6,200308,33,150000,160000,165000,7,0,107.67,107.67,37.506805,126.880796,12.99,5.58,32.96
구로구,,구로동,신도림현대,9937,450,3,199401,33,100000,120000,125000,18,0,95.93,95.93,37.504962,126.886026,12.51,5.54,32.87
구로구,,구로동,신도림7차e-편한세상,8919,411,6,200406,33,160000,165000,170000,11,0,107.87,107.87,37.508337,126.882684,12.84,5.35,33.17
구로구,,궁동,일두맨션,1718,315,9,198308,"18,21,24",26000,30000,36500,10,0,57.75,57.75,37.486203,126.809404,19.29,11.59,29.86
구로구,,궁동,서울가든,15805,339,15,198712,21,53000,53000,53000,3,0,68.16,68.16,37.492529,126.831117,17.34,9.66,30.69
구로구,,궁동,푸른마을2단지,3786,470,5,200101,"21,24",60000,61500,62000,4,0,70.2,70.2,37.513611,126.835426,17.04,7.98,33.06
구로구,,궁동,금강수목원,9629,620,22,200309,"24,33",69000,77000,85000,20,0,81.54,81.54,37.488297,126.832348,17.26,9.9,30.23
구로구,,궁동,한국,1719,497,2,199611,"24,33",32000,37000,40000,20,0,83.33,83.33,37.493092,126.813467,18.9,10.84,30.64
구로구,,궁동,e편한세상온수역,120265,921,8,202004,"24,33",84000,90000,90000,4,0,82.93,83.11,37.489098,126.821258,18.23,10.57,30.24
구로구,,궁동,푸른마을3단지,3787,440,6,200101,24,66000,67000,68000,24,0,82.17,82.28,37.512033,126.837181,16.87,7.93,32.9
구로구,,궁동,부천동부센트레빌3단지,19415,432,5,200607,"24,33",48000,50000,52000,4,0,79.35,79.56,37.491618,126.812021,19.03,11.04,30.47
구로구,,궁동,신정이펜하우스1단지,102874,466,12,201107,33,85000,85000,85000,1,0,107.79,107.79,37.514855,126.827274,17.77,8.54,33.13
구로구,,궁동,신정이펜하우스3단지,102876,1339,22,201106,33,85000,85000,85000,4,0,116.37,116.37,37.512905,126.830539,17.46,8.39,32.94
구로구,,궁동,역곡역e편한세상,102622,445,8,201108,33,76000,80000,85000,29,0,111.52,111.52,37.486988,126.809437,19.29,11.53,29.95
구로구,,궁동,신정이펜하우스4단지,102877,546,12,201106,33,81000,85000,88000,21,0,110.47,111.39,37.510609,126.829783,17.51,8.57,32.68
구로구,,궁동,온수힐스테이트,26639,999,18,201002,33,81000,85000,100000,12,0,112.73,112.82,37.497141,126.82098,18.23,10.04,31.13
구로구,,궁동,푸른마을4단지,9897,390,6,200208,33,85000,89000,103000,14,0,110.08,110.32,37.513297,126.839209,16.71,7.71,33.06
구로구,,신도림동,대우,10169,536,2,199901,18,55000,60500,70000,10,0,61.79,61.79,37.521317,126.892819,12.17,3.65,34.78
구로구,,신도림동,현대2차,711,390,2,198710,18,82000,82000,82000,1,0,59.49,59.49,37.520529,126.882797,13.02,4.23,34.49
구로구,,신도림동,문래삼환,3449,382,5,200109,"21,33",102000,102000,102000,1,0,74.43,74.43,37.513694,126.8899,12.27,4.52,33.9
구로구,,신도림동,진로,684,461,4,199708,"24,33",130000,132500,135000,2,0,82.8,82.8,37.520755,126.8963,11.86,3.56,34.8
구로구,,신도림동,문래두산위브,703,383,3,198811,"24,33",122000,122000,122000,6,0,88.24,88.24,37.517216,126.885968,12.68,4.36,34.2
구로구,,신도림동,신정아이파크,3447,590,7,200207,"24,33",170000,170000,170000,3,0,86.32,86.32,37.521766,126.871748,14.0,4.82,34.43
구로구,,신도림동,신도림동아3차,3210,813,9,200011,"24,33",146000,148000,155000,20,0,81.63,81.63,37.509883,126.884234,12.72,5.13,33.37
구로구,,신도림동,신도림동아2차,3209,655,5,200005,"24,33",135000,143000,143000,17,0,85.86,85.86,37.509096,126.885829,12.57,5.14,33.31
구로구,,신도림동,문래공원한신,700,367,2,198807,"24,33",127000,132000,137000,8,0,80.24,80.24,37.517623,126.892851,12.09,4.01,34.38
구로구,,신도림동,동아에코빌,1211,346,5,200001,"24,33",99000,99500,100000,2,0,84.04,84.04,37.509046,126.898678,11.44,4.71,33.59
구로구,,신도림동,신도림동아1차,1074,1095,11,199911,"24,33",140000,143500,145000,6,0,80.68,80.68,37.511167,126.882755,12.86,5.08,33.48
구로구,,신도림동,영등포아트자이,104960,836,8,201403,"24,33",160000,160000,160000,8,0,79.39,79.39,37.510814,126.899919,11.35,4.49,33.81
구로구,,신도림동,베어스타운,707,304,2,199705,33,125000,125000,125000,1,0,105.9,105.9,37.519147,126.885261,12.78,4.22,34.39
구로구,,신도림동,신도림4차e-편한세상,3356,853,15,200305,33,188000,189000,200000,14,0,114.95,114.95,37.511129,126.887359,12.46,4.87,33.57
구로구,,신도림동,문래힐스테이트,3450,776,14,200306,33,186000,186000,186000,1,0,111.39,111.39,37.518745,126.890482,12.31,4.0,34.45
구로구,,신도림동,목동현대,675,972,6,199707,33,180000,190000,255000,16,0,107.49,107.49,37.520948,126.877598,13.48,4.51,34.44
구로구,,신도림동,문래자이,3452,1302,18,200111,33,183000,194000,200000,32,0,115.99,115.99,37.516408,126.896862,11.71,3.99,34.34
구로구,,오류동,하버라인2단지,125299,646,6,201907,"24,33",68000,71000,90000,26,0,84.01,84.01,37.481992,126.822252,18.2,11.03,29.46
구로구,,오류동,광명한진타운,1595,1633,10,199706,"24,33",80000,87000,90000,25,0,77.91,77.91,37.478042,126.852428,15.61,9.62,29.34
구로구,,오류동,하버라인3단지,122446,1170,12,201902,"24,33",67000,72000,80000,53,0,85.07,85.07,37.479396,126.824617,18.03,11.08,29.19
구로구,,오류동,한양수자인에듀힐즈,119166,634,9,201909,33,81000,87000,125000,125,0,99.39,110.78,37.477935,126.825486,17.97,11.14,29.03
구로구,,오류동,천왕이펜하우스6단지,102854,678,14,201106,33,70000,80000,82000,20,0,110.62,110.62,37.478463,126.841082,16.6,10.18,29.24
구로구,,오류동,우남퍼스트빌더센트럴,120035,337,5,202006,33,73000,83000,100000,98,0,100.95,107.77,37.477276,126.820813,18.39,11.48,28.92
구로구,,오류동,항동중흥S-클래스베르데카운티,118711,419,6,201912,33,87000,92000,120000,65,0,116.64,118.17,37.481194,126.820891,18.33,11.18,29.36
구로구,,온수동,"부천동부센트레빌1,2단지",19009,697,10,200606,"24,33",48000,48000,51000,12,0,76.22,76.42,37.488854,126.806897,19.5,11.59,30.15
구로구,,온수동,신일해피트리,15137,320,6,200507,"24,33",38500,40000,44000,16,0,76.22,89.09,37.479414,126.809828,19.32,12.04,29.11
구로구,,천왕동,광명중앙하이츠1차,1594,909,7,199307,"18,21,33",36000,36000,36000,10,0,63.13,63.13,37.469399,126.854946,15.56,10.32,28.43
구로구,,천왕동,호반써밋그랜드에비뉴,154358,1051,11,202410,"18,21,24,33",44100,55000,73000,6,0,57.89,57.89,37.471614,126.850538,15.89,10.31,28.61
구로구,,천왕동,광명아크포레자이위브,119675,2104,19,202104,"18,21,24,33",72000,72000,72000,1,0,59.19,59.19,37.471456,126.854552,15.55,10.14,28.65
구로구,,천왕동,광명푸르지오포레나,133083,1187,14,202309,"21,24,33",99000,99000,105000,11,0,68.75,68.75,37.474447,126.858366,15.16,9.68,29.04
구로구,,천왕동,현진에버빌,12882,657,7,200511,"21,33",69000,72500,78000,17,0,75.83,75.83,37.475973,126.847158,16.11,10.08,29.04
구로구,,천왕동,광명푸르지오센트베르,131487,1335,12,202210,"21,24,33",100000,100000,100000,1,0,66.69,66.69,37.470756,126.852459,15.75,10.3,28.54
구로구,,천왕동,광명월드메르디앙,19437,577,6,200704,"24,33",75000,77500,80000,2,0,81.74,81.74,37.47683,126.84683,16.12,10.02,29.13
구로구,,천왕동,광명해모로이연,26325,1267,16,201509,33,90000,100000,104000,31,0,105.4,112.65,37.472876,126.847315,16.15,10.35,28.7
구로구,,항동,부천범박힐스테이트1단지,8973,1070,13,200406,"18,24,33",28000,29000,30000,6,0,59.54,59.54,37.474379,126.809976,19.38,12.4,28.55
구로구,,항동,일루미스테이트,127082,3724,37,202401,"24,33",57000,60500,80000,523,0,81.86,82.64,37.46902,126.810087,19.46,12.8,27.96
구로구,,항동,부천범박힐스테이트6단지,8866,669,9,200306,33,43000,49000,57000,73,0,96.08,111.65,37.469214,126.806271,19.79,13.03,27.97
구로구,,항동,부천범박힐스테이트3단지,8678,1012,11,200406,33,49500,56000,70000,88,0,100.78,112.4,37.473096,126.810595,19.34,12.45,28.41
구로구,,항동,항동제일풍경채포레스트,119598,345,4,202002,33,70000,75000,130000,91,0,109.24,110.19,37.475607,126.816118,18.82,11.91,28.71
구로구,,항동,부천범박힐스테이트2단지,100218,490,5,200406,33,50000,56000,65000,47,0,99.55,109.52,37.474737,126.807958,19.55,12.5,28.58
구로구,,항동,부천범박힐스테이트4단지,8864,1387,11,200306,33,52500,56000,65000,98,0,111.6,111.6,37.471909,126.807211,19.66,12.76,28.27
구로구,,항동,범박파밀리에포레스트,102779,672,12,201103,33,52000,60000,73000,125,0,97.9,111.87,37.467145,126.815612,19.02,12.61,27.77
금천구,,가산동,주공1단지,1627,1980,13,198910,"18,21",53000,59000,62000,18,0,57.29,60.56,37.465764,126.874286,13.99,9.96,28.39
금천구,,가산동,주공2단지,1626,866,7,198910,"18,24",59500,65000,65000,4,0,63.64,63.64,37.466173,126.875648,13.86,9.87,28.46
금천구,,가산동,한신휴플러스,18913,498,7,200705,21,75000,75000,75000,1,0,66.12,66.12,37.488697,126.890587,12.13,7.08,31.22
금천구,,가산동,극동,130,493,4,198412,"21,24,33",44000,46000,50000,23,0,68.24,72.06,37.490902,126.889401,12.22,6.88,31.43
금천구,,가산동,구로두산,912,1285,10,199811,"21,33",58000,58000,65000,16,0,66.66,75.5,37.489379,126.889378,12.23,7.04,31.27
금천구,,가산동,삼성래미안,8073,1244,16,200405,"21,24,33",92500,92500,92500,9,0,74.84,74.84,37.487655,126.891925,12.02,7.16,31.14
금천구,,가산동,힐스테이트뉴포레,148337,1143,7,202208,"21,24,33",113500,113500,115000,7,0,66.6,66.6,37.484267,126.90515,10.91,7.31,31.11
금천구,,가산동,이화우성,136,497,5,199807,"24,33",66000,68000,72000,4,0,85.69,85.69,37.489954,126.893983,11.82,6.87,31.44
금천구,,가산동,금천현대,164,996,10,200209,"24,33",60000,67000,69000,15,0,80.22,80.22,37.462518,126.890273,12.74,9.91,28.42
금천구,,가산동,광명두산위브트레지움,25784,1248,9,200911,"24,33",110000,117000,125000,34,0,82.71,85.69,37.469729,126.872429,14.05,9.61,28.78
금천구,,가산동,신도브래뉴,8646,341,3,200210,"24,33",59000,59000,60000,4,0,79.08,79.08,37.477289,126.900174,11.47,8.14,30.24
금천구,,가산동,두산위브,159,1495,18,199803,"24,33",70000,73000,75000,12,0,81.73,81.73,37.47526,126.892301,12.2,8.49,29.82
금천구,,가산동,철산래미안자이,25902,2072,17,200911,"24,33",123000,125000,127000,38,0,82.47,84.2,37.471957,126.874532,13.81,9.31,29.07
금천구,,가산동,삼익,3235,786,13,199909,"24,33",44000,46000,48000,11,0,84.66,84.66,37.463697,126.909461,11.1,9.57,29.07
금천구,,가산동,구일우성,140,829,10,199805,"24,33",58000,60000,60000,3,0,82.41,82.41,37.490255,126.877243,13.29,7.35,31.1
금천구,,가산동,구로두산위브,18914,660,9,200607,24,75000,75000,75000,1,0,77.08,77.08,37.486514,126.890371,12.17,7.32,30.98
금천구,,가산동,동작상떼빌,13311,545,4,200608,33,118000,120000,160000,62,0,106.47,106.47,37.4877,126.906731,10.72,6.92,31.52
금천구,,가산동,경남,3385,427,5,200302,33,108000,114000,135000,9,0,97.13,97.13,37.489503,126.908441,10.55,6.71,31.76
금천구,,가산동,구로현대,125,591,5,199205,33,83000,85000,86000,5,0,98.14,114.75,37.488513,126.895983,11.66,6.98,31.33
금천구,,가산동,철산한신,1621,1568,12,199211,33,90000,97500,111000,66,0,112.03,112.03,37.472426,126.876538,13.63,9.19,29.16
금천구,,가산동,신림신도브래뉴,3333,304,4,200304,33,94000,95000,96000,24,0,103.05,106.07,37.483885,126.91092,10.41,7.32,31.23
금천구,,가산동,한일유앤아이,17418,454,8,200606,33,72000,75000,85000,27,0,106,106,37.486298,126.876047,13.43,7.79,30.65
금천구,,가산동,신림푸르지오1차,8877,1456,23,200506,33,100000,110000,130000,69,0,104.97,105.61,37.479351,126.910749,10.51,7.83,30.75
금천구,,가산동,독산중앙하이츠빌,11234,554,7,200410,33,73000,85000,92000,45,0,110.02,110.02,37.464875,126.888904,12.78,9.68,28.63
금천구,,독산동,주공8단지,1635,1680,21,199003,"18,24,33",63000,63000,65000,15,0,63.64,63.64,37.457748,126.882273,13.58,10.59,27.71
금천구,,독산동,주공14단지,161,840,5,199011,"18,24,33",41000,45000,60000,8,0,58.61,59.04,37.460436,126.886348,13.14,10.21,28.1
금천구,,독산동,건영2차,53,338,4,198801,"18,24",36000,40500,45000,10,0,64.52,64.52,37.471043,126.916623,10.24,8.75,30.06
금천구,,독산동,신림쌍용,1052,373,3,199802,"24,33",48000,49500,55000,22,0,84.5,84.5,37.472296,126.911767,10.61,8.61,30.04
금천구,,독산동,관악산휴먼시아2단지,8895,2265,32,200803,"24,33",61000,63500,72000,34,0,80.72,81.59,37.459396,126.919934,10.42,10.06,28.96
금천구,,독산동,휴먼시아5단지,27344,731,13,200912,"24,33",76000,76000,78000,3,0,77.38,77.53,37.451915,126.887582,13.37,11.11,27.22
금천구,,독산동,금호어울림,14316,406,3,200602,"24,33",60000,60000,60000,4,0,76.45,76.45,37.451815,126.889459,13.22,11.09,27.26
금천구,,독산동,임광관악파크,9449,465,5,200309,"24,33",49500,49500,58000,5,0,76.03,76.03,37.469816,126.919309,10.05,8.9,30.01
금천구,,독산동,롯데캐슬골드파크1차,107929,1743,11,201611,"24,33",105000,110000,110000,23,0,82.1,82.1,37.459912,126.893932,12.53,10.13,28.23
금천구,,독산동,동양2차,3564,763,11,200311,"24,33",68500,68500,68500,1,0,80.78,80.78,37.45452,126.88793,13.24,10.82,27.5
금천구,,독산동,한신,162,1000,13,199108,33,62000,70000,73000,22,0,106.59,106.59,37.4559,126.889772,13.03,10.64,27.7
금천구,,시흥동,현대(982),17124,330,15,198905,18,44000,45500,47000,2,0,59.64,59.64,37.439677,126.901888,12.85,12.28,26.34
금천구,,시흥동,럭키,167,986,9,198112,"18,21,24",38000,41500,52000,31,0,55.87,57.92,37.448237,126.898972,12.62,11.36,27.14
금천구,,시흥동,건영2차,165,619,3,198910,"18,24,33",29500,32000,35000,55,0,57.86,57.86,37.44951,126.910865,11.62,11.14,27.64
금천구,,시흥동,삼성산주공3단지,3174,1482,9,200008,"21,33",52500,55000,63000,22,0,75.59,75.59,37.462459,126.926219,9.78,9.76,29.48
금천구,,시흥동,관악우방,3360,671,8,200212,"24,33",45000,51000,55000,29,0,84.99,84.99,37.449071,126.914149,11.39,11.19,27.7
금천구,,시흥동,벽산1단지,169,2336,18,200002,"24,33",38000,39000,45000,37,0,86.18,86.18,37.450628,126.91905,10.93,11.03,28.02
금천구,,시흥동,남서울힐스테이트,104347,1764,19,201408,"24,33",81000,88000,88000,14,0,82.29,82.55,37.446594,126.901286,12.52,11.52,27.04
금천구,,시흥동,관악산휴먼시아1단지,100344,545,7,200803,"24,33",64000,65000,70000,18,0,78.58,79.45,37.461931,126.921243,10.2,9.78,29.26
금천구,,시흥동,국제산장,50,630,8,199308,"24,33",42800,45000,50000,41,0,76.85,76.85,37.461281,126.928079,9.68,9.91,29.43
금천구,,시흥동,신림푸르지오2차,19220,349,8,200702,"24,33",67000,67000,73000,3,0,76.77,76.77,37.461374,126.920425,10.29,9.84,29.18
금천구,,시흥동,벽산5단지,3359,2810,25,200408,"24,33",42500,45000,51000,100,0,76.73,76.73,37.448874,126.919204,11.01,11.22,27.85
금천구,,시흥동,신촌휴먼시아1단지,27821,859,17,201010,33,85000,90000,90000,7,0,110.77,113.12,37.450316,126.892013,13.08,11.21,27.17
동작구,,노량진동,그린,968,499,6,199905,"18,21,24,33",168000,170000,180000,5,0,61.35,61.35,37.524037,126.95801,6.79,4.85,36.88
동작구,,노량진동,대림,762,638,4,199411,"21,33",205000,210000,220000,8,0,74.45,74.45,37.5248,126.955646,7.02,4.63,36.88
동작구,,노량진동,대방주공2단지,7960,798,10,199504,"21,24",125000,133000,135000,14,0,71.23,71.23,37.509563,126.92947,8.75,4.68,34.47
동작구,,노량진동,상도브라운스톤,10129,415,8,200712,"24,33",190000,190000,190000,1,0,77.92,77.92,37.506116,126.943929,7.44,5.54,34.57
동작구,,노량진동,쌍용스윗닷홈,8872,389,6,200311,"24,33",135000,135000,147000,4,0,80.33,80.33,37.501929,126.931231,8.51,5.53,33.73
동작구,,노량진동,본동신동아,372,765,9,199306,"24,33",135000,135000,135000,3,0,77.16,77.16,37.509888,126.95168,6.83,5.56,35.21
동작구,,노량진동,삼성래미안,9311,477,6,200410,"24,33",157000,157000,157000,1,0,79.28,79.28,37.50991,126.95004,6.97,5.47,35.16
동작구,,노량진동,래미안상도3차,9194,1656,28,200412,"24,33",164000,165000,165000,23,0,76.8,76.8,37.499545,126.954799,6.42,6.66,34.27
동작구,,노량진동,신동아리버파크,3280,1696,7,200102,"24,33",141000,141000,160000,25,0,85.02,85.02,37.507853,126.944741,7.39,5.4,34.77
동작구,,노량진동,우성,362,901,7,199712,"24,33",148000,148000,148000,3,0,83.79,83.79,37.509782,126.947813,7.16,5.37,35.07
동작구,,노량진동,롯데캐슬에듀포레,112997,545,7,201811,"24,33",225000,230000,230000,13,0,81.64,81.64,37.504544,126.959705,6.03,6.46,34.95
동작구,,노량진동,상도푸르지오클라베뉴,161181,771,10,202404,"24,33",158000,160000,160000,13,0,80.83,80.83,37.497571,126.938998,7.82,6.21,33.52
동작구,,노량진동,대방대림,364,1628,14,199311,"24,33",145000,155000,158000,9,0,84.47,84.47,37.50752,126.924726,9.14,4.79,34.12
동작구,,노량진동,보라매자이더포레스트,123898,959,8,202110,"24,33",162000,173000,175000,16,0,84.13,85.25,37.498589,126.926232,8.94,5.79,33.22
동작구,,노량진동,흑석동양,9318,423,7,200311,"24,33",137500,150000,150000,8,0,79.35,79.35,37.50048,126.958609,6.09,6.76,34.5
동작구,,노량진동,상도더샵1차,22789,1122,22,200709,"24,33",180000,180000,185000,14,0,79.98,79.98,37.5022,126.943294,7.45,5.9,34.14
동작구,,노량진동,e편한세상상도노빌리티,113097,893,8,201812,"24,33",209000,210000,220000,24,0,84.63,84.63,37.505046,126.947548,7.11,5.8,34.58
동작구,,노량진동,삼부,745,866,10,197512,24,300000,308000,370000,49,0,89.25,89.25,37.52456,126.931869,8.95,3.23,36.11
동작구,,노량진동,현대한강,3811,516,4,199703,"24,33",209000,225000,280000,9,0,76.65,76.65,37.523167,126.958486,6.71,4.94,36.81
동작구,,노량진동,래미안트윈파크,100694,523,5,201111,"24,33",199000,210000,260000,24,0,80.24,80.99,37.51414,126.950467,7.04,5.12,35.61
동작구,,노량진동,상도역롯데캐슬파크엘,133962,950,13,202102,"24,33",197000,201000,202000,25,0,80.48,81.53,37.500753,126.947169,7.1,6.2,34.12
동작구,,노량진동,아크로리버하임,113292,1073,20,201912,"24,33",260000,260000,260000,1,0,80.1,80.1,37.510134,126.961291,6.01,6.09,35.58
동작구,,노량진동,흑석자이,131685,1772,26,202506,"24,33",209000,225000,240000,73,0,82.24,82.57,37.501719,126.961407,5.85,6.8,34.73
동작구,,노량진동,유원강변,933,306,5,200008,33,173000,180000,200000,19,0,103.73,108.32,37.515109,126.951019,7.02,5.07,35.73
동작구,,노량진동,상도중앙하이츠빌,8987,544,10,200310,33,145000,152750,155000,25,0,106.03,108.59,37.499303,126.949883,6.86,6.45,34.07
동작구,,노량진동,상도두산위브트레지움2차,110919,582,6,201601,33,200000,203000,230000,179,0,112.6,117.47,37.504079,126.942675,7.52,5.68,34.31
동작구,,노량진동,건영,100235,1376,8,199709,33,152000,155000,155000,8,0,109.02,109.02,37.507801,126.94999,6.93,5.66,34.94
동작구,,노량진동,대방현대1차,368,514,5,199408,33,150000,150000,150000,2,0,97.86,97.86,37.513057,126.93069,8.71,4.34,34.87
동작구,,노량진동,성원,3561,487,3,199401,33,145000,160000,180000,21,0,103.08,103.08,37.509501,126.925603,9.09,4.59,34.35
동작구,,노량진동,상도래미안1차,3383,517,7,200412,33,162000,166000,170000,4,0,113.26,113.26,37.505446,126.934573,8.25,5.26,34.2
동작구,,노량진동,상도아이파크,8753,400,6,200404,33,165000,170000,172000,32,0,107.15,107.15,37.500888,126.942702,7.5,6.0,33.99
동작구,,노량진동,대방e-편한세상1차,3381,609,7,200306,33,172000,177000,180000,12,0,105.83,105.83,37.511976,126.929266,8.81,4.42,34.72
동작구,,노량진동,힐스테이트장승배기역,188978,370,3,202602,33,248000,250000,250000,5,0,119.56,119.56,37.505608,126.940778,7.71,5.46,34.41
동작구,,노량진동,상도파크자이,109124,471,7,201608,33,208000,228500,235000,30,0,95.74,115.69,37.505867,126.938473,7.91,5.34,34.36
동작구,,노량진동,흑석한강센트레빌2차,102641,963,14,201212,33,214000,227000,250000,64,0,111.14,111.38,37.502461,126.958503,6.12,6.58,34.7
동작구,,대방동,래미안에스티움,109434,1722,19,201704,"21,24,33",140000,140000,145000,31,0,72.41,72.41,37.501038,126.91371,10.05,5.41,33.12
동작구,,대방동,신길우성3차,722,477,5,198904,"21,33",106000,106000,115000,5,0,72.72,72.72,37.49696,126.909079,10.46,5.88,32.56
동작구,,대방동,보라매롯데낙천대,3386,734,7,200308,"21,33",123000,125000,130000,12,0,74.93,74.93,37.494631,126.913501,10.07,6.12,32.44
동작구,,대방동,신길파크자이,121788,641,6,202202,"24,33",175000,175000,180000,25,0,80.66,82.16,37.503064,126.913481,10.08,5.19,33.33
동작구,,대방동,신길센트럴자이,117792,1008,12,202104,"24,33",170000,180000,185000,77,0,79.59,85.93,37.503154,126.907623,10.6,5.2,33.18
동작구,,대방동,래미안프레비뉴,107424,949,12,201512,"24,33",165000,165000,172000,23,0,82.92,82.92,37.504875,126.907791,10.6,5.01,33.37
동작구,,대방동,보라매 e-편한세상,27576,386,5,201007,"24,33",148000,148000,148000,1,0,85.22,85.22,37.495534,126.928461,8.75,6.16,32.97
동작구,,대방동,삼환,719,1174,11,199705,"24,33",128000,130000,130000,7,0,81.16,81.16,37.507299,126.919267,9.61,4.74,33.94
동작구,,대방동,힐스테이트클래시안,119377,1476,14,202012,"24,33",170000,175000,185000,101,0,85.08,85.19,37.503994,126.911785,10.24,5.08,33.38
동작구,,대방동,e편한세상영등포아델포레,120522,859,13,202007,"24,33",143400,160000,160000,18,0,82.72,85.51,37.494656,126.907599,10.59,6.14,32.28
동작구,,대방동,더샵파크프레스티지,128302,799,9,202211,"24,33",149000,159000,160000,20,0,82.4,82.56,37.507877,126.916681,9.85,4.66,33.93
동작구,,대방동,신길경남,1221,368,5,199906,"24,33",115000,115000,115000,3,0,86.92,86.92,37.515832,126.918318,9.84,3.79,34.81
동작구,,대방동,보라매경남아너스빌,12473,669,9,200508,"24,33",129000,129000,129000,31,0,78.82,78.82,37.495089,126.910362,10.35,6.08,32.4
동작구,,대방동,보라매SK뷰,117254,1546,18,202001,"24,33",180000,185000,185000,23,0,83.73,83.73,37.50361,126.918573,9.64,5.14,33.53
동작구,,대방동,보라매삼성,48,710,8,199604,33,105000,111000,122000,26,0,104.71,104.78,37.494315,126.928184,8.78,6.29,32.84
동작구,,대방동,현대,396,880,6,199602,33,128000,135000,140000,29,0,107.25,107.25,37.494777,126.911757,10.23,6.11,32.41
동작구,,대방동,삼성래미안,3793,1213,13,200106,33,123500,133000,140000,12,0,108.06,108.06,37.505743,126.91521,9.95,4.89,33.66
동작구,,대방동,한성,726,420,5,199707,33,140000,140000,140000,12,0,109.48,109.48,37.50482,126.919155,9.6,5.01,33.67
동작구,,동작동,극동,374,1550,12,199312,"18,21,33",139000,145000,147000,9,0,59.34,59.34,37.491697,126.973341,4.84,8.33,34.18
동작구,,동작동,신동아4차,378,912,8,199312,"18,24,33",130000,130000,138000,14,0,60.15,60.15,37.490198,126.978134,4.45,8.73,34.23
동작구,,동작동,사당우성3단지,381,855,6,199312,"18,24,33",130000,139000,143000,8,0,59.13,59.13,37.4904,126.975383,4.68,8.55,34.14
동작구,,동작동,사당우성2단지,380,1080,8,199312,"18,24,33",150000,150000,150000,1,0,60.21,60.21,37.487604,126.977151,4.6,8.89,33.94
동작구,,동작동,이수푸르지오더프레티움,127384,514,11,202106,"21,24,33",179000,182000,220000,15,0,69.69,69.69,37.493073,126.980452,4.19,8.63,34.61
동작구,,동작동,사당롯데캐슬골든포레,115936,959,17,202107,"21,24,33",152000,152000,152000,2,0,74.3,74.3,37.492044,126.962212,5.81,7.71,33.78
동작구,,동작동,흑석한강센트레빌1차,100304,655,10,201109,"24,33",214500,215000,230000,4,0,85.55,85.55,37.506242,126.965304,5.57,6.64,35.33
동작구,,동작동,대림,375,1152,12,199008,"24,33",153000,153000,153000,2,0,80.93,80.93,37.486217,126.973111,4.98,8.8,33.63
동작구,,동작동,청호,399,346,5,199710,24,112000,112000,112000,28,0,80.96,80.96,37.501241,126.963201,5.69,6.94,34.75
동작구,,동작동,방배현대홈타운2차,3346,384,6,200108,24,240000,245000,250000,2,0,81.58,81.58,37.490473,126.98384,3.95,9.04,34.5
동작구,,동작동,아크로리버파크,107613,1612,15,201608,"24,33",389000,410000,470000,75,0,78.68,80.54,37.506089,126.993312,3.16,8.54,36.42
동작구,,동작동,경남아너스빌,376,340,3,199702,"24,33",110000,111000,112000,3,0,77.02,77.02,37.487973,126.967661,5.4,8.36,33.59
동작구,,동작동,명수대현대,398,660,8,198808,"24,33",245000,245000,245000,3,0,86.62,86.62,37.507809,126.967205,5.44,6.64,35.56
동작구,,동작동,사당자이,1138,719,9,199912,"24,33",123000,124000,125700,14,0,80.55,81.42,37.489063,126.962635,5.82,8.01,33.5
동작구,,동작동,흑석한강푸르지오,101496,863,14,201208,"24,33",197500,210000,210000,6,0,77.87,77.87,37.503008,126.965382,5.52,6.91,35.01
동작구,,동작동,방배현대1차,464,644,8,199911,"24,33",224000,224500,225000,2,0,85.04,85.04,37.489189,126.983417,4.02,9.12,34.35
동작구,,동작동,래미안로이파크,111467,668,6,201812,"24,33",189000,190000,210000,6,0,80.37,81.5,37.488542,126.973181,4.91,8.59,33.87
동작구,,동작동,이수힐스테이트,104035,680,15,201302,"24,33",189500,195000,200000,27,0,79.6,80.6,37.494432,126.980134,4.21,8.5,34.73
동작구,,동작동,관악우성,1048,1597,8,200012,"24,33",105000,110000,110000,18,0,87.63,87.63,37.485423,126.959587,6.16,8.22,33.02
동작구,,동작동,한강현대,401,960,13,198809,"24,33",214500,220000,245000,17,0,87.85,87.85,37.50665,126.970693,5.11,6.95,35.57
동작구,,동작동,방배롯데캐슬아르떼,104449,744,11,201311,"24,33",284000,285000,300000,14,0,84.27,84.93,37.483848,126.984676,4.1,9.64,33.89
동작구,,동작동,관악푸르지오,2988,2104,23,200408,"24,33",109000,120000,125000,93,0,79.89,83.38,37.487336,126.96094,6.0,8.09,33.26
동작구,,동작동,현대,45,2134,26,199204,"24,33",98000,102000,105000,29,0,76.21,76.21,37.492882,126.95937,6.05,7.5,33.76
동작구,,동작동,관악파크푸르지오,107439,363,7,201409,33,115000,116000,125000,52,0,110.92,111.99,37.482834,126.961341,6.08,8.54,32.83
동작구,,동작동,두산위브트레지움,102142,451,4,201110,33,219500,220000,220000,18,0,112.35,112.35,37.48557,126.971277,5.15,8.76,33.5
동작구,,동작동,롯데캐슬,9208,444,7,200310,33,156000,158000,160000,10,0,97.7,97.7,37.490386,126.972771,4.91,8.41,34.03
동작구,,동작동,이수스위첸포레힐즈,127725,366,7,202202,33,197500,197750,235000,10,0,101.46,112.66,37.497744,126.982441,3.98,8.38,35.15
동작구,,동작동,래미안원페를라,178737,1097,16,202511,33,680000,680000,680000,1,0,113.81,113.81,37.490294,126.989356,3.48,9.4,34.71
동작구,,동작동,이수역리가,102715,452,8,201309,33,180000,185000,200000,32,0,107.02,108.76,37.489495,126.973993,4.82,8.55,33.99
동작구,,동작동,상도삼호,388,682,5,199402,33,120000,125000,130000,20,0,103.59,103.59,37.493569,126.957597,6.19,7.35,33.76
동작구,,본동,한강대우,767,834,10,200003,"24,33",239000,240000,270000,50,0,81.81,81.81,37.522454,126.970702,5.71,5.88,37.17
동작구,,본동,한가람,867,2036,19,199809,"24,33",239000,255000,265000,186,0,85.12,85.12,37.521885,126.972645,5.53,6.06,37.18
동작구,,본동,동부센트레빌,3881,309,4,200106,33,265000,265000,265000,10,0,111.12,111.12,37.521047,126.966378,5.98,5.64,36.87
동작구,,사당동,성현동아,1045,1261,10,200005,"24,33",106000,107000,110000,63,0,86.19,86.19,37.489795,126.955715,6.41,7.63,33.31
동작구,,사당동,방배래미안,9035,303,9,200310,33,229000,230000,230000,4,0,106.49,106.49,37.47268,126.984172,4.75,10.59,32.79
동작구,,사당동,방배우성,471,468,9,199105,33,234500,237500,250000,8,0,106.5,106.55,37.474417,126.982972,4.72,10.37,32.9
동작구,,사당동,사당휴먼시아,26399,480,8,200903,33,123000,145000,150000,13,0,109.18,109.18,37.479026,126.96993,5.5,9.3,32.79
동작구,,상도1동,힐스테이트상도센트럴파크,22491,1559,22,201209,"24,33",173000,173000,173000,2,0,82.99,82.99,37.49583,126.95115,6.75,6.84,33.76
동작구,,상도1동,힐스테이트상도프레스티지,22846,882,16,201308,33,180000,190000,220000,56,0,112.78,113.28,37.49643,126.948962,6.94,6.69,33.74
동작구,,상도동,벽산블루밍1차,2986,2105,18,200506,"24,33",94000,103000,110000,99,0,78.18,78.18,37.48952,126.945056,7.34,7.24,32.9
동작구,,상도동,힐스테이트관악센트씨엘,170442,997,9,202501,"24,33",140000,155000,165000,5,0,83.24,86.61,37.491254,126.946099,7.23,7.1,33.12
동작구,,상도동,관악드림타운,2987,3544,44,200309,"24,33",109500,117000,122000,152,0,80.43,82.93,37.490479,126.950561,6.85,7.35,33.19
동작구,,상도동,관악동부센트레빌,9497,487,7,200405,"24,33",118000,122000,122000,16,0,79.43,80.17,37.487382,126.950864,6.87,7.67,32.89
동작구,,상도동,두산,3034,2001,25,200012,"24,33",120000,127000,173000,74,0,82.27,82.27,37.484899,126.943154,7.59,7.66,32.36
동작구,,신대방동,우성1차,694,435,4,198511,"21,24,33",68000,68000,68000,1,0,70.95,70.95,37.496461,126.900888,11.18,6.03,32.3
동작구,,신대방동,신림동부,63,592,4,199307,"21,24,33",68000,68000,68000,1,0,71.5,71.5,37.480778,126.928852,8.92,7.78,31.46
동작구,,신대방동,힐스테이트뉴포레,148337,1143,7,202208,"21,24,33",113500,113500,115000,7,0,66.6,66.6,37.484267,126.90515,10.91,7.31,31.11
동작구,,신대방동,신도브래뉴,8646,341,3,200210,"24,33",59000,59000,60000,4,0,79.08,79.08,37.477289,126.900174,11.47,8.14,30.24
동작구,,신대방동,우성1차,391,1335,16,198809,"24,33",123000,133000,140000,47,0,84.4,84.4,37.49209,126.911547,10.26,6.41,32.12
동작구,,신대방동,동작상떼빌,13311,545,4,200608,33,118000,120000,160000,62,0,106.47,106.47,37.4877,126.906731,10.72,6.92,31.52
동작구,,신대방동,신길센트럴아이파크,115547,612,6,201902,33,175000,175000,190000,12,0,114.06,115.39,37.504421,126.904254,10.91,5.1,33.23
동작구,,신대방동,경남,3385,427,5,200302,33,108000,114000,135000,9,0,97.13,97.13,37.489503,126.908441,10.55,6.71,31.76
동작구,,신대방동,신림신도브래뉴,3333,304,4,200304,33,94000,95000,96000,24,0,103.05,106.07,37.483885,126.91092,10.41,7.32,31.23
동작구,,신대방동,신림푸르지오1차,8877,1456,23,200506,33,100000,110000,130000,69,0,104.97,105.61,37.479351,126.910749,10.51,7.83,30.75
동작구,,흑석동,강촌,761,1001,9,199801,"24,33",240000,250000,255000,60,0,84.06,84.06,37.519188,126.978553,4.93,6.66,37.13
동작구,,흑석동,현대맨숀,769,653,8,197412,33,294000,310000,360000,37,0,105.45,105.46,37.518811,126.981793,4.66,6.92,37.22
관악구,,남현동,사당우성2단지,380,1080,8,199312,"18,24,33",150000,150000,150000,1,0,60.21,60.21,37.487604,126.977151,4.6,8.89,33.94
관악구,,남현동,은천2단지,3030,384,8,200009,"21,24",58000,60000,68000,22,0,69.71,69.71,37.46988,126.96462,6.37,9.95,31.68
관악구,,남현동,대림,375,1152,12,199008,"24,33",153000,153000,153000,2,0,80.93,80.93,37.486217,126.973111,4.98,8.8,33.63
관악구,,남현동,경남아너스빌,376,340,3,199702,"24,33",110000,111000,112000,3,0,77.02,77.02,37.487973,126.967661,5.4,8.36,33.59
관악구,,남현동,사당자이,1138,719,9,199912,"24,33",123000,124000,125700,14,0,80.55,81.42,37.489063,126.962635,5.82,8.01,33.5
관악구,,남현동,방배현대1차,464,644,8,199911,"24,33",224000,224500,225000,2,0,85.04,85.04,37.489189,126.983417,4.02,9.12,34.35
관악구,,남현동,래미안로이파크,111467,668,6,201812,"24,33",189000,190000,210000,6,0,80.37,81.5,37.488542,126.973181,4.91,8.59,33.87
관악구,,남현동,관악우성,1048,1597,8,200012,"24,33",105000,110000,110000,18,0,87.63,87.63,37.485423,126.959587,6.16,8.22,33.02
관악구,,남현동,방배롯데캐슬아르떼,104449,744,11,201311,"24,33",284000,285000,300000,14,0,84.27,84.93,37.483848,126.984676,4.1,9.64,33.89
관악구,,남현동,관악푸르지오,2988,2104,23,200408,"24,33",109000,120000,125000,93,0,79.89,83.38,37.487336,126.96094,6.0,8.09,33.26
관악구,,남현동,관악파크푸르지오,107439,363,7,201409,33,115000,116000,125000,52,0,110.92,111.99,37.482834,126.961341,6.08,8.54,32.83
관악구,,남현동,두산위브트레지움,102142,451,4,201110,33,219500,220000,220000,18,0,112.35,112.35,37.48557,126.971277,5.15,8.76,33.5
관악구,,남현동,방배래미안,9035,303,9,200310,33,229000,230000,230000,4,0,106.49,106.49,37.47268,126.984172,4.75,10.59,32.79
관악구,,남현동,방배우성,471,468,9,199105,33,234500,237500,250000,8,0,106.5,106.55,37.474417,126.982972,4.72,10.37,32.9
관악구,,남현동,이수역리가,102715,452,8,201309,33,180000,185000,200000,32,0,107.02,108.76,37.489495,126.973993,4.82,8.55,33.99
관악구,,남현동,사당휴먼시아,26399,480,8,200903,33,123000,145000,150000,13,0,109.18,109.18,37.479026,126.96993,5.5,9.3,32.79
관악구,,봉천동,서울대입구아이원,19370,374,7,200611,"21,33",110000,110000,110000,1,0,75.05,75.05,37.478721,126.945536,7.55,8.38,31.82
관악구,,봉천동,성현동아,1045,1261,10,200005,"24,33",106000,107000,110000,63,0,86.19,86.19,37.489795,126.955715,6.41,7.63,33.31
관악구,,봉천동,현대,59,336,5,199110,"24,33",42000,49500,53000,8,0,85.14,85.14,37.464207,126.937691,8.77,9.74,30.06
관악구,,봉천동,벽산블루밍1차,2986,2105,18,200506,"24,33",94000,103000,110000,99,0,78.18,78.18,37.48952,126.945056,7.34,7.24,32.9
관악구,,봉천동,e편한세상서울대입구,114809,1531,22,201906,"24,33",149000,149000,149000,1,0,83.74,83.74,37.477464,126.943417,7.77,8.45,31.62
관악구,,봉천동,건영3차,55,783,7,199606,"24,33",52000,53000,70000,3,0,78.51,78.51,37.466932,126.943192,8.21,9.57,30.54
관악구,,봉천동,e편한세상서울대입구2차,108126,519,10,202004,"24,33",135000,135000,135000,20,0,78.06,78.06,37.478085,126.941571,7.9,8.34,31.61
관악구,,봉천동,관악동부센트레빌,9497,487,7,200405,"24,33",118000,122000,122000,16,0,79.43,80.17,37.487382,126.950864,6.87,7.67,32.89
관악구,,봉천동,두산,3034,2001,25,200012,"24,33",120000,127000,173000,74,0,82.27,82.27,37.484899,126.943154,7.59,7.66,32.36
관악구,,신림동,건영2차,53,338,4,198801,"18,24",36000,40500,45000,10,0,64.52,64.52,37.471043,126.916623,10.24,8.75,30.06
관악구,,신림동,삼성산주공3단지,3174,1482,9,200008,"21,33",52500,55000,63000,22,0,75.59,75.59,37.462459,126.926219,9.78,9.76,29.48
관악구,,신림동,관악산휴먼시아2단지,8895,2265,32,200803,"24,33",61000,63500,72000,34,0,80.72,81.59,37.459396,126.919934,10.42,10.06,28.96
관악구,,신림동,임광관악파크,9449,465,5,200309,"24,33",49500,49500,58000,5,0,76.03,76.03,37.469816,126.919309,10.05,8.9,30.01
관악구,,신림동,벽산1단지,169,2336,18,200002,"24,33",38000,39000,45000,37,0,86.18,86.18,37.450628,126.91905,10.93,11.03,28.02
관악구,,신림동,관악산휴먼시아1단지,100344,545,7,200803,"24,33",64000,65000,70000,18,0,78.58,79.45,37.461931,126.921243,10.2,9.78,29.26
관악구,,신림동,서울대벤처타운역푸르지오,160638,571,8,202505,"24,33",110000,110000,110000,1,0,80.98,80.98,37.460668,126.932754,9.34,10.04,29.53
관악구,,신림동,국제산장,50,630,8,199308,"24,33",42800,45000,50000,41,0,76.85,76.85,37.461281,126.928079,9.68,9.91,29.43
관악구,,신림동,신림푸르지오2차,19220,349,8,200702,"24,33",67000,67000,73000,3,0,76.77,76.77,37.461374,126.920425,10.29,9.84,29.18
관악구,,신림동,벽산5단지,3359,2810,25,200408,"24,33",42500,45000,51000,100,0,76.73,76.73,37.448874,126.919204,11.01,11.22,27.85
관악구,,신림동,신림현대,58,1634,12,199305,"24,33",71000,73500,77000,10,0,76.7,76.7,37.475527,126.932093,8.79,8.41,31.02
서초구,,내곡동,서초더샵포레,107901,1264,26,201408,"24,33",180000,180000,180000,4,0,80.7,80.87,37.452654,127.06345,5.94,17.06,35.13
서초구,,내곡동,서초포레스타2단지,108832,1077,13,201506,24,178000,178000,220000,16,0,87.56,88.27,37.455554,127.060962,5.55,16.69,35.22
서초구,,내곡동,서초포레스타6단지,108834,585,11,201504,24,180000,180000,180000,2,0,86.35,86.35,37.449807,127.055535,5.89,16.74,34.43
서초구,,내곡동,서초포레스타3단지,107902,482,8,201406,"24,33",172000,175000,200000,8,0,82.02,82.11,37.454853,127.058989,5.53,16.6,35.05
서초구,,내곡동,서초포레스타5단지,107903,547,11,201405,"24,33",210000,210000,210000,1,0,80.4,80.4,37.451524,127.057141,5.78,16.72,34.66
서초구,,반포동,메이플자이,168097,3307,29,202506,"18,21,24,33",297000,300000,310000,16,0,61.65,61.65,37.51158,127.013089,1.99,9.74,37.81
서초구,,반포동,디에이치반포라클라스,125080,848,6,202106,"21,24,33",270000,285000,295000,11,0,69.11,69.11,37.500974,127.014697,1.19,10.43,36.87
서초구,,반포동,한신서래,459,414,4,198712,"21,24",280000,280000,280000,2,0,67.44,67.44,37.49929,127.00086,2.36,9.52,36.08
서초구,,반포동,서초푸르지오써밋,109119,907,7,201706,"24,33",289000,300000,340000,10,0,80.96,81.52,37.501348,127.021151,0.69,10.9,37.2
서초구,,반포동,신반포자이,111703,607,7,201807,"24,33",350000,364000,410000,51,0,85.34,86.25,37.510166,127.008408,2.17,9.45,37.47
서초구,,반포동,래미안신반포리오센트,114533,475,6,201906,"24,33",360000,360000,360000,7,0,85.91,86.21,37.518478,127.013762,2.59,9.49,38.5
서초구,,반포동,반포미도2차,445,435,3,198905,24,310000,310000,310000,1,0,76.99,76.99,37.502504,127.007462,1.85,9.8,36.69
서초구,,반포동,신반포르엘,132385,330,3,202306,"24,33",319000,330000,360000,20,0,80.65,80.65,37.516992,127.013686,2.45,9.55,38.36
서초구,,반포동,래미안퍼스티지,23759,2444,28,200907,"24,33",373000,400000,450000,78,0,86.57,87.46,37.503005,126.999724,2.52,9.2,36.39
서초구,,반포동,동아,3009,991,8,200207,"24,33",290000,325000,340000,34,0,81.33,86.94,37.509144,127.010552,1.96,9.67,37.46
서초구,,반포동,방배현대홈타운2차,3346,384,6,200108,24,240000,245000,250000,2,0,81.58,81.58,37.490473,126.98384,3.95,9.04,34.5
서초구,,반포동,아크로리버파크,107613,1612,15,201608,"24,33",389000,410000,470000,75,0,78.68,80.54,37.506089,126.993312,3.16,8.54,36.42
서초구,,반포동,강변,511,360,4,198707,"24,33",294000,295000,300000,17,0,89.35,89.35,37.517893,127.012699,2.58,9.43,38.4
서초구,,반포동,반포써밋,111687,764,8,201809,"24,33",300000,335000,355000,69,0,77.86,78.86,37.50156,127.017953,0.94,10.65,37.07
서초구,,반포동,반포래미안아이파크,112008,829,11,201808,"24,33",350000,350000,350000,1,0,77.27,77.27,37.501879,127.013411,1.33,10.28,36.9
서초구,,반포동,반포르엘,128008,596,7,202208,"24,33",430000,430000,430000,1,0,79.34,79.34,37.507594,127.002832,2.44,9.16,36.97
서초구,,반포동,반포자이,22853,3410,44,200903,"24,33",338000,370000,485000,142,0,84.23,84.74,37.507538,127.013605,1.63,9.99,37.44
서초구,,반포동,반포센트럴자이,118947,757,7,202004,"24,33",386000,420000,450000,22,0,82.17,82.79,37.507257,127.00161,2.52,9.08,36.89
서초구,,반포동,반포리체,101887,1119,9,201010,"24,33",311000,340000,380000,97,0,84.73,84.84,37.503762,127.013485,1.41,10.18,37.08
서초구,,반포동,신반포청구,518,347,2,199801,"24,33",264500,270000,300000,23,0,80.09,80.55,37.514334,127.008403,2.49,9.24,37.87
서초구,,반포동,반포힐스테이트,100512,397,5,201204,"24,33",334000,335000,335000,3,0,86.61,86.61,37.501541,126.996878,2.74,9.09,36.13
서초구,,반포동,래미안서초스위트,25772,392,3,200904,"24,33",254000,260000,260000,9,0,80.1,80.1,37.502179,127.020359,0.8,10.8,37.24
서초구,,반포동,래미안원베일리,142155,2990,23,202308,"24,33",409000,460000,500000,131,0,80.38,80.63,37.5068,126.998185,2.78,8.85,36.7
서초구,,반포동,유원서초,491,590,4,199311,33,275000,290000,310000,28,0,105.8,105.86,37.496155,127.018584,0.82,11.01,36.59
서초구,,반포동,이수스위첸포레힐즈,127725,366,7,202202,33,197500,197750,235000,10,0,101.46,112.66,37.497744,126.982441,3.98,8.38,35.15
서초구,,반포동,래미안신반포팰리스,108228,843,7,201606,33,380000,405000,450000,95,0,111.79,114.22,37.515289,127.012151,2.37,9.5,38.12
서초구,,반포동,삼풍,481,2390,24,198807,33,317500,350000,400000,47,0,105.63,105.63,37.499179,127.016033,1.03,10.64,36.76
서초구,,반포동,래미안원페를라,178737,1097,16,202511,33,680000,680000,680000,1,0,113.81,113.81,37.490294,126.989356,3.48,9.4,34.71
서초구,,반포동,아크로리버뷰신반포,113295,595,5,201806,33,448500,502500,620000,162,0,109.57,117.92,37.514868,127.007489,2.59,9.14,37.88
서초구,,반포동,롯데캐슬클래식,11844,990,15,200606,33,294500,315000,350000,30,0,106.52,106.52,37.500515,127.021806,0.59,11.0,37.16
서초구,,반포동,서초래미안,1285,1129,13,200305,33,287000,300000,330000,49,0,112.73,113.66,37.498528,127.019039,0.76,10.9,36.84
서초구,,반포동,서초교대e편한세상,101344,435,6,201005,33,305000,330000,350000,21,0,113.35,113.88,37.496937,127.017375,0.91,10.87,36.61
서초구,,방배동,극동,374,1550,12,199312,"18,21,33",139000,145000,147000,9,0,59.34,59.34,37.491697,126.973341,4.84,8.33,34.18
서초구,,방배동,신동아4차,378,912,8,199312,"18,24,33",130000,130000,138000,14,0,60.15,60.15,37.490198,126.978134,4.45,8.73,34.23
서초구,,방배동,사당우성3단지,381,855,6,199312,"18,24,33",130000,139000,143000,8,0,59.13,59.13,37.4904,126.975383,4.68,8.55,34.14
서초구,,방배동,사당우성2단지,380,1080,8,199312,"18,24,33",150000,150000,150000,1,0,60.21,60.21,37.487604,126.977151,4.6,8.89,33.94
서초구,,방배동,이수푸르지오더프레티움,127384,514,11,202106,"21,24,33",179000,182000,220000,15,0,69.69,69.69,37.493073,126.980452,4.19,8.63,34.61
서초구,,방배동,방배아트자이,115037,353,5,201810,"24,33",259000,260000,265000,10,0,80.56,80.75,37.480069,127.002341,2.98,11.01,34.32
서초구,,방배동,대림,375,1152,12,199008,"24,33",153000,153000,153000,2,0,80.93,80.93,37.486217,126.973111,4.98,8.8,33.63
서초구,,방배동,방배현대1차,464,644,8,199911,"24,33",224000,224500,225000,2,0,85.04,85.04,37.489189,126.983417,4.02,9.12,34.35
서초구,,방배동,래미안로이파크,111467,668,6,201812,"24,33",189000,190000,210000,6,0,80.37,81.5,37.488542,126.973181,4.91,8.59,33.87
서초구,,방배동,이수힐스테이트,104035,680,15,201302,"24,33",189500,195000,200000,27,0,79.6,80.6,37.494432,126.980134,4.21,8.5,34.73
서초구,,방배동,방배서리풀e-편한세상,25778,496,9,201002,"24,33",259000,260000,260000,3,0,85.42,85.42,37.484312,126.998447,2.98,10.43,34.54
서초구,,방배동,방배롯데캐슬아르떼,104449,744,11,201311,"24,33",284000,285000,300000,14,0,84.27,84.93,37.483848,126.984676,4.1,9.64,33.89
서초구,,방배동,방배그랑자이,125757,758,8,202107,"24,33",268500,285000,305000,18,0,78.43,78.43,37.475575,126.999769,3.49,11.21,33.77
서초구,,방배동,두산위브트레지움,102142,451,4,201110,33,219500,220000,220000,18,0,112.35,112.35,37.48557,126.971277,5.15,8.76,33.5
서초구,,방배동,방배래미안,9035,303,9,200310,33,229000,230000,230000,4,0,106.49,106.49,37.47268,126.984172,4.75,10.59,32.79
서초구,,방배동,롯데캐슬,9208,444,7,200310,33,156000,158000,160000,10,0,97.7,97.7,37.490386,126.972771,4.91,8.41,34.03
서초구,,방배동,방배우성,471,468,9,199105,33,234500,237500,250000,8,0,106.5,106.55,37.474417,126.982972,4.72,10.37,32.9
서초구,,방배동,"임광1,2차",472,418,6,198511,33,249000,250000,250000,3,0,116.28,116.28,37.476908,127.002419,3.22,11.26,34.02
서초구,,방배동,이수역리가,102715,452,8,201309,33,180000,185000,200000,32,0,107.02,108.76,37.489495,126.973993,4.82,8.55,33.99
서초구,,방배동,사당휴먼시아,26399,480,8,200903,33,123000,145000,150000,13,0,109.18,109.18,37.479026,126.96993,5.5,9.3,32.79
서초구,,서초동,우성5차,490,408,2,199805,"21,24,33",210000,210000,210000,2,0,74.48,74.48,37.494502,127.026894,0.38,11.73,36.84
서초구,,서초동,래미안리더스원,124311,1317,12,202009,"24,33",299000,309500,340000,30,0,84.03,85.49,37.490778,127.028132,0.79,12.04,36.55
서초구,,서초동,양재우성,504,794,10,199111,"24,33",205000,220000,220000,26,0,89.42,89.42,37.474905,127.031343,2.58,13.3,35.27
서초구,,서초동,서초그랑자이,126726,1446,9,202106,"24,33",310000,315000,370000,34,0,83.85,85.04,37.489144,127.025957,0.98,11.98,36.3
서초구,,서초동,래미안서초에스티지S,111665,593,5,201801,33,339500,350000,450000,71,0,111.13,112.07,37.492859,127.027121,0.56,11.84,36.7
서초구,,서초동,서초센트럴아이파크,118791,318,2,202009,33,209000,220000,300000,53,0,104.92,107.07,37.487007,127.01165,1.86,11.11,35.41
서초구,,서초동,래미안서초에스티지,110364,421,4,201612,33,323000,340000,390000,41,0,109.34,111.18,37.492833,127.025172,0.6,11.7,36.6
서초구,,양재동,호반써밋서초파크,132779,424,4,201312,"21,24,33",159500,160000,165000,9,0,71.15,71.15,37.458206,127.023515,4.43,14.05,33.36
서초구,,양재동,디에이치퍼스티어아이파크,134062,6702,74,202311,"21,24,33",250000,270000,275000,89,0,70.87,70.91,37.480393,127.057099,3.25,14.82,37.13
서초구,,양재동,개포래미안포레스트,119219,2296,31,202009,"21,24,33",243000,250000,290000,6,0,74.31,74.31,37.478448,127.054031,3.18,14.7,36.79
서초구,,양재동,코오롱,509,300,6,199410,21,164500,165000,170000,14,0,73.06,73.06,37.472577,127.027654,2.82,13.22,34.87
서초구,,양재동,호반써밋서초파크뷰,104034,358,3,201312,"24,33",138000,139000,150000,5,0,81.97,82.05,37.45932,127.025146,4.3,14.06,33.55
서초구,,양재동,서초네이처힐6단지,105172,382,7,201302,33,240000,240000,240000,1,0,114.89,114.89,37.461495,127.026712,4.05,13.99,33.83
서초구,,양재동,동고,508,330,5,199503,33,170000,175000,230000,28,0,96.98,105.47,37.471401,127.023757,2.97,13.05,34.56
서초구,,양재동,현대2차,1321,558,13,198601,33,299500,320000,325000,15,0,106.67,106.67,37.482796,127.051051,2.66,14.22,37.01
서초구,,양재동,우성3차,667,405,5,198412,33,295000,300000,315000,49,0,110.6,110.6,37.483998,127.056011,2.94,14.53,37.38
서초구,,양재동,현대1차,1317,416,6,198404,33,294500,300000,310000,36,0,102.73,102.73,37.482427,127.05447,2.93,14.5,37.16
서초구,,양재동,서초네이처힐3단지,105171,1251,17,201301,33,220000,220000,260000,24,0,112.06,113.55,37.464722,127.027902,3.69,13.82,34.18
서초구,,양재동,경남,28,678,9,198403,33,319000,320000,360000,56,0,97.92,104.98,37.484623,127.054115,2.77,14.35,37.34
서초구,,양재동,서초네이처힐4단지,103238,409,7,201112,33,219000,219000,260000,12,0,115.84,117.32,37.463718,127.02631,3.8,13.79,34.0
서초구,,우면동,서초힐스,103577,1082,12,201212,"24,33",190000,198000,210000,9,0,81.96,82.07,37.45746,127.018151,4.57,13.79,33.02
서초구,,잠원동,미성2차,742,911,9,198712,33,399500,430000,500000,129,0,95.27,95.27,37.523985,127.019316,2.99,9.75,39.28
서초구,,잠원동,논현신동아,18,644,6,199707,33,240000,240000,240000,1,0,103.86,103.86,37.514887,127.022874,1.93,10.38,38.57
서초구,,잠원동,한강,541,450,5,198906,33,289500,340000,450000,41,0,103.75,103.75,37.521491,127.015231,2.84,9.49,38.86
