단지번호,자치구_전세가율_84㎡,자치구_전세가율_전체,자치구_월세비중_pct,자치구_전세거래수_12M,자치구_매매거래수_12M
1305,53.8,52.6,46.8,7246,4856
14,53.8,52.6,46.8,7246,4856
10,53.8,52.6,46.8,7246,4856
1347,53.8,52.6,46.8,7246,4856
1348,53.8,52.6,46.8,7246,4856
13,53.8,52.6,46.8,7246,4856
11,53.8,52.6,46.8,7246,4856
1346,53.8,52.6,46.8,7246,4856
11337,53.8,52.6,46.8,7246,4856
12,53.8,52.6,46.8,7246,4856
1020,53.8,52.6,46.8,7246,4856
6,53.8,52.6,46.8,7246,4856
103293,53.8,52.6,46.8,7246,4856
107505,53.8,52.6,46.8,7246,4856
1017,53.8,52.6,46.8,7246,4856
1016,53.8,52.6,46.8,7246,4856
1012,53.8,52.6,46.8,7246,4856
131669,53.8,52.6,46.8,7246,4856
3331,53.8,52.6,46.8,7246,4856
1350,53.8,52.6,46.8,7246,4856
1351,53.8,52.6,46.8,7246,4856
15,53.8,52.6,46.8,7246,4856
25922,53.8,52.6,46.8,7246,4856
4,53.8,52.6,46.8,7246,4856
7,53.8,52.6,46.8,7246,4856
25967,53.8,52.6,46.8,7246,4856
137417,53.8,52.6,46.8,7246,4856
132472,53.8,52.6,46.8,7246,4856
22,53.8,52.6,46.8,7246,4856
23,53.8,52.6,46.8,7246,4856
31,53.8,52.6,46.8,7246,4856
24,53.8,52.6,46.8,7246,4856
25,53.8,52.6,46.8,7246,4856
8959,53.8,52.6,46.8,7246,4856
905,53.8,52.6,46.8,7246,4856
26123,53.8,52.6,46.8,7246,4856
26124,53.8,52.6,46.8,7246,4856
109799,53.8,52.6,46.8,7246,4856
108359,53.8,52.6,46.8,7246,4856
24833,53.8,52.6,46.8,7246,4856
9716,53.8,52.6,46.8,7246,4856
112211,53.8,52.6,46.8,7246,4856
131224,53.8,52.6,46.8,7246,4856
107960,53.8,52.6,46.8,7246,4856
26128,53.8,52.6,46.8,7246,4856
33,53.8,52.6,46.8,7246,4856
107506,53.8,52.6,46.8,7246,4856
9410,53.8,52.6,46.8,7246,4856
112280,53.8,52.6,46.8,7246,4856
107961,53.8,52.6,46.8,7246,4856
107475,53.8,52.6,46.8,7246,4856
107483,53.8,52.6,46.8,7246,4856
107504,53.8,52.6,46.8,7246,4856
107477,53.8,52.6,46.8,7246,4856
112279,53.8,52.6,46.8,7246,4856
25968,53.8,52.6,46.8,7246,4856
25969,53.8,52.6,46.8,7246,4856
1038,53.8,52.6,46.8,7246,4856
22555,53.8,52.6,46.8,7246,4856
131485,53.8,52.6,46.8,7246,4856
103305,53.8,52.6,46.8,7246,4856
3330,53.8,52.6,46.8,7246,4856
11565,53.8,52.6,46.8,7246,4856
870,53.8,52.6,46.8,7246,4856
36,53.8,52.6,46.8,7246,4856
8378,53.8,52.6,46.8,7246,4856
1034,53.8,52.6,46.8,7246,4856
869,53.8,52.6,46.8,7246,4856
37,53.8,52.6,46.8,7246,4856
113008,53.8,52.6,46.8,7246,4856
115965,53.8,52.6,46.8,7246,4856
1035,53.8,52.6,46.8,7246,4856
3771,53.8,52.6,46.8,7246,4856
9364,53.8,52.6,46.8,7246,4856
34,53.8,52.6,46.8,7246,4856
9161,53.8,52.6,46.8,7246,4856
38,53.8,52.6,46.8,7246,4856
13859,53.8,52.6,46.8,7246,4856
10307,53.8,52.6,46.8,7246,4856
3433,53.8,52.6,46.8,7246,4856
661,53.8,52.6,46.8,7246,4856
2579,53.8,52.6,46.8,7246,4856
12870,53.8,52.6,46.8,7246,4856
22208,53.8,52.6,46.8,7246,4856
102634,53.8,52.6,46.8,7246,4856
2646,53.8,52.6,46.8,7246,4856
22209,53.8,52.6,46.8,7246,4856
22215,53.8,52.6,46.8,7246,4856
44,53.8,52.6,46.8,7246,4856
42,53.8,52.6,46.8,7246,4856
3801,52.2,43.7,36.3,7003,3252
121758,52.2,43.7,36.3,7003,3252
1216,52.2,43.7,36.3,7003,3252
735,52.2,43.7,36.3,7003,3252
3447,52.2,43.7,36.3,7003,3252
729,52.2,43.7,36.3,7003,3252
688,52.2,43.7,36.3,7003,3252
731,52.2,43.7,36.3,7003,3252
9797,52.2,43.7,36.3,7003,3252
11926,52.2,43.7,36.3,7003,3252
662,52.2,43.7,36.3,7003,3252
3786,52.2,43.7,36.3,7003,3252
1673,52.2,43.7,36.3,7003,3252
117329,52.2,43.7,36.3,7003,3252
3777,52.2,43.7,36.3,7003,3252
130826,52.2,43.7,36.3,7003,3252
107728,52.2,43.7,36.3,7003,3252
121979,52.2,43.7,36.3,7003,3252
102874,52.2,43.7,36.3,7003,3252
102875,52.2,43.7,36.3,7003,3252
104360,52.2,43.7,36.3,7003,3252
9897,52.2,43.7,36.3,7003,3252
711,52.2,43.7,36.3,7003,3252
672,52.2,43.7,36.3,7003,3252
3784,52.2,43.7,36.3,7003,3252
118,52.2,43.7,36.3,7003,3252
3444,52.2,43.7,36.3,7003,3252
10312,52.2,43.7,36.3,7003,3252
3440,52.2,43.7,36.3,7003,3252
14020,52.2,43.7,36.3,7003,3252
108438,52.2,43.7,36.3,7003,3252
100495,52.2,43.7,36.3,7003,3252
3354,52.2,43.7,36.3,7003,3252
12021,52.2,43.7,36.3,7003,3252
1068,52.2,43.7,36.3,7003,3252
1074,52.2,43.7,36.3,7003,3252
115706,52.2,43.7,36.3,7003,3252
121,52.2,43.7,36.3,7003,3252
441,52.2,43.7,36.3,7003,3252
8714,52.2,43.7,36.3,7003,3252
910,52.2,43.7,36.3,7003,3252
675,52.2,43.7,36.3,7003,3252
3443,52.2,43.7,36.3,7003,3252
670,52.2,43.7,36.3,7003,3252
8742,52.2,43.7,36.3,7003,3252
8919,52.2,43.7,36.3,7003,3252
25853,52.2,43.7,36.3,7003,3252
10169,51.9,47.1,45.3,5966,4000
121987,51.9,47.1,45.3,5966,4000
1210,51.9,47.1,45.3,5966,4000
687,51.9,47.1,45.3,5966,4000
684,51.9,47.1,45.3,5966,4000
677,51.9,47.1,45.3,5966,4000
967,51.9,47.1,45.3,5966,4000
691,51.9,47.1,45.3,5966,4000
8348,51.9,47.1,45.3,5966,4000
109205,51.9,47.1,45.3,5966,4000
2982,51.9,47.1,45.3,5966,4000
676,51.9,47.1,45.3,5966,4000
104791,51.9,47.1,45.3,5966,4000
11116,51.9,47.1,45.3,5966,4000
1209,51.9,47.1,45.3,5966,4000
2985,51.9,47.1,45.3,5966,4000
2981,51.9,47.1,45.3,5966,4000
737,51.9,47.1,45.3,5966,4000
3449,51.9,47.1,45.3,5966,4000
703,51.9,47.1,45.3,5966,4000
3210,51.9,47.1,45.3,5966,4000
3209,51.9,47.1,45.3,5966,4000
700,51.9,47.1,45.3,5966,4000
1211,51.9,47.1,45.3,5966,4000
3457,51.9,47.1,45.3,5966,4000
128302,51.9,47.1,45.3,5966,4000
1221,51.9,47.1,45.3,5966,4000
104960,51.9,47.1,45.3,5966,4000
707,51.9,47.1,45.3,5966,4000
888,51.9,47.1,45.3,5966,4000
3356,51.9,47.1,45.3,5966,4000
3450,51.9,47.1,45.3,5966,4000
3452,51.9,47.1,45.3,5966,4000
698,51.9,47.1,45.3,5966,4000
18913,51.9,47.1,45.3,5966,4000
693,51.9,47.1,45.3,5966,4000
130,51.9,47.1,45.3,5966,4000
694,51.9,47.1,45.3,5966,4000
109434,51.9,47.1,45.3,5966,4000
722,51.9,47.1,45.3,5966,4000
912,51.9,47.1,45.3,5966,4000
8073,51.9,47.1,45.3,5966,4000
3386,51.9,47.1,45.3,5966,4000
133,51.9,47.1,45.3,5966,4000
148337,51.9,47.1,45.3,5966,4000
121788,51.9,47.1,45.3,5966,4000
129,51.9,47.1,45.3,5966,4000
3204,51.9,47.1,45.3,5966,4000
132,51.9,47.1,45.3,5966,4000
136,51.9,47.1,45.3,5966,4000
117792,51.9,47.1,45.3,5966,4000
107424,51.9,47.1,45.3,5966,4000
719,51.9,47.1,45.3,5966,4000
120522,51.9,47.1,45.3,5966,4000
119377,51.9,47.1,45.3,5966,4000
391,51.9,47.1,45.3,5966,4000
12473,51.9,47.1,45.3,5966,4000
18914,51.9,47.1,45.3,5966,4000
117254,51.9,47.1,45.3,5966,4000
13311,51.9,47.1,45.3,5966,4000
396,51.9,47.1,45.3,5966,4000
3793,51.9,47.1,45.3,5966,4000
695,51.9,47.1,45.3,5966,4000
115547,51.9,47.1,45.3,5966,4000
3385,51.9,47.1,45.3,5966,4000
726,51.9,47.1,45.3,5966,4000
125,51.9,47.1,45.3,5966,4000
9937,51.9,47.1,45.3,5966,4000
3333,51.9,47.1,45.3,5966,4000
10663,51.9,47.1,45.3,5966,4000
1067,51.9,47.1,45.3,5966,4000
7960,51.9,47.1,45.3,5966,4000
8872,51.9,47.1,45.3,5966,4000
27576,51.9,47.1,45.3,5966,4000
364,51.9,47.1,45.3,5966,4000
123898,51.9,47.1,45.3,5966,4000
48,51.9,47.1,45.3,5966,4000
368,51.9,47.1,45.3,5966,4000
3561,51.9,47.1,45.3,5966,4000
3381,51.9,47.1,45.3,5966,4000
115201,51.9,47.1,45.3,5966,4000
3803,51.9,47.1,45.3,5966,4000
9311,51.9,47.1,45.3,5966,4000
3280,51.9,47.1,45.3,5966,4000
362,51.9,47.1,45.3,5966,4000
1222,51.9,47.1,45.3,5966,4000
745,51.9,47.1,45.3,5966,4000
100694,51.9,47.1,45.3,5966,4000
933,51.9,47.1,45.3,5966,4000
100235,51.9,47.1,45.3,5966,4000
143,55.5,55.7,51.4,4703,4071
1606,55.5,55.7,51.4,4703,4071
8186,55.5,55.7,51.4,4703,4071
25784,55.5,55.7,51.4,4703,4071
1605,55.5,55.7,51.4,4703,4071
8646,55.5,55.7,51.4,4703,4071
154299,55.5,55.7,51.4,4703,4071
159,55.5,55.7,51.4,4703,4071
25902,55.5,55.7,51.4,4703,4071
140,55.5,55.7,51.4,4703,4071
25901,55.5,55.7,51.4,4703,4071
163557,55.5,55.7,51.4,4703,4071
147,55.5,55.7,51.4,4703,4071
1621,55.5,55.7,51.4,4703,4071
17418,55.5,55.7,51.4,4703,4071
141,55.5,55.7,51.4,4703,4071
169598,55.5,55.7,51.4,4703,4071
163177,55.5,55.7,51.4,4703,4071
3350,55.5,55.7,51.4,4703,4071
3192,55.5,55.7,51.4,4703,4071
1063,55.5,55.7,51.4,4703,4071
17538,55.5,55.7,51.4,4703,4071
107065,55.5,55.7,51.4,4703,4071
1076,55.5,55.7,51.4,4703,4071
3357,55.5,55.7,51.4,4703,4071
3783,55.5,55.7,51.4,4703,4071
114,55.5,55.7,51.4,4703,4071
106,55.5,55.7,51.4,4703,4071
160917,55.5,55.7,51.4,4703,4071
1604,55.5,55.7,51.4,4703,4071
155,55.5,55.7,51.4,4703,4071
127424,55.5,55.7,51.4,4703,4071
102850,55.5,55.7,51.4,4703,4071
1062,55.5,55.7,51.4,4703,4071
102851,55.5,55.7,51.4,4703,4071
3349,55.5,55.7,51.4,4703,4071
113,55.5,55.7,51.4,4703,4071
10309,55.5,55.7,51.4,4703,4071
103269,55.5,55.7,51.4,4703,4071
102852,55.5,55.7,51.4,4703,4071
102853,55.5,55.7,51.4,4703,4071
170819,55.5,55.7,51.4,4703,4071
9046,55.5,55.7,51.4,4703,4071
10151,55.5,55.7,51.4,4703,4071
3351,55.5,55.7,51.4,4703,4071
20490,55.5,55.7,51.4,4703,4071
104934,55.5,55.7,51.4,4703,4071
107066,55.5,55.7,51.4,4703,4071
17469,55.5,55.7,51.4,4703,4071
8759,55.5,55.7,51.4,4703,4071
1718,55.5,55.7,51.4,4703,4071
15805,55.5,55.7,51.4,4703,4071
9629,55.5,55.7,51.4,4703,4071
1719,55.5,55.7,51.4,4703,4071
120265,55.5,55.7,51.4,4703,4071
3787,55.5,55.7,51.4,4703,4071
19415,55.5,55.7,51.4,4703,4071
102876,55.5,55.7,51.4,4703,4071
102622,55.5,55.7,51.4,4703,4071
102877,55.5,55.7,51.4,4703,4071
26639,55.5,55.7,51.4,4703,4071
125299,55.5,55.7,51.4,4703,4071
1595,55.5,55.7,51.4,4703,4071
122446,55.5,55.7,51.4,4703,4071
119166,55.5,55.7,51.4,4703,4071
102854,55.5,55.7,51.4,4703,4071
120035,55.5,55.7,51.4,4703,4071
118711,55.5,55.7,51.4,4703,4071
19009,55.5,55.7,51.4,4703,4071
15137,55.5,55.7,51.4,4703,4071
1594,55.5,55.7,51.4,4703,4071
154358,55.5,55.7,51.4,4703,4071
119675,55.5,55.7,51.4,4703,4071
133083,55.5,55.7,51.4,4703,4071
12882,55.5,55.7,51.4,4703,4071
131487,55.5,55.7,51.4,4703,4071
19437,55.5,55.7,51.4,4703,4071
26325,55.5,55.7,51.4,4703,4071
8973,55.5,55.7,51.4,4703,4071
127082,55.5,55.7,51.4,4703,4071
8866,55.5,55.7,51.4,4703,4071
8678,55.5,55.7,51.4,4703,4071
119598,55.5,55.7,51.4,4703,4071
100218,55.5,55.7,51.4,4703,4071
8864,55.5,55.7,51.4,4703,4071
102779,55.5,55.7,51.4,4703,4071
1627,62.2,58.4,53.5,1438,1108
1626,62.2,58.4,53.5,1438,1108
164,62.2,58.4,53.5,1438,1108
3235,62.2,58.4,53.5,1438,1108
8877,62.2,58.4,53.5,1438,1108
11234,62.2,58.4,53.5,1438,1108
1635,62.2,58.4,53.5,1438,1108
161,62.2,58.4,53.5,1438,1108
53,62.2,58.4,53.5,1438,1108
1052,62.2,58.4,53.5,1438,1108
8895,62.2,58.4,53.5,1438,1108
27344,62.2,58.4,53.5,1438,1108
14316,62.2,58.4,53.5,1438,1108
9449,62.2,58.4,53.5,1438,1108
107929,62.2,58.4,53.5,1438,1108
3564,62.2,58.4,53.5,1438,1108
162,62.2,58.4,53.5,1438,1108
17124,62.2,58.4,53.5,1438,1108
167,62.2,58.4,53.5,1438,1108
165,62.2,58.4,53.5,1438,1108
3174,62.2,58.4,53.5,1438,1108
3360,62.2,58.4,53.5,1438,1108
169,62.2,58.4,53.5,1438,1108
104347,62.2,58.4,53.5,1438,1108
100344,62.2,58.4,53.5,1438,1108
50,62.2,58.4,53.5,1438,1108
19220,62.2,58.4,53.5,1438,1108
3359,62.2,58.4,53.5,1438,1108
27821,62.2,58.4,53.5,1438,1108
968,50.1,48.4,40.1,5358,3242
762,50.1,48.4,40.1,5358,3242
10129,50.1,48.4,40.1,5358,3242
372,50.1,48.4,40.1,5358,3242
9194,50.1,48.4,40.1,5358,3242
161181,50.1,48.4,40.1,5358,3242
112997,50.1,48.4,40.1,5358,3242
9318,50.1,48.4,40.1,5358,3242
22789,50.1,48.4,40.1,5358,3242
113097,50.1,48.4,40.1,5358,3242
131685,50.1,48.4,40.1,5358,3242
3811,50.1,48.4,40.1,5358,3242
133962,50.1,48.4,40.1,5358,3242
113292,50.1,48.4,40.1,5358,3242
110919,50.1,48.4,40.1,5358,3242
8987,50.1,48.4,40.1,5358,3242
3383,50.1,48.4,40.1,5358,3242
8753,50.1,48.4,40.1,5358,3242
188978,50.1,48.4,40.1,5358,3242
109124,50.1,48.4,40.1,5358,3242
102641,50.1,48.4,40.1,5358,3242
374,50.1,48.4,40.1,5358,3242
378,50.1,48.4,40.1,5358,3242
381,50.1,48.4,40.1,5358,3242
380,50.1,48.4,40.1,5358,3242
127384,50.1,48.4,40.1,5358,3242
115936,50.1,48.4,40.1,5358,3242
100304,50.1,48.4,40.1,5358,3242
376,50.1,48.4,40.1,5358,3242
375,50.1,48.4,40.1,5358,3242
399,50.1,48.4,40.1,5358,3242
3346,50.1,48.4,40.1,5358,3242
398,50.1,48.4,40.1,5358,3242
107613,50.1,48.4,40.1,5358,3242
1138,50.1,48.4,40.1,5358,3242
101496,50.1,48.4,40.1,5358,3242
464,50.1,48.4,40.1,5358,3242
111467,50.1,48.4,40.1,5358,3242
104035,50.1,48.4,40.1,5358,3242
45,50.1,48.4,40.1,5358,3242
1048,50.1,48.4,40.1,5358,3242
401,50.1,48.4,40.1,5358,3242
104449,50.1,48.4,40.1,5358,3242
2988,50.1,48.4,40.1,5358,3242
107439,50.1,48.4,40.1,5358,3242
102142,50.1,48.4,40.1,5358,3242
9208,50.1,48.4,40.1,5358,3242
127725,50.1,48.4,40.1,5358,3242
178737,50.1,48.4,40.1,5358,3242
102715,50.1,48.4,40.1,5358,3242
388,50.1,48.4,40.1,5358,3242
767,50.1,48.4,40.1,5358,3242
867,50.1,48.4,40.1,5358,3242
3881,50.1,48.4,40.1,5358,3242
1045,50.1,48.4,40.1,5358,3242
9035,50.1,48.4,40.1,5358,3242
471,50.1,48.4,40.1,5358,3242
26399,50.1,48.4,40.1,5358,3242
22491,50.1,48.4,40.1,5358,3242
22846,50.1,48.4,40.1,5358,3242
2986,50.1,48.4,40.1,5358,3242
170442,50.1,48.4,40.1,5358,3242
2987,50.1,48.4,40.1,5358,3242
3034,50.1,48.4,40.1,5358,3242
9497,50.1,48.4,40.1,5358,3242
63,50.1,48.4,40.1,5358,3242
761,50.1,48.4,40.1,5358,3242
769,50.1,48.4,40.1,5358,3242
3030,59.5,58.0,48.7,3004,2490
19370,59.5,58.0,48.7,3004,2490
59,59.5,58.0,48.7,3004,2490
114809,59.5,58.0,48.7,3004,2490
55,59.5,58.0,48.7,3004,2490
108126,59.5,58.0,48.7,3004,2490
160638,59.5,58.0,48.7,3004,2490
58,59.5,58.0,48.7,3004,2490
107901,42.1,41.0,46.5,8622,2176
108832,42.1,41.0,46.5,8622,2176
108834,42.1,41.0,46.5,8622,2176
107902,42.1,41.0,46.5,8622,2176
107903,42.1,41.0,46.5,8622,2176
168097,42.1,41.0,46.5,8622,2176
125080,42.1,41.0,46.5,8622,2176
459,42.1,41.0,46.5,8622,2176
109119,42.1,41.0,46.5,8622,2176
111703,42.1,41.0,46.5,8622,2176
114533,42.1,41.0,46.5,8622,2176
445,42.1,41.0,46.5,8622,2176
132385,42.1,41.0,46.5,8622,2176
23759,42.1,41.0,46.5,8622,2176
511,42.1,41.0,46.5,8622,2176
3009,42.1,41.0,46.5,8622,2176
112008,42.1,41.0,46.5,8622,2176
111687,42.1,41.0,46.5,8622,2176
128008,42.1,41.0,46.5,8622,2176
22853,42.1,41.0,46.5,8622,2176
118947,42.1,41.0,46.5,8622,2176
101887,42.1,41.0,46.5,8622,2176
518,42.1,41.0,46.5,8622,2176
100512,42.1,41.0,46.5,8622,2176
25772,42.1,41.0,46.5,8622,2176
142155,42.1,41.0,46.5,8622,2176
491,42.1,41.0,46.5,8622,2176
108228,42.1,41.0,46.5,8622,2176
481,42.1,41.0,46.5,8622,2176
113295,42.1,41.0,46.5,8622,2176
11844,42.1,41.0,46.5,8622,2176
1285,42.1,41.0,46.5,8622,2176
101344,42.1,41.0,46.5,8622,2176
115037,42.1,41.0,46.5,8622,2176
25778,42.1,41.0,46.5,8622,2176
125757,42.1,41.0,46.5,8622,2176
472,42.1,41.0,46.5,8622,2176
490,42.1,41.0,46.5,8622,2176
124311,42.1,41.0,46.5,8622,2176
504,42.1,41.0,46.5,8622,2176
126726,42.1,41.0,46.5,8622,2176
111665,42.1,41.0,46.5,8622,2176
118791,42.1,41.0,46.5,8622,2176
110364,42.1,41.0,46.5,8622,2176
132779,42.1,41.0,46.5,8622,2176
134062,42.1,41.0,46.5,8622,2176
119219,42.1,41.0,46.5,8622,2176
509,42.1,41.0,46.5,8622,2176
104034,42.1,41.0,46.5,8622,2176
105172,42.1,41.0,46.5,8622,2176
508,42.1,41.0,46.5,8622,2176
1321,42.1,41.0,46.5,8622,2176
667,42.1,41.0,46.5,8622,2176
28,42.1,41.0,46.5,8622,2176
1317,42.1,41.0,46.5,8622,2176
105171,42.1,41.0,46.5,8622,2176
103238,42.1,41.0,46.5,8622,2176
103577,42.1,41.0,46.5,8622,2176
742,42.1,41.0,46.5,8622,2176
18,42.1,41.0,46.5,8622,2176
541,42.1,41.0,46.5,8622,2176
483,36.5,34.3,49.4,10666,3128
419,36.5,34.3,49.4,10666,3128
128527,36.5,34.3,49.4,10666,3128
112228,36.5,34.3,49.4,10666,3128
121971,36.5,34.3,49.4,10666,3128
11698,36.5,34.3,49.4,10666,3128
100559,36.5,34.3,49.4,10666,3128
3040,36.5,34.3,49.4,10666,3128
135,36.5,34.3,49.4,10666,3128
113151,36.5,34.3,49.4,10666,3128
19418,36.5,34.3,49.4,10666,3128
14142,36.5,34.3,49.4,10666,3128
983,36.5,34.3,49.4,10666,3128
394,36.5,34.3,49.4,10666,3128
13814,36.5,34.3,49.4,10666,3128
837,36.5,34.3,49.4,10666,3128
113125,36.5,34.3,49.4,10666,3128
180280,36.5,34.3,49.4,10666,3128
65,36.5,34.3,49.4,10666,3128
874,36.5,34.3,49.4,10666,3128
154,36.5,34.3,49.4,10666,3128
111332,36.5,34.3,49.4,10666,3128
980,36.5,34.3,49.4,10666,3128
109227,36.5,34.3,49.4,10666,3128
13813,36.5,34.3,49.4,10666,3128
127477,36.5,34.3,49.4,10666,3128
127482,36.5,34.3,49.4,10666,3128
17528,36.5,34.3,49.4,10666,3128
473,36.5,34.3,49.4,10666,3128
428,36.5,34.3,49.4,10666,3128
18967,36.5,34.3,49.4,10666,3128
104032,36.5,34.3,49.4,10666,3128
24009,36.5,34.3,49.4,10666,3128
108825,36.5,34.3,49.4,10666,3128
3,36.5,34.3,49.4,10666,3128
135597,36.5,34.3,49.4,10666,3128
640,36.5,34.3,49.4,10666,3128
971,36.5,34.3,49.4,10666,3128
22627,36.5,34.3,49.4,10666,3128
18213,36.5,34.3,49.4,10666,3128
408,36.5,34.3,49.4,10666,3128
3048,36.5,34.3,49.4,10666,3128
329,36.5,34.3,49.4,10666,3128
24008,36.5,34.3,49.4,10666,3128
1081,36.5,34.3,49.4,10666,3128
182057,36.5,34.3,49.4,10666,3128
499,36.5,34.3,49.4,10666,3128
982,36.5,34.3,49.4,10666,3128
176758,36.5,34.3,49.4,10666,3128
733,36.5,34.3,49.4,10666,3128
105735,36.5,34.3,49.4,10666,3128
103578,36.5,34.3,49.4,10666,3128
109107,36.5,34.3,49.4,10666,3128
102668,36.5,34.3,49.4,10666,3128
103602,36.5,34.3,49.4,10666,3128
113680,36.5,34.3,49.4,10666,3128
107458,36.5,34.3,49.4,10666,3128
107457,36.5,34.3,49.4,10666,3128
102670,36.5,34.3,49.4,10666,3128
103252,36.5,34.3,49.4,10666,3128
102669,36.5,34.3,49.4,10666,3128
104967,36.5,34.3,49.4,10666,3128
106166,36.5,34.3,49.4,10666,3128
827,36.5,34.3,49.4,10666,3128
111515,36.5,34.3,49.4,10666,3128
671,36.5,34.3,49.4,10666,3128
641,36.5,34.3,49.4,10666,3128
668,36.5,34.3,49.4,10666,3128
103139,36.5,34.3,49.4,10666,3128
595,36.5,34.3,49.4,10666,3128
1196,36.5,34.3,49.4,10666,3128
594,36.5,34.3,49.4,10666,3128
8203,36.5,34.3,49.4,10666,3128
107799,36.5,34.3,49.4,10666,3128
3751,36.5,34.3,49.4,10666,3128
174198,36.5,34.3,49.4,10666,3128
657,36.5,34.3,49.4,10666,3128
107544,36.5,34.3,49.4,10666,3128
102737,36.5,34.3,49.4,10666,3128
563,36.5,34.3,49.4,10666,3128
562,36.5,34.3,49.4,10666,3128
1179,36.5,34.3,49.4,10666,3128
564,36.5,34.3,49.4,10666,3128
25929,36.5,34.3,49.4,10666,3128
26471,36.5,34.3,49.4,10666,3128
26107,36.5,34.3,49.4,10666,3128
26106,36.5,34.3,49.4,10666,3128
26479,36.5,34.3,49.4,10666,3128
608,36.5,34.3,49.4,10666,3128
26472,36.5,34.3,49.4,10666,3128
108405,36.5,34.3,49.4,10666,3128
93,36.5,34.3,49.4,10666,3128
99,36.5,34.3,49.4,10666,3128
87,36.5,34.3,49.4,10666,3128
88,36.5,34.3,49.4,10666,3128
135887,36.5,34.3,49.4,10666,3128
908,36.5,34.3,49.4,10666,3128
3418,36.5,34.3,49.4,10666,3128
609,40.6,40.2,45.7,10532,4612
628,40.6,40.2,45.7,10532,4612
166537,40.6,40.2,45.7,10532,4612
147185,40.6,40.2,45.7,10532,4612
22809,40.6,40.2,45.7,10532,4612
598,40.6,40.2,45.7,10532,4612
115869,40.6,40.2,45.7,10532,4612
633,40.6,40.2,45.7,10532,4612
26222,40.6,40.2,45.7,10532,4612
3431,40.6,40.2,45.7,10532,4612
26481,40.6,40.2,45.7,10532,4612
3033,40.6,40.2,45.7,10532,4612
612,40.6,40.2,45.7,10532,4612
352,40.6,40.2,45.7,10532,4612
951,40.6,40.2,45.7,10532,4612
119358,40.6,40.2,45.7,10532,4612
104122,40.6,40.2,45.7,10532,4612
125343,40.6,40.2,45.7,10532,4612
104126,40.6,40.2,45.7,10532,4612
952,40.6,40.2,45.7,10532,4612
119875,40.6,40.2,45.7,10532,4612
139917,40.6,40.2,45.7,10532,4612
127132,40.6,40.2,45.7,10532,4612
124942,40.6,40.2,45.7,10532,4612
115551,40.6,40.2,45.7,10532,4612
109174,40.6,40.2,45.7,10532,4612
122025,40.6,40.2,45.7,10532,4612
139920,40.6,40.2,45.7,10532,4612
102313,40.6,40.2,45.7,10532,4612
107023,40.6,40.2,45.7,10532,4612
357,40.6,40.2,45.7,10532,4612
355,40.6,40.2,45.7,10532,4612
125354,40.6,40.2,45.7,10532,4612
102314,40.6,40.2,45.7,10532,4612
122024,40.6,40.2,45.7,10532,4612
107339,40.6,40.2,45.7,10532,4612
25930,40.6,40.2,45.7,10532,4612
107550,40.6,40.2,45.7,10532,4612
131899,40.6,40.2,45.7,10532,4612
125937,40.6,40.2,45.7,10532,4612
125345,40.6,40.2,45.7,10532,4612
136150,40.6,40.2,45.7,10532,4612
125346,40.6,40.2,45.7,10532,4612
125022,40.6,40.2,45.7,10532,4612
109266,40.6,40.2,45.7,10532,4612
393,40.6,40.2,45.7,10532,4612
155817,40.6,40.2,45.7,10532,4612
115046,40.6,40.2,45.7,10532,4612
180737,40.6,40.2,45.7,10532,4612
3317,40.6,40.2,45.7,10532,4612
109217,40.6,40.2,45.7,10532,4612
1296,40.6,40.2,45.7,10532,4612
650,40.6,40.2,45.7,10532,4612
22675,40.6,40.2,45.7,10532,4612
184857,40.6,40.2,45.7,10532,4612
646,40.6,40.2,45.7,10532,4612
649,40.6,40.2,45.7,10532,4612
15011,40.6,40.2,45.7,10532,4612
19127,40.6,40.2,45.7,10532,4612
22746,40.6,40.2,45.7,10532,4612
422,40.6,40.2,45.7,10532,4612
103,40.6,40.2,45.7,10532,4612
625,40.6,40.2,45.7,10532,4612
110632,40.6,40.2,45.7,10532,4612
107924,40.6,40.2,45.7,10532,4612
107715,40.6,40.2,45.7,10532,4612
643,40.6,40.2,45.7,10532,4612
24721,40.6,40.2,45.7,10532,4612
74,40.6,40.2,45.7,10532,4612
75,40.6,40.2,45.7,10532,4612
84,40.6,40.2,45.7,10532,4612
173857,40.6,40.2,45.7,10532,4612
416,40.6,40.2,45.7,10532,4612
989,40.6,40.2,45.7,10532,4612
77,40.6,40.2,45.7,10532,4612
993,40.6,40.2,45.7,10532,4612
100514,40.6,40.2,45.7,10532,4612
175257,40.6,40.2,45.7,10532,4612
1004,40.6,40.2,45.7,10532,4612
73,40.6,40.2,45.7,10532,4612
3335,40.6,40.2,45.7,10532,4612
80,40.6,40.2,45.7,10532,4612
7956,40.6,40.2,45.7,10532,4612
81,40.6,40.2,45.7,10532,4612
76,40.6,40.2,45.7,10532,4612
109097,47.6,45.5,46.8,7943,4736
134510,47.6,45.5,46.8,7943,4736
143079,47.6,45.5,46.8,7943,4736
127671,47.6,45.5,46.8,7943,4736
104310,47.6,45.5,46.8,7943,4736
105286,47.6,45.5,46.8,7943,4736
108423,47.6,45.5,46.8,7943,4736
119341,47.6,45.5,46.8,7943,4736
113907,47.6,45.5,46.8,7943,4736
102234,47.6,45.5,46.8,7943,4736
27479,47.6,45.5,46.8,7943,4736
27474,47.6,45.5,46.8,7943,4736
106200,47.6,45.5,46.8,7943,4736
113117,47.6,45.5,46.8,7943,4736
117842,47.6,45.5,46.8,7943,4736
138204,47.6,45.5,46.8,7943,4736
27482,47.6,45.5,46.8,7943,4736
106201,47.6,45.5,46.8,7943,4736
110010,47.6,45.5,46.8,7943,4736
106199,47.6,45.5,46.8,7943,4736
181137,47.6,45.5,46.8,7943,4736
27481,47.6,45.5,46.8,7943,4736
115505,47.6,45.5,46.8,7943,4736
107663,47.6,45.5,46.8,7943,4736
27478,47.6,45.5,46.8,7943,4736
108472,47.6,45.5,46.8,7943,4736
140148,47.6,45.5,46.8,7943,4736
27480,47.6,45.5,46.8,7943,4736
102233,47.6,45.5,46.8,7943,4736
171078,47.6,45.5,46.8,7943,4736
27476,47.6,45.5,46.8,7943,4736
187478,47.6,45.5,46.8,7943,4736
111028,47.6,45.5,46.8,7943,4736
109215,47.6,45.5,46.8,7943,4736
112142,47.6,45.5,46.8,7943,4736
107025,47.6,45.5,46.8,7943,4736
27477,47.6,45.5,46.8,7943,4736
143074,47.6,45.5,46.8,7943,4736
111865,47.6,45.5,46.8,7943,4736
104311,47.6,45.5,46.8,7943,4736
113236,47.6,45.5,46.8,7943,4736
107024,47.6,45.5,46.8,7943,4736
107686,47.6,45.5,46.8,7943,4736
27475,47.6,45.5,46.8,7943,4736
113432,47.6,45.5,46.8,7943,4736
1156,47.6,45.5,46.8,7943,4736
110765,47.6,45.5,46.8,7943,4736
25874,47.6,45.5,46.8,7943,4736
102235,47.6,45.5,46.8,7943,4736
1324,47.6,45.5,46.8,7943,4736
22570,47.6,45.5,46.8,7943,4736
9682,47.6,45.5,46.8,7943,4736
19578,47.6,45.5,46.8,7943,4736
118210,47.6,45.5,46.8,7943,4736
121977,47.6,45.5,46.8,7943,4736
108187,47.6,45.5,46.8,7943,4736
1313,47.6,45.5,46.8,7943,4736
1315,47.6,45.5,46.8,7943,4736
1311,47.6,45.5,46.8,7943,4736
875,47.6,45.5,46.8,7943,4736
154118,47.6,45.5,46.8,7943,4736
1290,47.6,45.5,46.8,7943,4736
119933,47.6,45.5,46.8,7943,4736
903,47.6,45.5,46.8,7943,4736
27212,47.6,45.5,46.8,7943,4736
1314,47.6,45.5,46.8,7943,4736
1292,47.6,45.5,46.8,7943,4736
8755,47.6,45.5,46.8,7943,4736
997,47.6,45.5,46.8,7943,4736
167997,47.6,45.5,46.8,7943,4736
117309,47.6,45.5,46.8,7943,4736
996,47.6,45.5,46.8,7943,4736
134513,47.6,45.5,46.8,7943,4736
3118,47.6,45.5,46.8,7943,4736
3116,47.6,45.5,46.8,7943,4736
116836,47.6,45.5,46.8,7943,4736
120960,42.8,42.7,39.0,1341,477
121427,42.8,42.7,39.0,1341,477
22781,42.8,42.7,39.0,1341,477
125930,42.8,42.7,39.0,1341,477
127071,42.8,42.7,39.0,1341,477
112697,42.8,42.7,39.0,1341,477
136604,42.8,42.7,39.0,1341,477
136745,42.8,42.7,39.0,1341,477
133573,42.8,42.7,39.0,1341,477
102312,42.8,42.7,39.0,1341,477
136750,42.8,42.7,39.0,1341,477
22779,42.8,42.7,39.0,1341,477
182278,53.7,49.5,33.1,5896,4638
100395,53.7,49.5,33.1,5896,4638
22727,53.7,49.5,33.1,5896,4638
122487,53.7,49.5,33.1,5896,4638
25937,53.7,49.5,33.1,5896,4638
22814,53.7,49.5,33.1,5896,4638
3089,53.7,49.5,33.1,5896,4638
8483,53.7,49.5,33.1,5896,4638
100253,53.7,49.5,33.1,5896,4638
100232,53.7,49.5,33.1,5896,4638
27343,53.7,49.5,33.1,5896,4638
145021,53.7,49.5,33.1,5896,4638
110790,53.7,49.5,33.1,5896,4638
179517,53.7,49.5,33.1,5896,4638
110485,53.7,49.5,33.1,5896,4638
107694,53.7,49.5,33.1,5896,4638
26541,53.7,49.5,33.1,5896,4638
129842,67.8,60.0,33.5,3819,3672
2890,67.8,60.0,33.5,3819,3672
123900,67.8,60.0,33.5,3819,3672
2906,67.8,60.0,33.5,3819,3672
7998,67.8,60.0,33.5,3819,3672
2886,67.8,60.0,33.5,3819,3672
2630,67.8,60.0,33.5,3819,3672
122682,67.8,60.0,33.5,3819,3672
2626,67.8,60.0,33.5,3819,3672
114455,67.8,60.0,33.5,3819,3672
3865,67.8,60.0,33.5,3819,3672
1470,67.8,60.0,33.5,3819,3672
2625,67.8,60.0,33.5,3819,3672
152005,67.8,60.0,33.5,3819,3672
2628,67.8,60.0,33.5,3819,3672
2629,67.8,60.0,33.5,3819,3672
8386,67.8,60.0,33.5,3819,3672
18607,67.8,60.0,33.5,3819,3672
2908,67.8,60.0,33.5,3819,3672
101283,67.8,60.0,33.5,3819,3672
2622,67.8,60.0,33.5,3819,3672
3584,67.8,60.0,33.5,3819,3672
107639,67.8,60.0,33.5,3819,3672
2897,67.8,60.0,33.5,3819,3672
3864,67.8,60.0,33.5,3819,3672
113297,67.8,60.0,33.5,3819,3672
1476,67.8,60.0,33.5,3819,3672
2898,67.8,60.0,33.5,3819,3672
2896,67.8,60.0,33.5,3819,3672
2887,67.8,60.0,33.5,3819,3672
2889,67.8,60.0,33.5,3819,3672
2888,67.8,60.0,33.5,3819,3672
2895,67.8,60.0,33.5,3819,3672
13865,67.8,60.0,33.5,3819,3672
114454,67.8,60.0,33.5,3819,3672
104999,67.8,60.0,33.5,3819,3672
2572,67.8,60.0,33.5,3819,3672
1665,67.8,60.0,33.5,3819,3672
138694,67.8,60.0,33.5,3819,3672
104996,67.8,60.0,33.5,3819,3672
8960,67.8,60.0,33.5,3819,3672
2573,67.8,60.0,33.5,3819,3672
8036,67.8,60.0,33.5,3819,3672
2574,67.8,60.0,33.5,3819,3672
8333,67.8,60.0,33.5,3819,3672
12089,67.8,60.0,33.5,3819,3672
1664,67.8,60.0,33.5,3819,3672
104998,67.8,60.0,33.5,3819,3672
12939,67.8,60.0,33.5,3819,3672
3581,67.8,60.0,33.5,3819,3672
14490,67.8,60.0,33.5,3819,3672
8146,67.8,60.0,33.5,3819,3672
2073,67.8,60.0,33.5,3819,3672
2078,67.8,60.0,33.5,3819,3672
2072,67.8,60.0,33.5,3819,3672
27454,67.8,60.0,33.5,3819,3672
9347,67.8,60.0,33.5,3819,3672
121667,67.8,60.0,33.5,3819,3672
143058,67.8,60.0,33.5,3819,3672
3718,67.8,60.0,33.5,3819,3672
8789,67.8,60.0,33.5,3819,3672
2071,67.8,60.0,33.5,3819,3672
26398,67.8,60.0,33.5,3819,3672
24088,67.8,60.0,33.5,3819,3672
118123,67.8,60.0,33.5,3819,3672
101481,67.8,60.0,33.5,3819,3672
113266,67.8,60.0,33.5,3819,3672
111115,67.8,60.0,33.5,3819,3672
121911,67.8,60.0,33.5,3819,3672
118214,67.8,60.0,33.5,3819,3672
188277,67.8,60.0,33.5,3819,3672
2788,67.8,60.0,33.5,3819,3672
145260,67.8,60.0,33.5,3819,3672
9316,67.8,60.0,33.5,3819,3672
101480,67.8,60.0,33.5,3819,3672
8795,67.8,60.0,33.5,3819,3672
2067,67.8,60.0,33.5,3819,3672
7963,67.8,60.0,33.5,3819,3672
3933,67.2,68.3,50.9,5892,4736
3654,67.2,68.3,50.9,5892,4736
3876,67.2,68.3,50.9,5892,4736
119213,67.2,68.3,50.9,5892,4736
2333,67.2,68.3,50.9,5892,4736
8167,67.2,68.3,50.9,5892,4736
117077,67.2,68.3,50.9,5892,4736
11376,67.2,68.3,50.9,5892,4736
8168,67.2,68.3,50.9,5892,4736
8166,67.2,68.3,50.9,5892,4736
2519,67.2,68.3,50.9,5892,4736
3877,67.2,68.3,50.9,5892,4736
125319,67.2,68.3,50.9,5892,4736
3872,67.2,68.3,50.9,5892,4736
23643,67.2,68.3,50.9,5892,4736
118655,67.2,68.3,50.9,5892,4736
108487,67.2,68.3,50.9,5892,4736
115228,67.2,68.3,50.9,5892,4736
26120,67.2,68.3,50.9,5892,4736
26119,67.2,68.3,50.9,5892,4736
156458,67.2,68.3,50.9,5892,4736
4706,67.2,68.3,50.9,5892,4736
2840,67.2,68.3,50.9,5892,4736
101735,67.2,68.3,50.9,5892,4736
26924,67.2,68.3,50.9,5892,4736
2540,67.2,68.3,50.9,5892,4736
26801,67.2,68.3,50.9,5892,4736
109841,67.2,68.3,50.9,5892,4736
149425,67.2,68.3,50.9,5892,4736
148117,67.2,68.3,50.9,5892,4736
166042,67.2,68.3,50.9,5892,4736
162677,67.2,68.3,50.9,5892,4736
119492,67.2,68.3,50.9,5892,4736
110501,67.2,68.3,50.9,5892,4736
122645,67.2,68.3,50.9,5892,4736
8741,67.2,68.3,50.9,5892,4736
24701,67.2,68.3,50.9,5892,4736
108261,67.2,68.3,50.9,5892,4736
24702,67.2,68.3,50.9,5892,4736
3874,67.2,68.3,50.9,5892,4736
120122,67.2,68.3,50.9,5892,4736
120231,67.2,68.3,50.9,5892,4736
110004,67.2,68.3,50.9,5892,4736
109526,67.2,68.3,50.9,5892,4736
110479,67.2,68.3,50.9,5892,4736
120395,67.2,68.3,50.9,5892,4736
135705,67.2,68.3,50.9,5892,4736
122646,67.2,68.3,50.9,5892,4736
112810,67.2,68.3,50.9,5892,4736
101566,67.2,68.3,50.9,5892,4736
163417,67.2,68.3,50.9,5892,4736
113318,67.2,68.3,50.9,5892,4736
115496,67.2,68.3,50.9,5892,4736
105368,67.2,68.3,50.9,5892,4736
107680,67.2,68.3,50.9,5892,4736
101348,67.2,68.3,50.9,5892,4736
113035,67.2,68.3,50.9,5892,4736
122647,67.2,68.3,50.9,5892,4736
101347,67.2,68.3,50.9,5892,4736
115497,67.2,68.3,50.9,5892,4736
101325,67.2,68.3,50.9,5892,4736
128038,67.2,68.3,50.9,5892,4736
100685,67.2,68.3,50.9,5892,4736
4702,67.2,68.3,50.9,5892,4736
3934,67.2,68.3,50.9,5892,4736
3922,67.2,68.3,50.9,5892,4736
3935,67.2,68.3,50.9,5892,4736
4909,67.2,68.3,50.9,5892,4736
111766,67.2,68.3,50.9,5892,4736
3929,67.2,68.3,50.9,5892,4736
111120,67.2,68.3,50.9,5892,4736
4708,67.2,68.3,50.9,5892,4736
3930,67.2,68.3,50.9,5892,4736
3931,67.2,68.3,50.9,5892,4736
3927,67.2,68.3,50.9,5892,4736
3588,67.2,68.3,50.9,5892,4736
107015,67.2,68.3,50.9,5892,4736
148541,67.2,68.3,50.9,5892,4736
151666,67.2,68.3,50.9,5892,4736
146059,67.2,68.3,50.9,5892,4736
8171,67.2,68.3,50.9,5892,4736
120232,67.2,68.3,50.9,5892,4736
101567,67.2,68.3,50.9,5892,4736
3867,67.2,68.3,50.9,5892,4736
3868,67.2,68.3,50.9,5892,4736
103407,67.2,68.3,50.9,5892,4736
3866,67.2,68.3,50.9,5892,4736
103405,67.2,68.3,50.9,5892,4736
112809,67.2,68.3,50.9,5892,4736
110544,67.2,68.3,50.9,5892,4736
100724,67.2,68.3,50.9,5892,4736
113309,67.2,68.3,50.9,5892,4736
105159,67.2,68.3,50.9,5892,4736
100674,67.2,68.3,50.9,5892,4736
104554,67.2,68.3,50.9,5892,4736
114583,67.2,68.3,50.9,5892,4736
100380,67.2,68.3,50.9,5892,4736
3587,67.2,68.3,50.9,5892,4736
3919,67.2,68.3,50.9,5892,4736
26227,67.2,68.3,50.9,5892,4736
26242,67.2,68.3,50.9,5892,4736
101351,67.2,68.3,50.9,5892,4736
3920,67.2,68.3,50.9,5892,4736
140030,67.2,68.3,50.9,5892,4736
134804,67.2,68.3,50.9,5892,4736
136828,67.2,68.3,50.9,5892,4736
127111,67.2,68.3,50.9,5892,4736
3923,67.2,68.3,50.9,5892,4736
3924,67.2,68.3,50.9,5892,4736
130335,67.2,68.3,50.9,5892,4736
3926,67.2,68.3,50.9,5892,4736
8161,67.2,68.3,50.9,5892,4736
130792,67.2,68.3,50.9,5892,4736
115483,67.2,68.3,50.9,5892,4736
128333,67.2,68.3,50.9,5892,4736
104017,67.2,68.3,50.9,5892,4736
128034,67.2,68.3,50.9,5892,4736
8160,67.2,68.3,50.9,5892,4736
104018,67.2,68.3,50.9,5892,4736
124847,67.2,68.3,50.9,5892,4736
124980,67.2,68.3,50.9,5892,4736
148022,67.2,68.3,50.9,5892,4736
26927,67.2,68.3,50.9,5892,4736
128423,67.2,68.3,50.9,5892,4736
128035,67.2,68.3,50.9,5892,4736
26856,67.2,68.3,50.9,5892,4736
125933,67.2,68.3,50.9,5892,4736
124846,67.2,68.3,50.9,5892,4736
124978,67.2,68.3,50.9,5892,4736
1689,68.7,67.6,40.6,1965,2089
18957,68.7,67.6,40.6,1965,2089
3960,68.7,67.6,40.6,1965,2089
110681,68.7,67.6,40.6,1965,2089
14462,68.7,67.6,40.6,1965,2089
1701,68.7,67.6,40.6,1965,2089
110647,68.7,67.6,40.6,1965,2089
9110,68.7,67.6,40.6,1965,2089
117302,68.7,67.6,40.6,1965,2089
103865,68.7,67.6,40.6,1965,2089
2647,68.7,67.6,40.6,1965,2089
145661,68.7,67.6,40.6,1965,2089
1712,68.7,67.6,40.6,1965,2089
2636,68.7,67.6,40.6,1965,2089
1711,68.7,67.6,40.6,1965,2089
2487,68.7,67.6,40.6,1965,2089
124533,68.7,67.6,40.6,1965,2089
1398,68.7,67.6,40.6,1965,2089
1399,68.7,67.6,40.6,1965,2089
1394,68.7,67.6,40.6,1965,2089
11144,68.7,67.6,40.6,1965,2089
1392,68.7,67.6,40.6,1965,2089
25776,68.7,67.6,40.6,1965,2089
1393,68.7,67.6,40.6,1965,2089
1428,68.7,67.6,40.6,1965,2089
26987,68.7,67.6,40.6,1965,2089
116492,68.7,67.6,40.6,1965,2089
23576,68.7,67.6,40.6,1965,2089
1709,68.7,67.6,40.6,1965,2089
12683,68.7,67.6,40.6,1965,2089
108756,68.7,67.6,40.6,1965,2089
1704,68.7,67.6,40.6,1965,2089
1706,68.7,67.6,40.6,1965,2089
3617,68.7,67.6,40.6,1965,2089
25374,68.7,67.6,40.6,1965,2089
26076,68.7,67.6,40.6,1965,2089
22104,68.7,67.6,40.6,1965,2089
113080,68.7,67.6,40.6,1965,2089
2648,68.7,67.6,40.6,1965,2089
8406,64.7,72.2,54.6,725,684
25826,64.7,72.2,54.6,725,684
22142,64.7,72.2,54.6,725,684
22144,64.7,72.2,54.6,725,684
1433,64.7,72.2,54.6,725,684
1436,64.7,72.2,54.6,725,684
13824,64.7,72.2,54.6,725,684
22145,64.7,72.2,54.6,725,684
27539,64.7,72.2,54.6,725,684
27540,64.7,72.2,54.6,725,684
107328,64.7,72.2,54.6,725,684
8403,64.7,72.2,54.6,725,684
103855,64.7,72.2,54.6,725,684
24201,64.7,72.2,54.6,725,684
8407,64.7,72.2,54.6,725,684
3612,64.7,72.2,54.6,725,684
8247,64.7,72.2,54.6,725,684
3597,64.7,72.2,54.6,725,684
3601,64.7,72.2,54.6,725,684
3602,64.7,72.2,54.6,725,684
3608,64.7,72.2,54.6,725,684
3609,64.7,72.2,54.6,725,684
1415,64.7,72.2,54.6,725,684
1414,64.7,72.2,54.6,725,684
1413,64.7,72.2,54.6,725,684
101193,64.7,72.2,54.6,725,684
1435,66.1,60.2,42.4,4383,3900
1419,66.1,60.2,42.4,4383,3900
1412,66.1,60.2,42.4,4383,3900
1405,66.1,60.2,42.4,4383,3900
1409,66.1,60.2,42.4,4383,3900
1420,66.1,60.2,42.4,4383,3900
1429,66.1,60.2,42.4,4383,3900
9119,66.1,60.2,42.4,4383,3900
8283,66.1,60.2,42.4,4383,3900
1430,66.1,60.2,42.4,4383,3900
9413,66.1,60.2,42.4,4383,3900
1438,66.1,60.2,42.4,4383,3900
1404,66.1,60.2,42.4,4383,3900
1406,66.1,60.2,42.4,4383,3900
1418,66.1,60.2,42.4,4383,3900
1421,66.1,60.2,42.4,4383,3900
3613,66.1,60.2,42.4,4383,3900
3611,66.1,60.2,42.4,4383,3900
1425,66.1,60.2,42.4,4383,3900
1417,66.1,60.2,42.4,4383,3900
1424,66.1,60.2,42.4,4383,3900
3610,66.1,60.2,42.4,4383,3900
3596,66.1,60.2,42.4,4383,3900
3615,66.1,60.2,42.4,4383,3900
8351,66.1,60.2,42.4,4383,3900
3599,66.1,60.2,42.4,4383,3900
3600,66.1,60.2,42.4,4383,3900
22322,66.1,60.2,42.4,4383,3900
2425,66.1,60.2,42.4,4383,3900
10726,66.1,60.2,42.4,4383,3900
9945,66.1,60.2,42.4,4383,3900
2969,45.3,45.4,37.6,10384,5910
2900,45.3,45.4,37.6,10384,5910
2617,45.3,45.4,37.6,10384,5910
2879,45.3,45.4,37.6,10384,5910
2533,45.3,45.4,37.6,10384,5910
2591,45.3,45.4,37.6,10384,5910
1353,45.3,45.4,37.6,10384,5910
2213,45.3,45.4,37.6,10384,5910
11491,45.3,45.4,37.6,10384,5910
2675,45.3,45.4,37.6,10384,5910
1576,45.3,45.4,37.6,10384,5910
2194,45.3,45.4,37.6,10384,5910
2942,45.3,45.4,37.6,10384,5910
1705,45.3,45.4,37.6,10384,5910
1382,45.3,45.4,37.6,10384,5910
1873,45.3,45.4,37.6,10384,5910
8174,45.3,45.4,37.6,10384,5910
24301,45.3,45.4,37.6,10384,5910
2536,45.3,45.4,37.6,10384,5910
2222,45.3,45.4,37.6,10384,5910
2223,45.3,45.4,37.6,10384,5910
10422,45.3,45.4,37.6,10384,5910
24299,45.3,45.4,37.6,10384,5910
8175,45.3,45.4,37.6,10384,5910
24290,45.3,45.4,37.6,10384,5910
2535,45.3,45.4,37.6,10384,5910
2789,45.3,45.4,37.6,10384,5910
13336,45.3,45.4,37.6,10384,5910
10850,45.3,45.4,37.6,10384,5910
8627,45.3,45.4,37.6,10384,5910
8164,45.3,45.4,37.6,10384,5910
8725,45.3,45.4,37.6,10384,5910
8173,45.3,45.4,37.6,10384,5910
8165,45.3,45.4,37.6,10384,5910
153672,45.3,45.4,37.6,10384,5910
8292,45.3,45.4,37.6,10384,5910
3711,45.3,45.4,37.6,10384,5910
7966,45.3,45.4,37.6,10384,5910
2767,45.3,45.4,37.6,10384,5910
2637,45.3,45.4,37.6,10384,5910
2784,45.3,45.4,37.6,10384,5910
2623,45.3,45.4,37.6,10384,5910
2690,45.3,45.4,37.6,10384,5910
2742,45.3,45.4,37.6,10384,5910
2645,45.3,45.4,37.6,10384,5910
3014,45.3,45.4,37.6,10384,5910
153998,45.3,45.4,37.6,10384,5910
1354,45.3,45.4,37.6,10384,5910
100443,45.3,45.4,37.6,10384,5910
3084,45.3,45.4,37.6,10384,5910
2907,45.3,45.4,37.6,10384,5910
2829,45.3,45.4,37.6,10384,5910
118128,45.3,45.4,37.6,10384,5910
2797,45.3,45.4,37.6,10384,5910
2663,45.3,45.4,37.6,10384,5910
2719,45.3,45.4,37.6,10384,5910
121966,45.3,45.4,37.6,10384,5910
112793,45.3,45.4,37.6,10384,5910
3706,45.3,45.4,37.6,10384,5910
8361,45.3,45.4,37.6,10384,5910
9390,45.3,45.4,37.6,10384,5910
124832,45.3,45.4,37.6,10384,5910
126520,45.3,45.4,37.6,10384,5910
124826,45.3,45.4,37.6,10384,5910
124842,45.3,45.4,37.6,10384,5910
126522,45.3,45.4,37.6,10384,5910
112792,45.3,45.4,37.6,10384,5910
2415,45.3,45.4,37.6,10384,5910
2578,45.3,45.4,37.6,10384,5910
2063,45.3,45.4,37.6,10384,5910
27631,45.3,45.4,37.6,10384,5910
1879,45.3,45.4,37.6,10384,5910
27632,45.3,45.4,37.6,10384,5910
27497,45.3,45.4,37.6,10384,5910
27577,45.3,45.4,37.6,10384,5910
27204,45.3,45.4,37.6,10384,5910
2530,45.3,45.4,37.6,10384,5910
2445,45.3,45.4,37.6,10384,5910
27643,45.3,45.4,37.6,10384,5910
27578,45.3,45.4,37.6,10384,5910
27596,45.3,45.4,37.6,10384,5910
27569,45.3,45.4,37.6,10384,5910
27570,45.3,45.4,37.6,10384,5910
1525,45.3,45.4,37.6,10384,5910
1724,45.3,45.4,37.6,10384,5910
1687,45.3,45.4,37.6,10384,5910
1789,45.3,45.4,37.6,10384,5910
1777,45.3,45.4,37.6,10384,5910
1817,45.3,45.4,37.6,10384,5910
1821,45.3,45.4,37.6,10384,5910
2813,45.3,45.4,37.6,10384,5910
109521,45.3,45.4,37.6,10384,5910
2583,45.3,45.4,37.6,10384,5910
2876,45.3,45.4,37.6,10384,5910
2229,45.3,45.4,37.6,10384,5910
2217,45.3,45.4,37.6,10384,5910
100267,45.3,45.4,37.6,10384,5910
2484,45.3,45.4,37.6,10384,5910
2198,45.3,45.4,37.6,10384,5910
2555,45.3,45.4,37.6,10384,5910
27371,45.3,45.4,37.6,10384,5910
2872,45.3,45.4,37.6,10384,5910
2537,45.3,45.4,37.6,10384,5910
27239,45.3,45.4,37.6,10384,5910
27205,45.3,45.4,37.6,10384,5910
2510,45.3,45.4,37.6,10384,5910
2493,45.3,45.4,37.6,10384,5910
2466,45.3,45.4,37.6,10384,5910
2392,45.3,45.4,37.6,10384,5910
3309,45.3,45.4,37.6,10384,5910
2174,45.3,45.4,37.6,10384,5910
2319,45.3,45.4,37.6,10384,5910
107322,45.3,45.4,37.6,10384,5910
2662,45.3,45.4,37.6,10384,5910
2140,45.3,45.4,37.6,10384,5910
2875,45.3,45.4,37.6,10384,5910
102283,45.3,45.4,37.6,10384,5910
26187,45.3,45.4,37.6,10384,5910
101406,45.3,45.4,37.6,10384,5910
102038,45.3,45.4,37.6,10384,5910
27863,45.3,45.4,37.6,10384,5910
27633,45.3,45.4,37.6,10384,5910
27864,45.3,45.4,37.6,10384,5910
27507,45.3,45.4,37.6,10384,5910
27392,45.3,45.4,37.6,10384,5910
128970,53.7,50.9,47.5,3063,1877
165357,53.7,50.9,47.5,3063,1877
118718,53.7,50.9,47.5,3063,1877
2658,53.7,50.9,47.5,3063,1877
2657,53.7,50.9,47.5,3063,1877
9938,53.7,50.9,47.5,3063,1877
8413,53.7,50.9,47.5,3063,1877
122483,53.7,50.9,47.5,3063,1877
161457,53.7,50.9,47.5,3063,1877
176718,53.7,50.9,47.5,3063,1877
159777,53.7,50.9,47.5,3063,1877
137596,53.7,50.9,47.5,3063,1877
8414,53.7,50.9,47.5,3063,1877
26993,53.7,50.9,47.5,3063,1877
159780,53.7,50.9,47.5,3063,1877
159778,53.7,50.9,47.5,3063,1877
159781,53.7,50.9,47.5,3063,1877
176717,53.7,50.9,47.5,3063,1877
27291,53.7,50.9,47.5,3063,1877
126145,53.7,50.9,47.5,3063,1877
27076,53.7,50.9,47.5,3063,1877
27075,53.7,50.9,47.5,3063,1877
161458,53.7,50.9,47.5,3063,1877
126153,53.7,50.9,47.5,3063,1877
118771,53.7,50.9,47.5,3063,1877
17848,53.7,50.9,47.5,3063,1877
102185,53.7,50.9,47.5,3063,1877
1739,53.7,50.9,47.5,3063,1877
2659,53.7,50.9,47.5,3063,1877
1736,53.7,50.9,47.5,3063,1877
1735,53.7,50.9,47.5,3063,1877
113013,53.7,50.9,47.5,3063,1877
18542,53.7,50.9,47.5,3063,1877
1749,53.7,50.9,47.5,3063,1877
18527,53.7,50.9,47.5,3063,1877
2660,53.7,50.9,47.5,3063,1877
8357,58.7,55.2,40.1,1846,1817
10698,64.5,65.2,57.8,3815,4687
25982,64.5,65.2,57.8,3815,4687
2666,64.5,65.2,57.8,3815,4687
11214,64.5,65.2,57.8,3815,4687
2667,64.5,65.2,57.8,3815,4687
110169,64.5,65.2,57.8,3815,4687
2668,64.5,65.2,57.8,3815,4687
2669,64.5,65.2,57.8,3815,4687
19014,64.5,65.2,57.8,3815,4687
19015,64.5,65.2,57.8,3815,4687
2670,64.5,65.2,57.8,3815,4687
129683,64.5,65.2,57.8,3815,4687
18995,64.5,65.2,57.8,3815,4687
113204,64.5,65.2,57.8,3815,4687
14763,64.5,65.2,57.8,3815,4687
1771,64.5,65.2,57.8,3815,4687
3625,64.5,65.2,57.8,3815,4687
1761,64.5,65.2,57.8,3815,4687
10594,64.5,65.2,57.8,3815,4687
115709,64.5,65.2,57.8,3815,4687
115708,64.5,65.2,57.8,3815,4687
1762,64.5,65.2,57.8,3815,4687
137330,64.5,65.2,57.8,3815,4687
133673,64.5,65.2,57.8,3815,4687
130136,64.5,65.2,57.8,3815,4687
146651,64.5,65.2,57.8,3815,4687
1758,64.5,65.2,57.8,3815,4687
1766,64.5,65.2,57.8,3815,4687
107330,64.5,65.2,57.8,3815,4687
109412,64.5,65.2,57.8,3815,4687
3623,64.5,65.2,57.8,3815,4687
137187,64.5,65.2,57.8,3815,4687
109075,64.5,65.2,57.8,3815,4687
130135,64.5,65.2,57.8,3815,4687
1754,64.5,65.2,57.8,3815,4687
136422,64.5,65.2,57.8,3815,4687
8843,64.5,65.2,57.8,3815,4687
101370,64.5,65.2,57.8,3815,4687
8656,64.5,65.2,57.8,3815,4687
3622,64.5,65.2,57.8,3815,4687
12681,64.5,65.2,57.8,3815,4687
103518,64.5,65.2,57.8,3815,4687
136398,64.5,65.2,57.8,3815,4687
101122,64.5,65.2,57.8,3815,4687
103517,64.5,65.2,57.8,3815,4687
101371,64.5,65.2,57.8,3815,4687
8655,64.5,65.2,57.8,3815,4687
8491,64.5,65.2,57.8,3815,4687
1764,64.5,65.2,57.8,3815,4687
101132,64.5,65.2,57.8,3815,4687
10398,64.5,65.2,57.8,3815,4687
2722,64.5,65.2,57.8,3815,4687
1776,64.5,65.2,57.8,3815,4687
1774,64.5,65.2,57.8,3815,4687
2677,64.5,65.2,57.8,3815,4687
1779,64.5,65.2,57.8,3815,4687
2725,64.5,65.2,57.8,3815,4687
142498,64.5,65.2,57.8,3815,4687
2671,64.5,65.2,57.8,3815,4687
2721,64.5,65.2,57.8,3815,4687
9279,64.5,65.2,57.8,3815,4687
1780,64.5,65.2,57.8,3815,4687
173177,64.5,65.2,57.8,3815,4687
3643,64.5,65.2,57.8,3815,4687
171897,64.5,65.2,57.8,3815,4687
2672,64.5,65.2,57.8,3815,4687
3980,64.5,65.2,57.8,3815,4687
7978,64.5,65.2,57.8,3815,4687
9513,64.5,65.2,57.8,3815,4687
109632,64.5,65.2,57.8,3815,4687
3637,64.5,65.2,57.8,3815,4687
2586,64.5,65.2,57.8,3815,4687
1757,64.5,65.2,57.8,3815,4687
11986,64.5,65.2,57.8,3815,4687
100374,64.5,65.2,57.8,3815,4687
22911,64.5,65.2,57.8,3815,4687
107250,64.5,65.2,57.8,3815,4687
1759,64.5,65.2,57.8,3815,4687
2587,64.5,65.2,57.8,3815,4687
102005,64.5,65.2,57.8,3815,4687
1788,64.5,65.2,57.8,3815,4687
3636,64.5,65.2,57.8,3815,4687
3633,64.5,65.2,57.8,3815,4687
3635,64.5,65.2,57.8,3815,4687
3634,64.5,65.2,57.8,3815,4687
104987,64.5,65.2,57.8,3815,4687
107018,64.5,65.2,57.8,3815,4687
1773,64.5,65.2,57.8,3815,4687
118142,64.5,65.2,57.8,3815,4687
104986,64.5,65.2,57.8,3815,4687
110807,64.5,65.2,57.8,3815,4687
117005,64.5,65.2,57.8,3815,4687
109819,64.5,65.2,57.8,3815,4687
110806,64.5,65.2,57.8,3815,4687
132609,64.5,65.2,57.8,3815,4687
132751,64.5,65.2,57.8,3815,4687
115414,64.5,65.2,57.8,3815,4687
140601,64.5,65.2,57.8,3815,4687
2681,64.5,65.2,57.8,3815,4687
2682,64.5,65.2,57.8,3815,4687
140599,64.5,65.2,57.8,3815,4687
18996,64.5,65.2,57.8,3815,4687
104300,64.5,65.2,57.8,3815,4687
101719,64.5,65.2,57.8,3815,4687
10644,64.5,65.2,57.8,3815,4687
24123,64.5,65.2,57.8,3815,4687
2728,64.5,65.2,57.8,3815,4687
2720,64.5,65.2,57.8,3815,4687
19006,64.5,65.2,57.8,3815,4687
8496,64.5,65.2,57.8,3815,4687
24615,64.5,65.2,57.8,3815,4687
124237,64.5,65.2,57.8,3815,4687
10390,64.5,65.2,57.8,3815,4687
2727,64.5,65.2,57.8,3815,4687
2751,64.5,65.2,57.8,3815,4687
107275,64.5,65.2,57.8,3815,4687
128305,64.5,65.2,57.8,3815,4687
129264,64.5,65.2,57.8,3815,4687
107276,64.5,65.2,57.8,3815,4687
109626,64.5,65.2,57.8,3815,4687
115419,64.5,65.2,57.8,3815,4687
107740,64.5,65.2,57.8,3815,4687
25553,64.5,65.2,57.8,3815,4687
25554,64.5,65.2,57.8,3815,4687
25983,64.5,65.2,57.8,3815,4687
1830,64.5,65.2,57.8,3815,4687
12913,64.5,65.2,57.8,3815,4687
9127,64.5,65.2,57.8,3815,4687
9950,64.5,65.2,57.8,3815,4687
1823,64.5,65.2,57.8,3815,4687
1824,64.5,65.2,57.8,3815,4687
110302,64.5,65.2,57.8,3815,4687
1828,64.5,65.2,57.8,3815,4687
1826,64.5,65.2,57.8,3815,4687
10732,64.5,65.2,57.8,3815,4687
3638,59.6,57.5,38.1,7139,6323
2588,59.6,57.5,38.1,7139,6323
3988,59.6,57.5,38.1,7139,6323
3991,59.6,57.5,38.1,7139,6323
7965,59.6,57.5,38.1,7139,6323
26764,59.6,57.5,38.1,7139,6323
109249,59.6,57.5,38.1,7139,6323
109929,59.6,57.5,38.1,7139,6323
131197,59.6,57.5,38.1,7139,6323
23773,59.6,57.5,38.1,7139,6323
12045,59.6,57.5,38.1,7139,6323
107825,59.6,57.5,38.1,7139,6323
109883,59.6,57.5,38.1,7139,6323
26762,59.6,57.5,38.1,7139,6323
135200,59.6,57.5,38.1,7139,6323
7954,59.6,57.5,38.1,7139,6323
131810,59.6,57.5,38.1,7139,6323
109360,59.6,57.5,38.1,7139,6323
3631,59.6,57.5,38.1,7139,6323
7952,59.6,57.5,38.1,7139,6323
3629,59.6,57.5,38.1,7139,6323
8400,59.6,57.5,38.1,7139,6323
3725,59.6,57.5,38.1,7139,6323
23770,59.6,57.5,38.1,7139,6323
3628,59.6,57.5,38.1,7139,6323
3726,59.6,57.5,38.1,7139,6323
3728,59.6,57.5,38.1,7139,6323
9243,59.6,57.5,38.1,7139,6323
1803,59.6,57.5,38.1,7139,6323
3632,59.6,57.5,38.1,7139,6323
3627,59.6,57.5,38.1,7139,6323
11236,59.6,57.5,38.1,7139,6323
3727,59.6,57.5,38.1,7139,6323
12042,59.6,57.5,38.1,7139,6323
3688,59.6,57.5,38.1,7139,6323
105153,59.6,57.5,38.1,7139,6323
3630,59.6,57.5,38.1,7139,6323
22521,59.6,57.5,38.1,7139,6323
1784,59.6,57.5,38.1,7139,6323
1795,59.6,57.5,38.1,7139,6323
1816,59.6,57.5,38.1,7139,6323
1787,59.6,57.5,38.1,7139,6323
9075,59.6,57.5,38.1,7139,6323
9101,59.6,57.5,38.1,7139,6323
1782,59.6,57.5,38.1,7139,6323
8920,59.6,57.5,38.1,7139,6323
11743,59.6,57.5,38.1,7139,6323
25771,59.6,57.5,38.1,7139,6323
100273,59.6,57.5,38.1,7139,6323
1796,59.6,57.5,38.1,7139,6323
103682,59.6,57.5,38.1,7139,6323
1786,59.6,57.5,38.1,7139,6323
13698,59.6,57.5,38.1,7139,6323
1785,59.6,57.5,38.1,7139,6323
25718,59.6,57.5,38.1,7139,6323
1832,59.6,57.5,38.1,7139,6323
2494,59.6,57.5,38.1,7139,6323
135549,59.6,57.5,38.1,7139,6323
1794,59.6,57.5,38.1,7139,6323
1833,59.6,57.5,38.1,7139,6323
101600,59.6,57.5,38.1,7139,6323
135404,59.6,57.5,38.1,7139,6323
3992,59.6,57.5,38.1,7139,6323
10359,59.6,57.5,38.1,7139,6323
1808,59.6,57.5,38.1,7139,6323
7953,59.6,57.5,38.1,7139,6323
1809,59.6,57.5,38.1,7139,6323
1812,59.6,57.5,38.1,7139,6323
10685,59.6,57.5,38.1,7139,6323
10285,59.6,57.5,38.1,7139,6323
1804,59.6,57.5,38.1,7139,6323
27029,59.6,57.5,38.1,7139,6323
110641,59.6,57.5,38.1,7139,6323
134382,59.6,57.5,38.1,7139,6323
1815,59.6,57.5,38.1,7139,6323
112441,59.6,57.5,38.1,7139,6323
27584,59.6,57.5,38.1,7139,6323
102605,59.6,57.5,38.1,7139,6323
101273,59.6,57.5,38.1,7139,6323
27534,59.6,57.5,38.1,7139,6323
27656,59.6,57.5,38.1,7139,6323
11648,59.6,57.5,38.1,7139,6323
2491,59.6,57.5,38.1,7139,6323
132600,59.6,57.5,38.1,7139,6323
2695,59.6,57.5,38.1,7139,6323
107650,59.6,57.5,38.1,7139,6323
25448,59.6,57.5,38.1,7139,6323
137232,59.6,57.5,38.1,7139,6323
110731,59.6,57.5,38.1,7139,6323
102119,59.6,57.5,38.1,7139,6323
136913,59.6,57.5,38.1,7139,6323
138183,59.6,57.5,38.1,7139,6323
102624,59.6,57.5,38.1,7139,6323
103034,59.6,57.5,38.1,7139,6323
101239,59.6,57.5,38.1,7139,6323
120759,59.6,57.5,38.1,7139,6323
102536,59.6,57.5,38.1,7139,6323
26281,59.6,57.5,38.1,7139,6323
101301,59.6,57.5,38.1,7139,6323
137233,59.6,57.5,38.1,7139,6323
1845,64.0,62.1,32.8,3288,2591
131763,64.0,62.1,32.8,3288,2591
17267,64.0,62.1,32.8,3288,2591
3645,64.0,62.1,32.8,3288,2591
19435,64.0,62.1,32.8,3288,2591
1848,64.0,62.1,32.8,3288,2591
141607,64.0,62.1,32.8,3288,2591
4003,64.0,62.1,32.8,3288,2591
7974,64.0,62.1,32.8,3288,2591
7969,64.0,62.1,32.8,3288,2591
1837,64.0,62.1,32.8,3288,2591
2712,64.0,62.1,32.8,3288,2591
139926,64.0,62.1,32.8,3288,2591
7967,64.0,62.1,32.8,3288,2591
100631,64.0,62.1,32.8,3288,2591
2708,64.0,62.1,32.8,3288,2591
7976,64.0,62.1,32.8,3288,2591
100282,64.0,62.1,32.8,3288,2591
17269,64.0,62.1,32.8,3288,2591
3641,64.0,62.1,32.8,3288,2591
10344,64.0,62.1,32.8,3288,2591
22878,64.0,62.1,32.8,3288,2591
24672,64.0,62.1,32.8,3288,2591
155738,64.0,62.1,32.8,3288,2591
8177,64.0,62.1,32.8,3288,2591
3655,64.0,62.1,32.8,3288,2591
23880,64.0,62.1,32.8,3288,2591
101509,64.0,62.1,32.8,3288,2591
3650,64.0,62.1,32.8,3288,2591
102614,64.0,62.1,32.8,3288,2591
3647,64.0,62.1,32.8,3288,2591
1829,64.0,62.1,32.8,3288,2591
10757,64.0,62.1,32.8,3288,2591
3646,64.0,62.1,32.8,3288,2591
119894,64.0,62.1,32.8,3288,2591
102501,64.0,62.1,32.8,3288,2591
115114,64.0,62.1,32.8,3288,2591
133091,58.8,53.1,39.8,3209,2354
26276,58.8,53.1,39.8,3209,2354
2730,62.3,64.9,53.4,5927,5552
3963,62.3,64.9,53.4,5927,5552
136526,62.3,64.9,53.4,5927,5552
2732,62.3,64.9,53.4,5927,5552
107234,62.3,64.9,53.4,5927,5552
103473,62.3,64.9,53.4,5927,5552
1876,62.3,64.9,53.4,5927,5552
7991,62.3,64.9,53.4,5927,5552
113169,62.3,64.9,53.4,5927,5552
1875,62.3,64.9,53.4,5927,5552
2737,62.3,64.9,53.4,5927,5552
1877,62.3,64.9,53.4,5927,5552
3972,62.3,64.9,53.4,5927,5552
1867,62.3,64.9,53.4,5927,5552
174587,62.3,64.9,53.4,5927,5552
1870,62.3,64.9,53.4,5927,5552
103333,62.3,64.9,53.4,5927,5552
1851,62.3,64.9,53.4,5927,5552
115381,62.3,64.9,53.4,5927,5552
8807,62.3,64.9,53.4,5927,5552
115535,62.3,64.9,53.4,5927,5552
2736,62.3,64.9,53.4,5927,5552
3657,62.3,64.9,53.4,5927,5552
4004,62.3,64.9,53.4,5927,5552
1871,62.3,64.9,53.4,5927,5552
119516,62.3,64.9,53.4,5927,5552
115928,62.3,64.9,53.4,5927,5552
129506,62.3,64.9,53.4,5927,5552
130782,62.3,64.9,53.4,5927,5552
101267,62.3,64.9,53.4,5927,5552
130787,62.3,64.9,53.4,5927,5552
2781,62.3,64.9,53.4,5927,5552
4012,62.3,64.9,53.4,5927,5552
121989,62.3,64.9,53.4,5927,5552
122648,62.3,64.9,53.4,5927,5552
2787,62.3,64.9,53.4,5927,5552
192238,62.3,64.9,53.4,5927,5552
120057,62.3,64.9,53.4,5927,5552
119589,62.3,64.9,53.4,5927,5552
125927,62.3,64.9,53.4,5927,5552
122012,62.3,64.9,53.4,5927,5552
100547,62.3,64.9,53.4,5927,5552
119357,62.3,64.9,53.4,5927,5552
121990,62.3,64.9,53.4,5927,5552
128005,62.3,64.9,53.4,5927,5552
130337,62.3,64.9,53.4,5927,5552
13195,62.3,64.9,53.4,5927,5552
14432,62.3,64.9,53.4,5927,5552
144628,62.3,64.9,53.4,5927,5552
140763,62.3,64.9,53.4,5927,5552
107490,62.3,64.9,53.4,5927,5552
2504,62.3,64.9,53.4,5927,5552
9692,62.3,64.9,53.4,5927,5552
11753,62.3,64.9,53.4,5927,5552
102619,62.3,64.9,53.4,5927,5552
27228,62.3,64.9,53.4,5927,5552
26379,62.3,64.9,53.4,5927,5552
104891,62.3,64.9,53.4,5927,5552
17498,62.3,64.9,53.4,5927,5552
27227,62.3,64.9,53.4,5927,5552
2772,62.3,64.9,53.4,5927,5552
108819,62.3,64.9,53.4,5927,5552
109557,62.3,64.9,53.4,5927,5552
27293,62.3,64.9,53.4,5927,5552
3971,62.3,64.9,53.4,5927,5552
122403,62.3,64.9,53.4,5927,5552
27319,62.3,64.9,53.4,5927,5552
13863,62.3,64.9,53.4,5927,5552
120092,62.3,64.9,53.4,5927,5552
3970,62.3,64.9,53.4,5927,5552
112917,62.3,64.9,53.4,5927,5552
146300,62.3,64.9,53.4,5927,5552
2783,62.3,64.9,53.4,5927,5552
2785,62.3,64.9,53.4,5927,5552
2786,62.3,64.9,53.4,5927,5552
2738,62.3,64.9,53.4,5927,5552
166117,62.3,64.9,53.4,5927,5552
173937,62.3,64.9,53.4,5927,5552
107336,62.3,64.9,53.4,5927,5552
188497,62.3,64.9,53.4,5927,5552
110639,62.3,64.9,53.4,5927,5552
109529,62.3,64.9,53.4,5927,5552
108811,62.3,64.9,53.4,5927,5552
174299,62.3,64.9,53.4,5927,5552
111111,62.3,64.9,53.4,5927,5552
114162,62.3,64.9,53.4,5927,5552
144611,62.3,64.9,53.4,5927,5552
109558,62.3,64.9,53.4,5927,5552
114227,62.3,64.9,53.4,5927,5552
2780,62.3,64.9,53.4,5927,5552
102629,62.3,64.9,53.4,5927,5552
110312,62.3,64.9,53.4,5927,5552
104009,62.3,64.9,53.4,5927,5552
110818,62.3,64.9,53.4,5927,5552
110151,62.3,64.9,53.4,5927,5552
111479,62.3,64.9,53.4,5927,5552
1909,62.3,64.9,53.4,5927,5552
2770,62.3,64.9,53.4,5927,5552
2498,62.3,64.9,53.4,5927,5552
8000,62.3,64.9,53.4,5927,5552
1884,62.3,64.9,53.4,5927,5552
1890,62.3,64.9,53.4,5927,5552
2765,62.3,64.9,53.4,5927,5552
1898,62.3,64.9,53.4,5927,5552
2501,62.3,64.9,53.4,5927,5552
100546,62.3,64.9,53.4,5927,5552
1900,62.3,64.9,53.4,5927,5552
1914,62.3,64.9,53.4,5927,5552
2502,62.3,64.9,53.4,5927,5552
2764,62.3,64.9,53.4,5927,5552
1905,62.3,64.9,53.4,5927,5552
2499,62.3,64.9,53.4,5927,5552
1902,62.3,64.9,53.4,5927,5552
1912,62.3,64.9,53.4,5927,5552
9415,62.3,64.9,53.4,5927,5552
1896,62.3,64.9,53.4,5927,5552
1904,62.3,64.9,53.4,5927,5552
1880,62.3,64.9,53.4,5927,5552
108474,62.3,64.9,53.4,5927,5552
106126,62.3,64.9,53.4,5927,5552
1897,62.3,64.9,53.4,5927,5552
1913,62.3,64.9,53.4,5927,5552
2766,62.3,64.9,53.4,5927,5552
1894,62.3,64.9,53.4,5927,5552
1892,62.3,64.9,53.4,5927,5552
1895,62.3,64.9,53.4,5927,5552
106123,62.3,64.9,53.4,5927,5552
1883,62.3,64.9,53.4,5927,5552
108480,62.3,64.9,53.4,5927,5552
109817,62.3,64.9,53.4,5927,5552
150860,62.3,64.9,53.4,5927,5552
175497,62.3,64.9,53.4,5927,5552
1915,62.3,64.9,53.4,5927,5552
1893,62.3,64.9,53.4,5927,5552
109216,62.3,64.9,53.4,5927,5552
110216,62.3,64.9,53.4,5927,5552
110548,62.3,64.9,53.4,5927,5552
2497,62.3,64.9,53.4,5927,5552
182377,62.3,64.9,53.4,5927,5552
110814,62.3,64.9,53.4,5927,5552
1888,62.3,64.9,53.4,5927,5552
112329,62.3,64.9,53.4,5927,5552
1906,62.3,64.9,53.4,5927,5552
1903,62.3,64.9,53.4,5927,5552
11188,62.3,64.9,53.4,5927,5552
150276,62.3,64.9,53.4,5927,5552
13289,62.3,64.9,53.4,5927,5552
8810,62.3,64.9,53.4,5927,5552
19181,62.3,64.9,53.4,5927,5552
140365,62.3,64.9,53.4,5927,5552
2761,62.3,64.9,53.4,5927,5552
2760,62.3,64.9,53.4,5927,5552
4009,62.3,64.9,53.4,5927,5552
2762,62.3,64.9,53.4,5927,5552
4008,62.3,64.9,53.4,5927,5552
128376,62.3,64.9,53.4,5927,5552
130790,62.3,64.9,53.4,5927,5552
2763,62.3,64.9,53.4,5927,5552
4010,62.3,64.9,53.4,5927,5552
8074,62.3,64.9,53.4,5927,5552
1886,62.3,64.9,53.4,5927,5552
1891,62.3,64.9,53.4,5927,5552
1878,62.3,64.9,53.4,5927,5552
1881,62.3,64.9,53.4,5927,5552
7995,62.3,64.9,53.4,5927,5552
1910,62.3,64.9,53.4,5927,5552
2769,62.3,64.9,53.4,5927,5552
2768,62.3,64.9,53.4,5927,5552
1882,62.3,64.9,53.4,5927,5552
1907,62.3,64.9,53.4,5927,5552
1908,62.3,64.9,53.4,5927,5552
8964,62.3,64.9,53.4,5927,5552
1885,62.3,64.9,53.4,5927,5552
1911,62.3,64.9,53.4,5927,5552
3669,62.1,59.2,40.8,3475,2694
9052,62.1,59.2,40.8,3475,2694
141420,62.1,59.2,40.8,3475,2694
1962,62.1,59.2,40.8,3475,2694
11772,62.1,59.2,40.8,3475,2694
1945,62.1,59.2,40.8,3475,2694
3670,62.1,59.2,40.8,3475,2694
15522,62.1,59.2,40.8,3475,2694
1921,62.1,59.2,40.8,3475,2694
1957,62.1,59.2,40.8,3475,2694
1963,62.1,59.2,40.8,3475,2694
1964,62.1,59.2,40.8,3475,2694
112380,62.1,59.2,40.8,3475,2694
1920,62.1,59.2,40.8,3475,2694
1965,62.1,59.2,40.8,3475,2694
10497,62.1,59.2,40.8,3475,2694
112360,62.1,59.2,40.8,3475,2694
8508,62.1,59.2,40.8,3475,2694
3663,62.1,59.2,40.8,3475,2694
106156,62.1,59.2,40.8,3475,2694
3659,62.1,59.2,40.8,3475,2694
1968,62.1,59.2,40.8,3475,2694
1953,62.1,59.2,40.8,3475,2694
112013,62.1,59.2,40.8,3475,2694
1956,62.1,59.2,40.8,3475,2694
11216,62.1,59.2,40.8,3475,2694
3666,62.1,59.2,40.8,3475,2694
8393,62.1,59.2,40.8,3475,2694
8391,62.1,59.2,40.8,3475,2694
8392,62.1,59.2,40.8,3475,2694
3664,62.1,59.2,40.8,3475,2694
3658,62.1,59.2,40.8,3475,2694
8323,62.1,59.2,40.8,3475,2694
8394,62.1,59.2,40.8,3475,2694
8318,62.1,59.2,40.8,3475,2694
3667,62.1,59.2,40.8,3475,2694
3660,62.1,59.2,40.8,3475,2694
3668,62.1,59.2,40.8,3475,2694
111170,62.1,59.2,40.8,3475,2694
3662,62.1,59.2,40.8,3475,2694
1948,62.1,59.2,40.8,3475,2694
1943,62.1,59.2,40.8,3475,2694
1942,62.1,59.2,40.8,3475,2694
1940,62.1,59.2,40.8,3475,2694
120742,62.1,59.2,40.8,3475,2694
102635,62.1,59.2,40.8,3475,2694
111252,62.1,59.2,40.8,3475,2694
116238,62.1,59.2,40.8,3475,2694
113281,62.1,59.2,40.8,3475,2694
114595,62.1,59.2,40.8,3475,2694
113909,62.1,59.2,40.8,3475,2694
114598,62.1,59.2,40.8,3475,2694
9166,64.0,60.5,37.1,2067,1738
1926,64.0,60.5,37.1,2067,1738
2793,64.0,60.5,37.1,2067,1738
2792,64.0,60.5,37.1,2067,1738
1931,64.0,60.5,37.1,2067,1738
1934,64.0,60.5,37.1,2067,1738
2503,64.0,60.5,37.1,2067,1738
1932,64.0,60.5,37.1,2067,1738
1933,64.0,60.5,37.1,2067,1738
1935,64.0,60.5,37.1,2067,1738
1936,64.0,60.5,37.1,2067,1738
1939,64.0,60.5,37.1,2067,1738
1928,64.0,60.5,37.1,2067,1738
1924,64.0,60.5,37.1,2067,1738
1922,64.0,60.5,37.1,2067,1738
1938,64.0,60.5,37.1,2067,1738
8397,64.0,60.5,37.1,2067,1738
8398,64.0,60.5,37.1,2067,1738
117350,64.0,60.5,37.1,2067,1738
114098,64.0,60.5,37.1,2067,1738
112562,64.0,60.5,37.1,2067,1738
117552,64.0,60.5,37.1,2067,1738
2791,64.0,60.5,37.1,2067,1738
117343,64.0,60.5,37.1,2067,1738
110811,64.0,60.5,37.1,2067,1738
11449,64.0,60.5,37.1,2067,1738
112886,64.0,60.5,37.1,2067,1738
14849,83.9,83.4,73.1,2003,2089
14852,83.9,83.4,73.1,2003,2089
148049,83.9,83.4,73.1,2003,2089
147232,83.9,83.4,73.1,2003,2089
114643,83.9,83.4,73.1,2003,2089
100446,83.9,83.4,73.1,2003,2089
100447,83.9,83.4,73.1,2003,2089
170557,83.9,83.4,73.1,2003,2089
10019,83.9,83.4,73.1,2003,2089
22756,83.9,83.4,73.1,2003,2089
25957,83.9,83.4,73.1,2003,2089
145871,83.9,83.4,73.1,2003,2089
146137,83.9,83.4,73.1,2003,2089
119346,83.9,83.4,73.1,2003,2089
151367,83.9,83.4,73.1,2003,2089
13190,83.9,83.4,73.1,2003,2089
131671,83.9,83.4,73.1,2003,2089
137351,83.9,83.4,73.1,2003,2089
115455,83.9,83.4,73.1,2003,2089
148199,83.9,83.4,73.1,2003,2089
25202,83.9,83.4,73.1,2003,2089
27069,83.9,83.4,73.1,2003,2089
27259,83.9,83.4,73.1,2003,2089
25204,83.9,83.4,73.1,2003,2089
13474,83.9,83.4,73.1,2003,2089
14846,83.9,83.4,73.1,2003,2089
14848,83.9,83.4,73.1,2003,2089
113173,83.9,83.4,73.1,2003,2089
11649,83.9,83.4,73.1,2003,2089
13198,83.9,83.4,73.1,2003,2089
113273,83.9,83.4,73.1,2003,2089
144350,83.9,83.4,73.1,2003,2089
143398,83.9,83.4,73.1,2003,2089
26832,83.9,83.4,73.1,2003,2089
115713,83.9,83.4,73.1,2003,2089
100462,83.9,83.4,73.1,2003,2089
19595,83.9,83.4,73.1,2003,2089
24675,83.9,83.4,73.1,2003,2089
27117,83.9,83.4,73.1,2003,2089
109964,83.9,83.4,73.1,2003,2089
107658,83.9,83.4,73.1,2003,2089
113018,83.9,83.4,73.1,2003,2089
144228,83.9,83.4,73.1,2003,2089
102041,83.9,83.4,73.1,2003,2089
16149,83.9,83.4,73.1,2003,2089
175958,83.9,83.4,73.1,2003,2089
1462,59.5,55.0,31.6,7136,5893
22752,59.5,55.0,31.6,7136,5893
3001,59.5,55.0,31.6,7136,5893
1464,59.5,55.0,31.6,7136,5893
1985,59.5,55.0,31.6,7136,5893
3286,59.5,55.0,31.6,7136,5893
1463,59.5,55.0,31.6,7136,5893
1460,59.5,55.0,31.6,7136,5893
1993,59.5,55.0,31.6,7136,5893
8205,59.5,55.0,31.6,7136,5893
2505,59.5,55.0,31.6,7136,5893
1465,59.5,55.0,31.6,7136,5893
107579,59.5,55.0,31.6,7136,5893
1454,59.5,55.0,31.6,7136,5893
1461,59.5,55.0,31.6,7136,5893
2811,59.5,55.0,31.6,7136,5893
102631,59.5,55.0,31.6,7136,5893
112054,59.5,55.0,31.6,7136,5893
22957,59.5,55.0,31.6,7136,5893
1992,59.5,55.0,31.6,7136,5893
124780,59.5,55.0,31.6,7136,5893
121645,59.5,55.0,31.6,7136,5893
3080,59.5,55.0,31.6,7136,5893
3022,59.5,55.0,31.6,7136,5893
3078,59.5,55.0,31.6,7136,5893
126337,59.5,55.0,31.6,7136,5893
144023,59.5,55.0,31.6,7136,5893
147085,59.5,55.0,31.6,7136,5893
3083,59.5,55.0,31.6,7136,5893
9223,59.5,55.0,31.6,7136,5893
1480,59.5,55.0,31.6,7136,5893
127903,59.5,55.0,31.6,7136,5893
3079,59.5,55.0,31.6,7136,5893
147880,59.5,55.0,31.6,7136,5893
3081,59.5,55.0,31.6,7136,5893
3023,59.5,55.0,31.6,7136,5893
3015,59.5,55.0,31.6,7136,5893
2015,59.5,55.0,31.6,7136,5893
3075,59.5,55.0,31.6,7136,5893
13571,59.5,55.0,31.6,7136,5893
175697,59.5,55.0,31.6,7136,5893
126060,59.5,55.0,31.6,7136,5893
1481,59.5,55.0,31.6,7136,5893
2042,59.5,55.0,31.6,7136,5893
3076,59.5,55.0,31.6,7136,5893
3092,59.5,55.0,31.6,7136,5893
25725,59.5,55.0,31.6,7136,5893
1468,59.5,55.0,31.6,7136,5893
1467,59.5,55.0,31.6,7136,5893
8800,59.5,55.0,31.6,7136,5893
26320,59.5,55.0,31.6,7136,5893
3016,59.5,55.0,31.6,7136,5893
152617,59.5,55.0,31.6,7136,5893
8775,59.5,55.0,31.6,7136,5893
1482,59.5,55.0,31.6,7136,5893
2595,59.5,55.0,31.6,7136,5893
8481,59.5,55.0,31.6,7136,5893
1478,59.5,55.0,31.6,7136,5893
103281,59.5,55.0,31.6,7136,5893
10965,59.5,55.0,31.6,7136,5893
102014,59.5,55.0,31.6,7136,5893
26061,59.5,55.0,31.6,7136,5893
19492,59.5,55.0,31.6,7136,5893
8626,59.5,55.0,31.6,7136,5893
8637,59.5,55.0,31.6,7136,5893
1471,59.5,55.0,31.6,7136,5893
26700,59.5,55.0,31.6,7136,5893
25842,59.5,55.0,31.6,7136,5893
171438,59.5,55.0,31.6,7136,5893
1483,59.5,55.0,31.6,7136,5893
1477,59.5,55.0,31.6,7136,5893
1472,59.5,55.0,31.6,7136,5893
8193,59.5,55.0,31.6,7136,5893
1479,59.5,55.0,31.6,7136,5893
1444,59.5,55.0,31.6,7136,5893
26414,59.5,55.0,31.6,7136,5893
1474,59.5,55.0,31.6,7136,5893
1441,59.5,55.0,31.6,7136,5893
3883,59.5,55.0,31.6,7136,5893
8216,59.5,55.0,31.6,7136,5893
3884,59.5,55.0,31.6,7136,5893
8194,59.5,55.0,31.6,7136,5893
24900,59.5,55.0,31.6,7136,5893
1473,59.5,55.0,31.6,7136,5893
102630,59.5,55.0,31.6,7136,5893
101552,59.5,55.0,31.6,7136,5893
114329,59.5,55.0,31.6,7136,5893
154917,59.5,55.0,31.6,7136,5893
142558,59.5,55.0,31.6,7136,5893
10509,59.5,55.0,31.6,7136,5893
8328,59.5,55.0,31.6,7136,5893
3082,59.5,55.0,31.6,7136,5893
2076,59.5,55.0,31.6,7136,5893
2077,59.5,55.0,31.6,7136,5893
8584,63.1,61.5,37.1,1869,2865
110665,63.1,61.5,37.1,1869,2865
1981,63.1,61.5,37.1,1869,2865
1982,63.1,61.5,37.1,1869,2865
101284,63.1,61.5,37.1,1869,2865
17562,63.1,61.5,37.1,1869,2865
11512,63.1,61.5,37.1,1869,2865
3671,63.1,61.5,37.1,1869,2865
25775,63.1,61.5,37.1,1869,2865
8163,63.1,61.5,37.1,1869,2865
1979,63.1,61.5,37.1,1869,2865
8777,63.1,61.5,37.1,1869,2865
127667,63.1,61.5,37.1,1869,2865
8390,63.1,61.5,37.1,1869,2865
2016,63.1,61.5,37.1,1869,2865
2004,63.1,61.5,37.1,1869,2865
3088,63.1,61.5,37.1,1869,2865
128300,63.1,61.5,37.1,1869,2865
3090,63.1,61.5,37.1,1869,2865
2799,63.1,61.5,37.1,1869,2865
25454,63.1,61.5,37.1,1869,2865
2018,63.1,61.5,37.1,1869,2865
13798,63.1,61.5,37.1,1869,2865
2800,63.1,61.5,37.1,1869,2865
19039,63.1,61.5,37.1,1869,2865
2017,63.1,61.5,37.1,1869,2865
114063,63.1,61.5,37.1,1869,2865
8009,72.7,69.9,58.2,2491,2737
147048,72.7,69.9,58.2,2491,2737
8006,72.7,69.9,58.2,2491,2737
8018,72.7,69.9,58.2,2491,2737
11053,72.7,69.9,58.2,2491,2737
142200,72.7,69.9,58.2,2491,2737
8003,72.7,69.9,58.2,2491,2737
144401,72.7,69.9,58.2,2491,2737
8010,72.7,69.9,58.2,2491,2737
180097,72.7,69.9,58.2,2491,2737
8019,72.7,69.9,58.2,2491,2737
13210,72.7,69.9,58.2,2491,2737
19622,72.7,69.9,58.2,2491,2737
144463,72.7,69.9,58.2,2491,2737
8024,72.7,69.9,58.2,2491,2737
27071,72.7,69.9,58.2,2491,2737
19074,72.7,69.9,58.2,2491,2737
26097,72.7,69.9,58.2,2491,2737
173540,72.7,69.9,58.2,2491,2737
19508,72.7,69.9,58.2,2491,2737
108033,72.7,69.9,58.2,2491,2737
131409,72.7,69.9,58.2,2491,2737
102557,72.7,69.9,58.2,2491,2737
135415,72.7,69.9,58.2,2491,2737
140743,72.7,69.9,58.2,2491,2737
8022,72.7,69.9,58.2,2491,2737
10403,72.7,69.9,58.2,2491,2737
8002,72.7,69.9,58.2,2491,2737
114292,72.7,69.9,58.2,2491,2737
8025,72.7,69.9,58.2,2491,2737
26019,72.7,69.9,58.2,2491,2737
8004,72.7,69.9,58.2,2491,2737
156804,72.7,69.9,58.2,2491,2737
13769,72.7,69.9,58.2,2491,2737
25966,72.7,69.9,58.2,2491,2737
146068,72.7,69.9,58.2,2491,2737
26096,72.7,69.9,58.2,2491,2737
17454,72.7,69.9,58.2,2491,2737
137731,72.7,69.9,58.2,2491,2737
10599,72.7,69.9,58.2,2491,2737
8011,72.7,69.9,58.2,2491,2737
10723,72.7,69.9,58.2,2491,2737
103981,72.7,69.9,58.2,2491,2737
8017,72.7,69.9,58.2,2491,2737
10799,72.7,69.9,58.2,2491,2737
167058,72.7,69.9,58.2,2491,2737
109408,72.7,69.9,58.2,2491,2737
113203,72.7,69.9,58.2,2491,2737
8014,72.7,69.9,58.2,2491,2737
122649,72.7,69.9,58.2,2491,2737
135025,72.7,69.9,58.2,2491,2737
103433,72.7,69.9,58.2,2491,2737
115677,72.7,69.9,58.2,2491,2737
8007,72.7,69.9,58.2,2491,2737
8008,72.7,69.9,58.2,2491,2737
193277,72.7,69.9,58.2,2491,2737
112414,72.7,69.9,58.2,2491,2737
116003,72.7,69.9,58.2,2491,2737
110141,72.7,69.9,58.2,2491,2737
110150,72.7,69.9,58.2,2491,2737
127086,72.7,69.9,58.2,2491,2737
114664,72.7,69.9,58.2,2491,2737
8016,72.7,69.9,58.2,2491,2737
119469,72.7,69.9,58.2,2491,2737
115543,72.7,69.9,58.2,2491,2737
127192,72.7,69.9,58.2,2491,2737
27337,72.7,69.9,58.2,2491,2737
26218,72.7,69.9,58.2,2491,2737
11173,72.7,69.9,58.2,2491,2737
26219,72.7,69.9,58.2,2491,2737
12482,72.7,69.9,58.2,2491,2737
9810,72.7,69.9,58.2,2491,2737
141520,72.7,69.9,58.2,2491,2737
124735,72.7,69.9,58.2,2491,2737
11320,72.7,69.9,58.2,2491,2737
9762,72.7,69.9,58.2,2491,2737
23766,72.7,69.9,58.2,2491,2737
26988,72.7,69.9,58.2,2491,2737
27101,72.7,69.9,58.2,2491,2737
112392,72.7,69.9,58.2,2491,2737
18496,72.7,69.9,58.2,2491,2737
23768,72.7,69.9,58.2,2491,2737
11194,72.7,69.9,58.2,2491,2737
11195,72.7,69.9,58.2,2491,2737
114567,72.7,69.9,58.2,2491,2737
110124,72.7,69.9,58.2,2491,2737
23758,72.7,69.9,58.2,2491,2737
19208,72.7,69.9,58.2,2491,2737
22065,72.7,69.9,58.2,2491,2737
8850,72.7,69.9,58.2,2491,2737
19200,72.7,69.9,58.2,2491,2737
22090,72.7,69.9,58.2,2491,2737
127686,72.7,69.9,58.2,2491,2737
19203,72.7,69.9,58.2,2491,2737
19206,72.7,69.9,58.2,2491,2737
9074,72.7,69.9,58.2,2491,2737
23771,72.7,69.9,58.2,2491,2737
19358,72.7,69.9,58.2,2491,2737
19672,72.7,69.9,58.2,2491,2737
118008,64.2,64.6,41.9,6878,7442
115434,64.2,64.6,41.9,6878,7442
2529,64.2,64.6,41.9,6878,7442
8991,64.2,64.6,41.9,6878,7442
112841,64.2,64.6,41.9,6878,7442
13080,64.2,64.6,41.9,6878,7442
19534,64.2,64.6,41.9,6878,7442
2525,64.2,64.6,41.9,6878,7442
22472,64.2,64.6,41.9,6878,7442
3686,64.2,64.6,41.9,6878,7442
26142,64.2,64.6,41.9,6878,7442
3694,64.2,64.6,41.9,6878,7442
9993,64.2,64.6,41.9,6878,7442
3683,64.2,64.6,41.9,6878,7442
3684,64.2,64.6,41.9,6878,7442
2524,64.2,64.6,41.9,6878,7442
106774,64.2,64.6,41.9,6878,7442
2199,64.2,64.6,41.9,6878,7442
3685,64.2,64.6,41.9,6878,7442
9930,64.2,64.6,41.9,6878,7442
9624,64.2,64.6,41.9,6878,7442
17347,64.2,64.6,41.9,6878,7442
11120,64.2,64.6,41.9,6878,7442
2528,64.2,64.6,41.9,6878,7442
25298,64.2,64.6,41.9,6878,7442
3687,64.2,64.6,41.9,6878,7442
9256,64.2,64.6,41.9,6878,7442
8894,64.2,64.6,41.9,6878,7442
101375,64.2,64.6,41.9,6878,7442
11362,64.2,64.6,41.9,6878,7442
109996,64.2,64.6,41.9,6878,7442
25297,64.2,64.6,41.9,6878,7442
111385,64.2,64.6,41.9,6878,7442
103714,64.2,64.6,41.9,6878,7442
9631,64.2,64.6,41.9,6878,7442
24954,64.2,64.6,41.9,6878,7442
109211,64.2,64.6,41.9,6878,7442
23776,64.2,64.6,41.9,6878,7442
103169,64.2,64.6,41.9,6878,7442
103170,64.2,64.6,41.9,6878,7442
18502,64.2,64.6,41.9,6878,7442
184257,64.2,64.6,41.9,6878,7442
18501,64.2,64.6,41.9,6878,7442
14051,64.2,64.6,41.9,6878,7442
26804,64.2,64.6,41.9,6878,7442
26805,64.2,64.6,41.9,6878,7442
122235,64.2,64.6,41.9,6878,7442
14031,64.2,64.6,41.9,6878,7442
14035,64.2,64.6,41.9,6878,7442
14039,64.2,64.6,41.9,6878,7442
14050,64.2,64.6,41.9,6878,7442
10376,64.2,64.6,41.9,6878,7442
14045,64.2,64.6,41.9,6878,7442
22631,64.2,64.6,41.9,6878,7442
17645,64.2,64.6,41.9,6878,7442
17542,64.2,64.6,41.9,6878,7442
17644,64.2,64.6,41.9,6878,7442
14038,64.2,64.6,41.9,6878,7442
101395,64.2,64.6,41.9,6878,7442
14036,64.2,64.6,41.9,6878,7442
22633,64.2,64.6,41.9,6878,7442
26355,64.2,64.6,41.9,6878,7442
19101,64.2,64.6,41.9,6878,7442
2509,64.2,64.6,41.9,6878,7442
2196,64.2,64.6,41.9,6878,7442
119885,64.2,64.6,41.9,6878,7442
2197,64.2,64.6,41.9,6878,7442
8106,64.2,64.6,41.9,6878,7442
8443,64.2,64.6,41.9,6878,7442
3893,64.2,64.6,41.9,6878,7442
2523,64.2,64.6,41.9,6878,7442
162257,64.2,64.6,41.9,6878,7442
101508,64.2,64.6,41.9,6878,7442
3894,64.2,64.6,41.9,6878,7442
8107,64.2,64.6,41.9,6878,7442
101488,64.2,64.6,41.9,6878,7442
3681,64.2,64.6,41.9,6878,7442
8079,64.2,64.6,41.9,6878,7442
8441,64.2,64.6,41.9,6878,7442
3680,64.2,64.6,41.9,6878,7442
8428,64.2,64.6,41.9,6878,7442
26086,64.2,64.6,41.9,6878,7442
8245,64.2,64.6,41.9,6878,7442
8080,64.2,64.6,41.9,6878,7442
12103,64.2,64.6,41.9,6878,7442
3678,64.2,64.6,41.9,6878,7442
9303,64.2,64.6,41.9,6878,7442
3677,64.2,64.6,41.9,6878,7442
8604,64.2,64.6,41.9,6878,7442
10425,64.2,64.6,41.9,6878,7442
2203,64.2,64.6,41.9,6878,7442
8820,64.2,64.6,41.9,6878,7442
133722,64.2,64.6,41.9,6878,7442
9772,64.2,64.6,41.9,6878,7442
113112,64.2,64.6,41.9,6878,7442
115892,64.2,64.6,41.9,6878,7442
2225,64.2,64.6,41.9,6878,7442
114527,64.2,64.6,41.9,6878,7442
11098,64.2,64.6,41.9,6878,7442
8727,64.2,64.6,41.9,6878,7442
8728,64.2,64.6,41.9,6878,7442
107215,64.2,64.6,41.9,6878,7442
148722,64.2,64.6,41.9,6878,7442
8213,64.2,64.6,41.9,6878,7442
113712,64.2,64.6,41.9,6878,7442
113723,64.2,64.6,41.9,6878,7442
9743,64.2,64.6,41.9,6878,7442
115242,64.2,64.6,41.9,6878,7442
11443,64.2,64.6,41.9,6878,7442
14042,64.2,64.6,41.9,6878,7442
14041,64.2,64.6,41.9,6878,7442
3682,64.2,64.6,41.9,6878,7442
2527,64.2,64.6,41.9,6878,7442
3690,64.2,64.6,41.9,6878,7442
3691,64.2,64.6,41.9,6878,7442
2200,64.2,64.6,41.9,6878,7442
3674,64.2,64.6,41.9,6878,7442
9553,64.2,64.6,41.9,6878,7442
11287,64.2,64.6,41.9,6878,7442
3740,60.4,61.2,34.8,7287,7403
119831,60.4,61.2,34.8,7287,7403
115593,60.4,61.2,34.8,7287,7403
8465,60.4,61.2,34.8,7287,7403
115644,60.4,61.2,34.8,7287,7403
26758,60.4,61.2,34.8,7287,7403
26759,60.4,61.2,34.8,7287,7403
110798,60.4,61.2,34.8,7287,7403
2511,60.4,61.2,34.8,7287,7403
3707,60.4,61.2,34.8,7287,7403
2215,60.4,61.2,34.8,7287,7403
3748,60.4,61.2,34.8,7287,7403
8212,60.4,61.2,34.8,7287,7403
8692,60.4,61.2,34.8,7287,7403
26925,60.4,61.2,34.8,7287,7403
3095,60.4,61.2,34.8,7287,7403
10959,60.4,61.2,34.8,7287,7403
3439,60.4,61.2,34.8,7287,7403
3713,60.4,61.2,34.8,7287,7403
111361,60.4,61.2,34.8,7287,7403
113539,60.4,61.2,34.8,7287,7403
121999,60.4,61.2,34.8,7287,7403
9125,60.4,61.2,34.8,7287,7403
3093,60.4,61.2,34.8,7287,7403
8425,60.4,61.2,34.8,7287,7403
8423,60.4,61.2,34.8,7287,7403
3701,60.4,61.2,34.8,7287,7403
8484,60.4,61.2,34.8,7287,7403
2221,60.4,61.2,34.8,7287,7403
120540,60.4,61.2,34.8,7287,7403
3696,60.4,61.2,34.8,7287,7403
8460,60.4,61.2,34.8,7287,7403
3746,60.4,61.2,34.8,7287,7403
2218,60.4,61.2,34.8,7287,7403
11231,60.4,61.2,34.8,7287,7403
3741,60.4,61.2,34.8,7287,7403
3745,60.4,61.2,34.8,7287,7403
25328,60.4,61.2,34.8,7287,7403
3744,60.4,61.2,34.8,7287,7403
3750,60.4,61.2,34.8,7287,7403
8439,60.4,61.2,34.8,7287,7403
107019,60.4,61.2,34.8,7287,7403
102710,60.4,61.2,34.8,7287,7403
26926,60.4,61.2,34.8,7287,7403
11232,60.4,61.2,34.8,7287,7403
3743,60.4,61.2,34.8,7287,7403
8437,60.4,61.2,34.8,7287,7403
3747,60.4,61.2,34.8,7287,7403
8246,60.4,61.2,34.8,7287,7403
9896,60.4,61.2,34.8,7287,7403
26527,60.4,61.2,34.8,7287,7403
126607,60.4,61.2,34.8,7287,7403
10065,60.4,61.2,34.8,7287,7403
26528,60.4,61.2,34.8,7287,7403
2227,68.5,69.9,48.7,2394,2409
140557,68.5,69.9,48.7,2394,2409
2226,68.5,69.9,48.7,2394,2409
139952,68.5,69.9,48.7,2394,2409
17217,68.5,69.9,48.7,2394,2409
113412,68.5,69.9,48.7,2394,2409
11471,68.5,69.9,48.7,2394,2409
115451,68.5,69.9,48.7,2394,2409
9862,68.5,69.9,48.7,2394,2409
142758,68.5,69.9,48.7,2394,2409
2228,68.5,69.9,48.7,2394,2409
137068,68.5,69.9,48.7,2394,2409
9543,68.5,69.9,48.7,2394,2409
9855,68.5,69.9,48.7,2394,2409
142757,68.5,69.9,48.7,2394,2409
10201,68.5,69.9,48.7,2394,2409
9854,68.5,69.9,48.7,2394,2409
11511,68.5,69.9,48.7,2394,2409
113508,68.5,69.9,48.7,2394,2409
2531,68.5,69.9,48.7,2394,2409
140881,68.5,69.9,48.7,2394,2409
114290,68.5,69.9,48.7,2394,2409
132869,68.5,69.9,48.7,2394,2409
110119,68.5,69.9,48.7,2394,2409
2532,68.5,69.9,48.7,2394,2409
110227,68.5,69.9,48.7,2394,2409
145475,68.5,69.9,48.7,2394,2409
145472,68.5,69.9,48.7,2394,2409
25539,68.5,69.9,48.7,2394,2409
27051,68.5,69.9,48.7,2394,2409
19105,68.5,69.9,48.7,2394,2409
110816,68.5,69.9,48.7,2394,2409
10074,68.5,69.9,48.7,2394,2409
10453,68.5,69.9,48.7,2394,2409
101726,68.5,69.9,48.7,2394,2409
10454,68.5,69.9,48.7,2394,2409
146946,68.5,69.9,48.7,2394,2409
9211,68.5,69.9,48.7,2394,2409
9209,68.5,69.9,48.7,2394,2409
9200,68.5,69.9,48.7,2394,2409
103431,68.5,69.9,48.7,2394,2409
101050,68.5,69.9,48.7,2394,2409
103430,68.5,69.9,48.7,2394,2409
147941,68.5,69.9,48.7,2394,2409
147939,68.5,69.9,48.7,2394,2409
147940,68.5,69.9,48.7,2394,2409
9656,68.5,69.9,48.7,2394,2409
2538,68.5,69.9,48.7,2394,2409
18367,68.5,69.9,48.7,2394,2409
100729,68.5,69.9,48.7,2394,2409
102503,68.5,69.9,48.7,2394,2409
10381,68.5,69.9,48.7,2394,2409
2079,60.1,59.0,37.5,3415,2066
8533,60.1,59.0,37.5,3415,2066
2084,60.1,59.0,37.5,3415,2066
2075,60.1,59.0,37.5,3415,2066
2083,60.1,59.0,37.5,3415,2066
118734,60.1,59.0,37.5,3415,2066
115552,60.1,59.0,37.5,3415,2066
115556,60.1,59.0,37.5,3415,2066
8780,60.1,59.0,37.5,3415,2066
25996,60.1,59.0,37.5,3415,2066
115558,60.1,59.0,37.5,3415,2066
23810,60.7,65.7,68.4,6918,6885
158863,60.7,65.7,68.4,6918,6885
19064,60.7,65.7,68.4,6918,6885
27014,60.7,65.7,68.4,6918,6885
152772,60.7,65.7,68.4,6918,6885
19159,60.7,65.7,68.4,6918,6885
2871,60.7,65.7,68.4,6918,6885
13071,60.7,65.7,68.4,6918,6885
2183,60.7,65.7,68.4,6918,6885
130794,60.7,65.7,68.4,6918,6885
13042,60.7,65.7,68.4,6918,6885
116779,60.7,65.7,68.4,6918,6885
135314,60.7,65.7,68.4,6918,6885
116677,60.7,65.7,68.4,6918,6885
127110,60.7,65.7,68.4,6918,6885
191917,60.7,65.7,68.4,6918,6885
128361,60.7,65.7,68.4,6918,6885
17825,60.7,65.7,68.4,6918,6885
112435,60.7,65.7,68.4,6918,6885
116637,60.7,65.7,68.4,6918,6885
18286,60.7,65.7,68.4,6918,6885
13339,60.7,65.7,68.4,6918,6885
127109,60.7,65.7,68.4,6918,6885
143780,60.7,65.7,68.4,6918,6885
135403,60.7,65.7,68.4,6918,6885
125836,60.7,65.7,68.4,6918,6885
135530,60.7,65.7,68.4,6918,6885
133734,60.7,65.7,68.4,6918,6885
10695,60.7,65.7,68.4,6918,6885
23283,60.7,65.7,68.4,6918,6885
10399,60.7,65.7,68.4,6918,6885
2168,60.7,65.7,68.4,6918,6885
2834,60.7,65.7,68.4,6918,6885
2189,60.7,65.7,68.4,6918,6885
2184,60.7,65.7,68.4,6918,6885
2186,60.7,65.7,68.4,6918,6885
2191,60.7,65.7,68.4,6918,6885
119212,60.7,65.7,68.4,6918,6885
2190,60.7,65.7,68.4,6918,6885
27301,60.7,65.7,68.4,6918,6885
2163,60.7,65.7,68.4,6918,6885
2161,60.7,65.7,68.4,6918,6885
23812,60.7,65.7,68.4,6918,6885
10494,60.7,65.7,68.4,6918,6885
2180,60.7,65.7,68.4,6918,6885
111256,60.7,65.7,68.4,6918,6885
115197,60.7,65.7,68.4,6918,6885
8279,60.7,65.7,68.4,6918,6885
114448,60.7,65.7,68.4,6918,6885
2858,60.7,65.7,68.4,6918,6885
115199,60.7,65.7,68.4,6918,6885
115016,60.7,65.7,68.4,6918,6885
115891,60.7,65.7,68.4,6918,6885
103964,60.7,65.7,68.4,6918,6885
112004,60.7,65.7,68.4,6918,6885
115202,60.7,65.7,68.4,6918,6885
2164,60.7,65.7,68.4,6918,6885
2182,60.7,65.7,68.4,6918,6885
134315,60.7,65.7,68.4,6918,6885
136605,60.7,65.7,68.4,6918,6885
143069,60.7,65.7,68.4,6918,6885
2179,60.7,65.7,68.4,6918,6885
122057,60.7,65.7,68.4,6918,6885
112614,60.7,65.7,68.4,6918,6885
112615,60.7,65.7,68.4,6918,6885
115018,60.7,65.7,68.4,6918,6885
110833,60.7,65.7,68.4,6918,6885
117573,60.7,65.7,68.4,6918,6885
110834,60.7,65.7,68.4,6918,6885
151501,60.7,65.7,68.4,6918,6885
10449,60.7,65.7,68.4,6918,6885
108761,60.7,65.7,68.4,6918,6885
119641,60.7,65.7,68.4,6918,6885
107183,60.7,65.7,68.4,6918,6885
152002,60.7,65.7,68.4,6918,6885
114356,60.7,65.7,68.4,6918,6885
2865,60.7,65.7,68.4,6918,6885
17509,60.7,65.7,68.4,6918,6885
109364,60.7,65.7,68.4,6918,6885
108760,60.7,65.7,68.4,6918,6885
147026,60.7,65.7,68.4,6918,6885
11907,60.7,65.7,68.4,6918,6885
103085,60.7,65.7,68.4,6918,6885
165323,60.7,65.7,68.4,6918,6885
108437,60.7,65.7,68.4,6918,6885
127382,60.7,65.7,68.4,6918,6885
10292,60.7,65.7,68.4,6918,6885
10300,60.7,65.7,68.4,6918,6885
2176,60.7,65.7,68.4,6918,6885
10395,60.7,65.7,68.4,6918,6885
9417,60.7,65.7,68.4,6918,6885
2177,60.7,65.7,68.4,6918,6885
2172,60.7,65.7,68.4,6918,6885
113924,60.7,65.7,68.4,6918,6885
2175,60.7,65.7,68.4,6918,6885
116659,60.7,65.7,68.4,6918,6885
125255,60.7,65.7,68.4,6918,6885
2170,60.7,65.7,68.4,6918,6885
27013,60.7,65.7,68.4,6918,6885
109365,60.7,65.7,68.4,6918,6885
121281,60.7,65.7,68.4,6918,6885
2861,60.7,65.7,68.4,6918,6885
2169,60.7,65.7,68.4,6918,6885
27305,60.7,65.7,68.4,6918,6885
2508,60.7,65.7,68.4,6918,6885
10045,60.7,65.7,68.4,6918,6885
26073,60.7,65.7,68.4,6918,6885
125347,60.7,65.7,68.4,6918,6885
12931,60.7,65.7,68.4,6918,6885
26114,60.7,65.7,68.4,6918,6885
101203,60.7,65.7,68.4,6918,6885
140768,60.7,65.7,68.4,6918,6885
145864,60.7,65.7,68.4,6918,6885
2864,60.7,65.7,68.4,6918,6885
2862,60.7,65.7,68.4,6918,6885
2870,60.7,65.7,68.4,6918,6885
119995,60.7,65.7,68.4,6918,6885
157682,60.7,65.7,68.4,6918,6885
2868,60.7,65.7,68.4,6918,6885
10319,60.7,65.7,68.4,6918,6885
11514,60.7,65.7,68.4,6918,6885
10605,60.7,65.7,68.4,6918,6885
114272,60.7,65.7,68.4,6918,6885
11246,60.7,65.7,68.4,6918,6885
10095,60.7,65.7,68.4,6918,6885
114863,60.7,65.7,68.4,6918,6885
107654,60.7,65.7,68.4,6918,6885
26466,60.7,65.7,68.4,6918,6885
26176,60.7,65.7,68.4,6918,6885
157687,60.7,65.7,68.4,6918,6885
26467,60.7,65.7,68.4,6918,6885
113657,60.7,65.7,68.4,6918,6885
114296,60.7,65.7,68.4,6918,6885
114432,60.7,65.7,68.4,6918,6885
27509,60.7,65.7,68.4,6918,6885
157692,60.7,65.7,68.4,6918,6885
11781,60.7,65.7,68.4,6918,6885
112437,60.7,65.7,68.4,6918,6885
9998,60.7,65.7,68.4,6918,6885
108758,60.7,65.7,68.4,6918,6885
112438,60.7,65.7,68.4,6918,6885
10919,60.7,65.7,68.4,6918,6885
12094,60.7,65.7,68.4,6918,6885
10944,60.7,65.7,68.4,6918,6885
10248,60.7,65.7,68.4,6918,6885
11613,60.7,65.7,68.4,6918,6885
9932,60.7,65.7,68.4,6918,6885
11934,60.7,65.7,68.4,6918,6885
107021,60.7,65.7,68.4,6918,6885
112248,60.7,65.7,68.4,6918,6885
107653,60.7,65.7,68.4,6918,6885
112249,60.7,65.7,68.4,6918,6885
115022,60.7,65.7,68.4,6918,6885
111625,60.7,65.7,68.4,6918,6885
134122,60.7,65.7,68.4,6918,6885
103105,60.7,65.7,68.4,6918,6885
26591,60.7,65.7,68.4,6918,6885
16277,60.7,65.7,68.4,6918,6885
17826,60.7,65.7,68.4,6918,6885
109375,60.7,65.7,68.4,6918,6885
13070,60.7,65.7,68.4,6918,6885
151205,60.7,65.7,68.4,6918,6885
12878,60.7,65.7,68.4,6918,6885
156238,60.7,65.7,68.4,6918,6885
147063,60.7,65.7,68.4,6918,6885
133732,60.7,65.7,68.4,6918,6885
153118,60.7,65.7,68.4,6918,6885
2147,57.2,56.2,45.8,6034,4369
2148,57.2,56.2,45.8,6034,4369
27884,57.2,56.2,45.8,6034,4369
3724,57.2,56.2,45.8,6034,4369
124165,57.2,56.2,45.8,6034,4369
25270,57.2,56.2,45.8,6034,4369
117769,57.2,56.2,45.8,6034,4369
110547,57.2,56.2,45.8,6034,4369
2151,57.2,56.2,45.8,6034,4369
2149,57.2,56.2,45.8,6034,4369
2153,57.2,56.2,45.8,6034,4369
119713,57.2,56.2,45.8,6034,4369
132188,57.2,56.2,45.8,6034,4369
2146,57.2,56.2,45.8,6034,4369
9663,57.2,56.2,45.8,6034,4369
19152,57.2,56.2,45.8,6034,4369
11038,57.2,56.2,45.8,6034,4369
114092,57.2,56.2,45.8,6034,4369
115679,57.2,56.2,45.8,6034,4369
144365,57.2,56.2,45.8,6034,4369
10204,57.2,56.2,45.8,6034,4369
26460,57.2,56.2,45.8,6034,4369
108350,57.2,56.2,45.8,6034,4369
8719,57.2,56.2,45.8,6034,4369
25271,57.2,56.2,45.8,6034,4369
8305,57.2,56.2,45.8,6034,4369
2145,57.2,56.2,45.8,6034,4369
2856,57.2,56.2,45.8,6034,4369
165797,57.2,56.2,45.8,6034,4369
141066,57.2,56.2,45.8,6034,4369
8081,57.2,56.2,45.8,6034,4369
3947,57.2,56.2,45.8,6034,4369
8796,57.2,56.2,45.8,6034,4369
3941,57.2,56.2,45.8,6034,4369
10179,57.2,56.2,45.8,6034,4369
3591,57.2,56.2,45.8,6034,4369
8095,57.2,56.2,45.8,6034,4369
3590,57.2,56.2,45.8,6034,4369
3946,57.2,56.2,45.8,6034,4369
3944,57.2,56.2,45.8,6034,4369
3593,57.2,56.2,45.8,6034,4369
115601,57.2,56.2,45.8,6034,4369
2154,57.2,56.2,45.8,6034,4369
2155,57.2,56.2,45.8,6034,4369
121615,55.8,61.0,53.5,3550,1368
14371,55.8,61.0,53.5,3550,1368
109947,55.8,61.0,53.5,3550,1368
115424,55.8,61.0,53.5,3550,1368
11109,55.8,61.0,53.5,3550,1368
12982,55.8,61.0,53.5,3550,1368
12959,55.8,61.0,53.5,3550,1368
25730,55.8,61.0,53.5,3550,1368
110459,55.8,61.0,53.5,3550,1368
23782,55.8,61.0,53.5,3550,1368
19204,55.8,61.0,53.5,3550,1368
23778,55.8,61.0,53.5,3550,1368
8814,55.8,61.0,53.5,3550,1368
26383,55.8,61.0,53.5,3550,1368
23769,55.8,61.0,53.5,3550,1368
105746,55.8,61.0,53.5,3550,1368
19451,55.8,61.0,53.5,3550,1368
9329,55.8,61.0,53.5,3550,1368
26216,55.8,61.0,53.5,3550,1368
18431,55.8,61.0,53.5,3550,1368
27210,55.8,61.0,53.5,3550,1368
19357,55.8,61.0,53.5,3550,1368
23777,55.8,61.0,53.5,3550,1368
23764,55.8,61.0,53.5,3550,1368
19675,55.8,61.0,53.5,3550,1368
9090,55.8,61.0,53.5,3550,1368
22290,55.8,61.0,53.5,3550,1368
9091,55.8,61.0,53.5,3550,1368
25959,55.8,61.0,53.5,3550,1368
22091,55.8,61.0,53.5,3550,1368
11472,55.8,61.0,53.5,3550,1368
19201,55.8,61.0,53.5,3550,1368
25960,55.8,61.0,53.5,3550,1368
168057,55.8,61.0,53.5,3550,1368
129864,55.8,61.0,53.5,3550,1368
109078,55.8,61.0,53.5,3550,1368
108408,55.8,61.0,53.5,3550,1368
106551,55.8,61.0,53.5,3550,1368
111626,55.8,61.0,53.5,3550,1368
106549,55.8,61.0,53.5,3550,1368
115473,55.8,61.0,53.5,3550,1368
191177,55.8,61.0,53.5,3550,1368
113408,55.8,61.0,53.5,3550,1368
108370,55.8,61.0,53.5,3550,1368
111113,55.8,61.0,53.5,3550,1368
115544,55.8,61.0,53.5,3550,1368
177678,55.8,61.0,53.5,3550,1368
112840,55.8,61.0,53.5,3550,1368
114415,55.8,61.0,53.5,3550,1368
109208,55.8,61.0,53.5,3550,1368
106155,55.8,61.0,53.5,3550,1368
106553,55.8,61.0,53.5,3550,1368
152683,55.8,61.0,53.5,3550,1368
109804,55.8,61.0,53.5,3550,1368
115506,55.8,61.0,53.5,3550,1368
115463,55.8,61.0,53.5,3550,1368
106552,55.8,61.0,53.5,3550,1368
113538,55.8,61.0,53.5,3550,1368
160319,55.8,61.0,53.5,3550,1368
105407,55.8,61.0,53.5,3550,1368
168399,55.8,61.0,53.5,3550,1368
110838,55.8,61.0,53.5,3550,1368
165262,55.8,61.0,53.5,3550,1368
108481,55.8,61.0,53.5,3550,1368
109931,55.8,61.0,53.5,3550,1368
109932,55.8,61.0,53.5,3550,1368
110140,55.8,61.0,53.5,3550,1368
114379,55.8,61.0,53.5,3550,1368
112401,55.8,61.0,53.5,3550,1368
114416,55.8,61.0,53.5,3550,1368
114417,55.8,61.0,53.5,3550,1368
114414,55.8,61.0,53.5,3550,1368
115471,55.8,61.0,53.5,3550,1368
117065,55.8,61.0,53.5,3550,1368
115950,55.8,61.0,53.5,3550,1368
115948,55.8,61.0,53.5,3550,1368
115536,55.8,61.0,53.5,3550,1368
111353,55.8,61.0,53.5,3550,1368
118154,55.8,61.0,53.5,3550,1368
105405,55.8,61.0,53.5,3550,1368
110837,55.8,61.0,53.5,3550,1368
110026,55.8,61.0,53.5,3550,1368
106031,55.8,61.0,53.5,3550,1368
108407,55.8,61.0,53.5,3550,1368
106558,55.8,61.0,53.5,3550,1368
106690,55.8,61.0,53.5,3550,1368
105415,55.8,61.0,53.5,3550,1368
105414,55.8,61.0,53.5,3550,1368
106154,55.8,61.0,53.5,3550,1368
107542,55.8,61.0,53.5,3550,1368
10167,55.8,61.0,53.5,3550,1368
106548,55.8,61.0,53.5,3550,1368
112842,55.8,61.0,53.5,3550,1368
105416,55.8,61.0,53.5,3550,1368
107651,55.8,61.0,53.5,3550,1368
16291,55.8,61.0,53.5,3550,1368
136146,55.8,61.0,53.5,3550,1368
163398,55.8,61.0,53.5,3550,1368
12928,55.8,61.0,53.5,3550,1368
181938,55.8,61.0,53.5,3550,1368
137942,55.8,61.0,53.5,3550,1368
110293,55.8,61.0,53.5,3550,1368
107719,55.8,61.0,53.5,3550,1368
26656,55.8,61.0,53.5,3550,1368
113506,55.8,61.0,53.5,3550,1368
132322,55.8,61.0,53.5,3550,1368
113039,55.8,61.0,53.5,3550,1368
113383,55.8,61.0,53.5,3550,1368
121988,55.8,61.0,53.5,3550,1368
115819,55.8,61.0,53.5,3550,1368
115818,55.8,61.0,53.5,3550,1368
125003,55.8,61.0,53.5,3550,1368
115899,55.8,61.0,53.5,3550,1368
125004,55.8,61.0,53.5,3550,1368
18926,55.8,61.0,53.5,3550,1368
15231,55.8,61.0,53.5,3550,1368
102711,55.8,61.0,53.5,3550,1368
10470,55.8,61.0,53.5,3550,1368
10717,55.8,61.0,53.5,3550,1368
17633,55.8,61.0,53.5,3550,1368
11455,55.8,61.0,53.5,3550,1368
10543,55.8,61.0,53.5,3550,1368
13897,55.8,61.0,53.5,3550,1368
141130,55.8,61.0,53.5,3550,1368
14372,55.8,61.0,53.5,3550,1368
141062,55.8,61.0,53.5,3550,1368
19177,55.8,61.0,53.5,3550,1368
13111,55.8,61.0,53.5,3550,1368
22211,55.8,61.0,53.5,3550,1368
141620,55.8,61.0,53.5,3550,1368
125772,55.8,61.0,53.5,3550,1368
117278,55.8,61.0,53.5,3550,1368
18690,55.8,61.0,53.5,3550,1368
109163,55.8,61.0,53.5,3550,1368
129104,55.8,61.0,53.5,3550,1368
11806,55.8,61.0,53.5,3550,1368
151323,55.8,61.0,53.5,3550,1368
14547,55.8,61.0,53.5,3550,1368
12047,55.8,61.0,53.5,3550,1368
125771,55.8,61.0,53.5,3550,1368
25045,55.8,61.0,53.5,3550,1368
26548,55.8,61.0,53.5,3550,1368
157686,55.8,61.0,53.5,3550,1368
10135,55.8,61.0,53.5,3550,1368
25088,55.8,61.0,53.5,3550,1368
15234,55.8,61.0,53.5,3550,1368
25986,55.8,61.0,53.5,3550,1368
101455,55.8,61.0,53.5,3550,1368
118211,55.8,61.0,53.5,3550,1368
137070,55.8,61.0,53.5,3550,1368
10529,55.8,61.0,53.5,3550,1368
138266,55.8,61.0,53.5,3550,1368
126335,55.8,61.0,53.5,3550,1368
24980,55.8,61.0,53.5,3550,1368
25044,55.8,61.0,53.5,3550,1368
9681,55.8,61.0,53.5,3550,1368
15381,55.8,61.0,53.5,3550,1368
106204,55.8,61.0,53.5,3550,1368
134508,55.8,61.0,53.5,3550,1368
134507,55.8,61.0,53.5,3550,1368
148023,55.8,61.0,53.5,3550,1368
146784,55.8,61.0,53.5,3550,1368
148032,55.8,61.0,53.5,3550,1368
26738,55.8,61.0,53.5,3550,1368
