단지번호,자치구_거래활성도,자치구_가격모멘텀,자치구_신축비율,자치구_수급점수
1305,1.218,1.387,0.056,66.5
14,1.218,1.387,0.056,66.5
10,1.218,1.387,0.056,66.5
1347,1.218,1.387,0.056,66.5
1348,1.218,1.387,0.056,66.5
13,1.218,1.387,0.056,66.5
11,1.218,1.387,0.056,66.5
1346,1.218,1.387,0.056,66.5
11337,1.218,1.387,0.056,66.5
12,1.218,1.387,0.056,66.5
1020,1.218,1.387,0.056,66.5
6,1.218,1.387,0.056,66.5
103293,1.218,1.387,0.056,66.5
107505,1.218,1.387,0.056,66.5
1017,1.218,1.387,0.056,66.5
1016,1.218,1.387,0.056,66.5
1012,1.218,1.387,0.056,66.5
131669,1.218,1.387,0.056,66.5
3331,1.218,1.387,0.056,66.5
1350,1.218,1.387,0.056,66.5
1351,1.218,1.387,0.056,66.5
15,1.218,1.387,0.056,66.5
25922,1.218,1.387,0.056,66.5
4,1.218,1.387,0.056,66.5
7,1.218,1.387,0.056,66.5
25967,1.218,1.387,0.056,66.5
137417,1.218,1.387,0.056,66.5
132472,1.218,1.387,0.056,66.5
22,1.218,1.387,0.056,66.5
23,1.218,1.387,0.056,66.5
31,1.218,1.387,0.056,66.5
24,1.218,1.387,0.056,66.5
25,1.218,1.387,0.056,66.5
8959,1.218,1.387,0.056,66.5
905,1.218,1.387,0.056,66.5
26123,1.218,1.387,0.056,66.5
26124,1.218,1.387,0.056,66.5
109799,1.218,1.387,0.056,66.5
108359,1.218,1.387,0.056,66.5
24833,1.218,1.387,0.056,66.5
9716,1.218,1.387,0.056,66.5
112211,1.218,1.387,0.056,66.5
131224,1.218,1.387,0.056,66.5
107960,1.218,1.387,0.056,66.5
26128,1.218,1.387,0.056,66.5
33,1.218,1.387,0.056,66.5
107506,1.218,1.387,0.056,66.5
9410,1.218,1.387,0.056,66.5
112280,1.218,1.387,0.056,66.5
107961,1.218,1.387,0.056,66.5
107475,1.218,1.387,0.056,66.5
107483,1.218,1.387,0.056,66.5
107504,1.218,1.387,0.056,66.5
107477,1.218,1.387,0.056,66.5
112279,1.218,1.387,0.056,66.5
25968,1.218,1.387,0.056,66.5
25969,1.218,1.387,0.056,66.5
1038,1.218,1.387,0.056,66.5
22555,1.218,1.387,0.056,66.5
131485,1.218,1.387,0.056,66.5
103305,1.218,1.387,0.056,66.5
3330,1.218,1.387,0.056,66.5
11565,1.218,1.387,0.056,66.5
870,1.218,1.387,0.056,66.5
36,1.218,1.387,0.056,66.5
8378,1.218,1.387,0.056,66.5
1034,1.218,1.387,0.056,66.5
869,1.218,1.387,0.056,66.5
37,1.218,1.387,0.056,66.5
113008,1.218,1.387,0.056,66.5
115965,1.218,1.387,0.056,66.5
1035,1.218,1.387,0.056,66.5
3771,1.218,1.387,0.056,66.5
9364,1.218,1.387,0.056,66.5
34,1.218,1.387,0.056,66.5
9161,1.218,1.387,0.056,66.5
38,1.218,1.387,0.056,66.5
13859,1.218,1.387,0.056,66.5
10307,1.218,1.387,0.056,66.5
3433,1.218,1.387,0.056,66.5
661,1.218,1.387,0.056,66.5
2579,1.218,1.387,0.056,66.5
12870,1.218,1.387,0.056,66.5
22208,1.218,1.387,0.056,66.5
102634,1.218,1.387,0.056,66.5
2646,1.218,1.387,0.056,66.5
22209,1.218,1.387,0.056,66.5
22215,1.218,1.387,0.056,66.5
44,1.218,1.387,0.056,66.5
42,1.218,1.387,0.056,66.5
3801,1.048,1.492,0.085,52.0
121758,1.048,1.492,0.085,52.0
1216,1.048,1.492,0.085,52.0
735,1.048,1.492,0.085,52.0
3447,1.048,1.492,0.085,52.0
729,1.048,1.492,0.085,52.0
688,1.048,1.492,0.085,52.0
731,1.048,1.492,0.085,52.0
9797,1.048,1.492,0.085,52.0
11926,1.048,1.492,0.085,52.0
662,1.048,1.492,0.085,52.0
3786,1.048,1.492,0.085,52.0
1673,1.048,1.492,0.085,52.0
117329,1.048,1.492,0.085,52.0
3777,1.048,1.492,0.085,52.0
130826,1.048,1.492,0.085,52.0
107728,1.048,1.492,0.085,52.0
121979,1.048,1.492,0.085,52.0
102874,1.048,1.492,0.085,52.0
102875,1.048,1.492,0.085,52.0
104360,1.048,1.492,0.085,52.0
9897,1.048,1.492,0.085,52.0
711,1.048,1.492,0.085,52.0
672,1.048,1.492,0.085,52.0
3784,1.048,1.492,0.085,52.0
118,1.048,1.492,0.085,52.0
3444,1.048,1.492,0.085,52.0
10312,1.048,1.492,0.085,52.0
3440,1.048,1.492,0.085,52.0
14020,1.048,1.492,0.085,52.0
108438,1.048,1.492,0.085,52.0
100495,1.048,1.492,0.085,52.0
3354,1.048,1.492,0.085,52.0
12021,1.048,1.492,0.085,52.0
1068,1.048,1.492,0.085,52.0
1074,1.048,1.492,0.085,52.0
115706,1.048,1.492,0.085,52.0
121,1.048,1.492,0.085,52.0
441,1.048,1.492,0.085,52.0
8714,1.048,1.492,0.085,52.0
910,1.048,1.492,0.085,52.0
675,1.048,1.492,0.085,52.0
3443,1.048,1.492,0.085,52.0
670,1.048,1.492,0.085,52.0
8742,1.048,1.492,0.085,52.0
8919,1.048,1.492,0.085,52.0
25853,1.048,1.492,0.085,52.0
10169,1.311,1.439,0.1,76.7
121987,1.311,1.439,0.1,76.7
1210,1.311,1.439,0.1,76.7
687,1.311,1.439,0.1,76.7
684,1.311,1.439,0.1,76.7
677,1.311,1.439,0.1,76.7
967,1.311,1.439,0.1,76.7
691,1.311,1.439,0.1,76.7
8348,1.311,1.439,0.1,76.7
109205,1.311,1.439,0.1,76.7
2982,1.311,1.439,0.1,76.7
676,1.311,1.439,0.1,76.7
104791,1.311,1.439,0.1,76.7
11116,1.311,1.439,0.1,76.7
1209,1.311,1.439,0.1,76.7
2985,1.311,1.439,0.1,76.7
2981,1.311,1.439,0.1,76.7
737,1.311,1.439,0.1,76.7
3449,1.311,1.439,0.1,76.7
703,1.311,1.439,0.1,76.7
3210,1.311,1.439,0.1,76.7
3209,1.311,1.439,0.1,76.7
700,1.311,1.439,0.1,76.7
1211,1.311,1.439,0.1,76.7
3457,1.311,1.439,0.1,76.7
128302,1.311,1.439,0.1,76.7
1221,1.311,1.439,0.1,76.7
104960,1.311,1.439,0.1,76.7
707,1.311,1.439,0.1,76.7
888,1.311,1.439,0.1,76.7
3356,1.311,1.439,0.1,76.7
3450,1.311,1.439,0.1,76.7
3452,1.311,1.439,0.1,76.7
698,1.311,1.439,0.1,76.7
18913,1.311,1.439,0.1,76.7
693,1.311,1.439,0.1,76.7
130,1.311,1.439,0.1,76.7
694,1.311,1.439,0.1,76.7
109434,1.311,1.439,0.1,76.7
722,1.311,1.439,0.1,76.7
912,1.311,1.439,0.1,76.7
8073,1.311,1.439,0.1,76.7
3386,1.311,1.439,0.1,76.7
133,1.311,1.439,0.1,76.7
148337,1.311,1.439,0.1,76.7
121788,1.311,1.439,0.1,76.7
129,1.311,1.439,0.1,76.7
3204,1.311,1.439,0.1,76.7
132,1.311,1.439,0.1,76.7
136,1.311,1.439,0.1,76.7
117792,1.311,1.439,0.1,76.7
107424,1.311,1.439,0.1,76.7
719,1.311,1.439,0.1,76.7
120522,1.311,1.439,0.1,76.7
119377,1.311,1.439,0.1,76.7
391,1.311,1.439,0.1,76.7
12473,1.311,1.439,0.1,76.7
18914,1.311,1.439,0.1,76.7
117254,1.311,1.439,0.1,76.7
13311,1.311,1.439,0.1,76.7
396,1.311,1.439,0.1,76.7
3793,1.311,1.439,0.1,76.7
695,1.311,1.439,0.1,76.7
115547,1.311,1.439,0.1,76.7
3385,1.311,1.439,0.1,76.7
726,1.311,1.439,0.1,76.7
125,1.311,1.439,0.1,76.7
9937,1.311,1.439,0.1,76.7
3333,1.311,1.439,0.1,76.7
10663,1.311,1.439,0.1,76.7
1067,1.311,1.439,0.1,76.7
7960,1.311,1.439,0.1,76.7
8872,1.311,1.439,0.1,76.7
27576,1.311,1.439,0.1,76.7
364,1.311,1.439,0.1,76.7
123898,1.311,1.439,0.1,76.7
48,1.311,1.439,0.1,76.7
368,1.311,1.439,0.1,76.7
3561,1.311,1.439,0.1,76.7
3381,1.311,1.439,0.1,76.7
115201,1.311,1.439,0.1,76.7
3803,1.311,1.439,0.1,76.7
9311,1.311,1.439,0.1,76.7
3280,1.311,1.439,0.1,76.7
362,1.311,1.439,0.1,76.7
1222,1.311,1.439,0.1,76.7
745,1.311,1.439,0.1,76.7
100694,1.311,1.439,0.1,76.7
933,1.311,1.439,0.1,76.7
100235,1.311,1.439,0.1,76.7
143,1.189,1.332,0.174,48.2
1606,1.189,1.332,0.174,48.2
8186,1.189,1.332,0.174,48.2
25784,1.189,1.332,0.174,48.2
1605,1.189,1.332,0.174,48.2
8646,1.189,1.332,0.174,48.2
154299,1.189,1.332,0.174,48.2
159,1.189,1.332,0.174,48.2
25902,1.189,1.332,0.174,48.2
140,1.189,1.332,0.174,48.2
25901,1.189,1.332,0.174,48.2
163557,1.189,1.332,0.174,48.2
147,1.189,1.332,0.174,48.2
1621,1.189,1.332,0.174,48.2
17418,1.189,1.332,0.174,48.2
141,1.189,1.332,0.174,48.2
169598,1.189,1.332,0.174,48.2
163177,1.189,1.332,0.174,48.2
3350,1.189,1.332,0.174,48.2
3192,1.189,1.332,0.174,48.2
1063,1.189,1.332,0.174,48.2
17538,1.189,1.332,0.174,48.2
107065,1.189,1.332,0.174,48.2
1076,1.189,1.332,0.174,48.2
3357,1.189,1.332,0.174,48.2
3783,1.189,1.332,0.174,48.2
114,1.189,1.332,0.174,48.2
106,1.189,1.332,0.174,48.2
160917,1.189,1.332,0.174,48.2
1604,1.189,1.332,0.174,48.2
155,1.189,1.332,0.174,48.2
127424,1.189,1.332,0.174,48.2
102850,1.189,1.332,0.174,48.2
1062,1.189,1.332,0.174,48.2
102851,1.189,1.332,0.174,48.2
3349,1.189,1.332,0.174,48.2
113,1.189,1.332,0.174,48.2
10309,1.189,1.332,0.174,48.2
103269,1.189,1.332,0.174,48.2
102852,1.189,1.332,0.174,48.2
102853,1.189,1.332,0.174,48.2
170819,1.189,1.332,0.174,48.2
9046,1.189,1.332,0.174,48.2
10151,1.189,1.332,0.174,48.2
3351,1.189,1.332,0.174,48.2
20490,1.189,1.332,0.174,48.2
104934,1.189,1.332,0.174,48.2
107066,1.189,1.332,0.174,48.2
17469,1.189,1.332,0.174,48.2
8759,1.189,1.332,0.174,48.2
1718,1.189,1.332,0.174,48.2
15805,1.189,1.332,0.174,48.2
9629,1.189,1.332,0.174,48.2
1719,1.189,1.332,0.174,48.2
120265,1.189,1.332,0.174,48.2
3787,1.189,1.332,0.174,48.2
19415,1.189,1.332,0.174,48.2
102876,1.189,1.332,0.174,48.2
102622,1.189,1.332,0.174,48.2
102877,1.189,1.332,0.174,48.2
26639,1.189,1.332,0.174,48.2
125299,1.189,1.332,0.174,48.2
1595,1.189,1.332,0.174,48.2
122446,1.189,1.332,0.174,48.2
119166,1.189,1.332,0.174,48.2
102854,1.189,1.332,0.174,48.2
120035,1.189,1.332,0.174,48.2
118711,1.189,1.332,0.174,48.2
19009,1.189,1.332,0.174,48.2
15137,1.189,1.332,0.174,48.2
1594,1.189,1.332,0.174,48.2
154358,1.189,1.332,0.174,48.2
119675,1.189,1.332,0.174,48.2
133083,1.189,1.332,0.174,48.2
12882,1.189,1.332,0.174,48.2
131487,1.189,1.332,0.174,48.2
19437,1.189,1.332,0.174,48.2
26325,1.189,1.332,0.174,48.2
8973,1.189,1.332,0.174,48.2
127082,1.189,1.332,0.174,48.2
8866,1.189,1.332,0.174,48.2
8678,1.189,1.332,0.174,48.2
119598,1.189,1.332,0.174,48.2
100218,1.189,1.332,0.174,48.2
8864,1.189,1.332,0.174,48.2
102779,1.189,1.332,0.174,48.2
1627,0.961,1.391,0.0,28.0
1626,0.961,1.391,0.0,28.0
164,0.961,1.391,0.0,28.0
3235,0.961,1.391,0.0,28.0
8877,0.961,1.391,0.0,28.0
11234,0.961,1.391,0.0,28.0
1635,0.961,1.391,0.0,28.0
161,0.961,1.391,0.0,28.0
53,0.961,1.391,0.0,28.0
1052,0.961,1.391,0.0,28.0
8895,0.961,1.391,0.0,28.0
27344,0.961,1.391,0.0,28.0
14316,0.961,1.391,0.0,28.0
9449,0.961,1.391,0.0,28.0
107929,0.961,1.391,0.0,28.0
3564,0.961,1.391,0.0,28.0
162,0.961,1.391,0.0,28.0
17124,0.961,1.391,0.0,28.0
167,0.961,1.391,0.0,28.0
165,0.961,1.391,0.0,28.0
3174,0.961,1.391,0.0,28.0
3360,0.961,1.391,0.0,28.0
169,0.961,1.391,0.0,28.0
104347,0.961,1.391,0.0,28.0
100344,0.961,1.391,0.0,28.0
50,0.961,1.391,0.0,28.0
19220,0.961,1.391,0.0,28.0
3359,0.961,1.391,0.0,28.0
27821,0.961,1.391,0.0,28.0
968,1.225,1.482,0.132,76.8
762,1.225,1.482,0.132,76.8
10129,1.225,1.482,0.132,76.8
372,1.225,1.482,0.132,76.8
9194,1.225,1.482,0.132,76.8
161181,1.225,1.482,0.132,76.8
112997,1.225,1.482,0.132,76.8
9318,1.225,1.482,0.132,76.8
22789,1.225,1.482,0.132,76.8
113097,1.225,1.482,0.132,76.8
131685,1.225,1.482,0.132,76.8
3811,1.225,1.482,0.132,76.8
133962,1.225,1.482,0.132,76.8
113292,1.225,1.482,0.132,76.8
110919,1.225,1.482,0.132,76.8
8987,1.225,1.482,0.132,76.8
3383,1.225,1.482,0.132,76.8
8753,1.225,1.482,0.132,76.8
188978,1.225,1.482,0.132,76.8
109124,1.225,1.482,0.132,76.8
102641,1.225,1.482,0.132,76.8
374,1.225,1.482,0.132,76.8
378,1.225,1.482,0.132,76.8
381,1.225,1.482,0.132,76.8
380,1.225,1.482,0.132,76.8
127384,1.225,1.482,0.132,76.8
115936,1.225,1.482,0.132,76.8
100304,1.225,1.482,0.132,76.8
376,1.225,1.482,0.132,76.8
375,1.225,1.482,0.132,76.8
399,1.225,1.482,0.132,76.8
3346,1.225,1.482,0.132,76.8
398,1.225,1.482,0.132,76.8
107613,1.225,1.482,0.132,76.8
1138,1.225,1.482,0.132,76.8
101496,1.225,1.482,0.132,76.8
464,1.225,1.482,0.132,76.8
111467,1.225,1.482,0.132,76.8
104035,1.225,1.482,0.132,76.8
45,1.225,1.482,0.132,76.8
1048,1.225,1.482,0.132,76.8
401,1.225,1.482,0.132,76.8
104449,1.225,1.482,0.132,76.8
2988,1.225,1.482,0.132,76.8
107439,1.225,1.482,0.132,76.8
102142,1.225,1.482,0.132,76.8
9208,1.225,1.482,0.132,76.8
127725,1.225,1.482,0.132,76.8
178737,1.225,1.482,0.132,76.8
102715,1.225,1.482,0.132,76.8
388,1.225,1.482,0.132,76.8
767,1.225,1.482,0.132,76.8
867,1.225,1.482,0.132,76.8
3881,1.225,1.482,0.132,76.8
1045,1.225,1.482,0.132,76.8
9035,1.225,1.482,0.132,76.8
471,1.225,1.482,0.132,76.8
26399,1.225,1.482,0.132,76.8
22491,1.225,1.482,0.132,76.8
22846,1.225,1.482,0.132,76.8
2986,1.225,1.482,0.132,76.8
170442,1.225,1.482,0.132,76.8
2987,1.225,1.482,0.132,76.8
3034,1.225,1.482,0.132,76.8
9497,1.225,1.482,0.132,76.8
63,1.225,1.482,0.132,76.8
761,1.225,1.482,0.132,76.8
769,1.225,1.482,0.132,76.8
3030,1.186,1.446,0.25,57.1
19370,1.186,1.446,0.25,57.1
59,1.186,1.446,0.25,57.1
114809,1.186,1.446,0.25,57.1
55,1.186,1.446,0.25,57.1
108126,1.186,1.446,0.25,57.1
160638,1.186,1.446,0.25,57.1
58,1.186,1.446,0.25,57.1
107901,0.739,1.419,0.197,17.2
108832,0.739,1.419,0.197,17.2
108834,0.739,1.419,0.197,17.2
107902,0.739,1.419,0.197,17.2
107903,0.739,1.419,0.197,17.2
168097,0.739,1.419,0.197,17.2
125080,0.739,1.419,0.197,17.2
459,0.739,1.419,0.197,17.2
109119,0.739,1.419,0.197,17.2
111703,0.739,1.419,0.197,17.2
114533,0.739,1.419,0.197,17.2
445,0.739,1.419,0.197,17.2
132385,0.739,1.419,0.197,17.2
23759,0.739,1.419,0.197,17.2
511,0.739,1.419,0.197,17.2
3009,0.739,1.419,0.197,17.2
112008,0.739,1.419,0.197,17.2
111687,0.739,1.419,0.197,17.2
128008,0.739,1.419,0.197,17.2
22853,0.739,1.419,0.197,17.2
118947,0.739,1.419,0.197,17.2
101887,0.739,1.419,0.197,17.2
518,0.739,1.419,0.197,17.2
100512,0.739,1.419,0.197,17.2
25772,0.739,1.419,0.197,17.2
142155,0.739,1.419,0.197,17.2
491,0.739,1.419,0.197,17.2
108228,0.739,1.419,0.197,17.2
481,0.739,1.419,0.197,17.2
113295,0.739,1.419,0.197,17.2
11844,0.739,1.419,0.197,17.2
1285,0.739,1.419,0.197,17.2
101344,0.739,1.419,0.197,17.2
115037,0.739,1.419,0.197,17.2
25778,0.739,1.419,0.197,17.2
125757,0.739,1.419,0.197,17.2
472,0.739,1.419,0.197,17.2
490,0.739,1.419,0.197,17.2
124311,0.739,1.419,0.197,17.2
504,0.739,1.419,0.197,17.2
126726,0.739,1.419,0.197,17.2
111665,0.739,1.419,0.197,17.2
118791,0.739,1.419,0.197,17.2
110364,0.739,1.419,0.197,17.2
132779,0.739,1.419,0.197,17.2
134062,0.739,1.419,0.197,17.2
119219,0.739,1.419,0.197,17.2
509,0.739,1.419,0.197,17.2
104034,0.739,1.419,0.197,17.2
105172,0.739,1.419,0.197,17.2
508,0.739,1.419,0.197,17.2
1321,0.739,1.419,0.197,17.2
667,0.739,1.419,0.197,17.2
28,0.739,1.419,0.197,17.2
1317,0.739,1.419,0.197,17.2
105171,0.739,1.419,0.197,17.2
103238,0.739,1.419,0.197,17.2
103577,0.739,1.419,0.197,17.2
742,0.739,1.419,0.197,17.2
18,0.739,1.419,0.197,17.2
541,0.739,1.419,0.197,17.2
483,0.828,1.511,0.092,38.0
419,0.828,1.511,0.092,38.0
128527,0.828,1.511,0.092,38.0
112228,0.828,1.511,0.092,38.0
121971,0.828,1.511,0.092,38.0
11698,0.828,1.511,0.092,38.0
100559,0.828,1.511,0.092,38.0
3040,0.828,1.511,0.092,38.0
135,0.828,1.511,0.092,38.0
113151,0.828,1.511,0.092,38.0
19418,0.828,1.511,0.092,38.0
14142,0.828,1.511,0.092,38.0
983,0.828,1.511,0.092,38.0
394,0.828,1.511,0.092,38.0
13814,0.828,1.511,0.092,38.0
837,0.828,1.511,0.092,38.0
113125,0.828,1.511,0.092,38.0
180280,0.828,1.511,0.092,38.0
65,0.828,1.511,0.092,38.0
874,0.828,1.511,0.092,38.0
154,0.828,1.511,0.092,38.0
111332,0.828,1.511,0.092,38.0
980,0.828,1.511,0.092,38.0
109227,0.828,1.511,0.092,38.0
13813,0.828,1.511,0.092,38.0
127477,0.828,1.511,0.092,38.0
127482,0.828,1.511,0.092,38.0
17528,0.828,1.511,0.092,38.0
473,0.828,1.511,0.092,38.0
428,0.828,1.511,0.092,38.0
18967,0.828,1.511,0.092,38.0
104032,0.828,1.511,0.092,38.0
24009,0.828,1.511,0.092,38.0
108825,0.828,1.511,0.092,38.0
3,0.828,1.511,0.092,38.0
135597,0.828,1.511,0.092,38.0
640,0.828,1.511,0.092,38.0
971,0.828,1.511,0.092,38.0
22627,0.828,1.511,0.092,38.0
18213,0.828,1.511,0.092,38.0
408,0.828,1.511,0.092,38.0
3048,0.828,1.511,0.092,38.0
329,0.828,1.511,0.092,38.0
24008,0.828,1.511,0.092,38.0
1081,0.828,1.511,0.092,38.0
182057,0.828,1.511,0.092,38.0
499,0.828,1.511,0.092,38.0
982,0.828,1.511,0.092,38.0
176758,0.828,1.511,0.092,38.0
733,0.828,1.511,0.092,38.0
105735,0.828,1.511,0.092,38.0
103578,0.828,1.511,0.092,38.0
109107,0.828,1.511,0.092,38.0
102668,0.828,1.511,0.092,38.0
103602,0.828,1.511,0.092,38.0
113680,0.828,1.511,0.092,38.0
107458,0.828,1.511,0.092,38.0
107457,0.828,1.511,0.092,38.0
102670,0.828,1.511,0.092,38.0
103252,0.828,1.511,0.092,38.0
102669,0.828,1.511,0.092,38.0
104967,0.828,1.511,0.092,38.0
106166,0.828,1.511,0.092,38.0
827,0.828,1.511,0.092,38.0
111515,0.828,1.511,0.092,38.0
671,0.828,1.511,0.092,38.0
641,0.828,1.511,0.092,38.0
668,0.828,1.511,0.092,38.0
103139,0.828,1.511,0.092,38.0
595,0.828,1.511,0.092,38.0
1196,0.828,1.511,0.092,38.0
594,0.828,1.511,0.092,38.0
8203,0.828,1.511,0.092,38.0
107799,0.828,1.511,0.092,38.0
3751,0.828,1.511,0.092,38.0
174198,0.828,1.511,0.092,38.0
657,0.828,1.511,0.092,38.0
107544,0.828,1.511,0.092,38.0
102737,0.828,1.511,0.092,38.0
563,0.828,1.511,0.092,38.0
562,0.828,1.511,0.092,38.0
1179,0.828,1.511,0.092,38.0
564,0.828,1.511,0.092,38.0
25929,0.828,1.511,0.092,38.0
26471,0.828,1.511,0.092,38.0
26107,0.828,1.511,0.092,38.0
26106,0.828,1.511,0.092,38.0
26479,0.828,1.511,0.092,38.0
608,0.828,1.511,0.092,38.0
26472,0.828,1.511,0.092,38.0
108405,0.828,1.511,0.092,38.0
93,0.828,1.511,0.092,38.0
99,0.828,1.511,0.092,38.0
87,0.828,1.511,0.092,38.0
88,0.828,1.511,0.092,38.0
135887,0.828,1.511,0.092,38.0
908,0.828,1.511,0.092,38.0
3418,0.828,1.511,0.092,38.0
609,1.021,1.491,0.271,34.9
628,1.021,1.491,0.271,34.9
166537,1.021,1.491,0.271,34.9
147185,1.021,1.491,0.271,34.9
22809,1.021,1.491,0.271,34.9
598,1.021,1.491,0.271,34.9
115869,1.021,1.491,0.271,34.9
633,1.021,1.491,0.271,34.9
26222,1.021,1.491,0.271,34.9
3431,1.021,1.491,0.271,34.9
26481,1.021,1.491,0.271,34.9
3033,1.021,1.491,0.271,34.9
612,1.021,1.491,0.271,34.9
352,1.021,1.491,0.271,34.9
951,1.021,1.491,0.271,34.9
119358,1.021,1.491,0.271,34.9
104122,1.021,1.491,0.271,34.9
125343,1.021,1.491,0.271,34.9
104126,1.021,1.491,0.271,34.9
952,1.021,1.491,0.271,34.9
119875,1.021,1.491,0.271,34.9
139917,1.021,1.491,0.271,34.9
127132,1.021,1.491,0.271,34.9
124942,1.021,1.491,0.271,34.9
115551,1.021,1.491,0.271,34.9
109174,1.021,1.491,0.271,34.9
122025,1.021,1.491,0.271,34.9
139920,1.021,1.491,0.271,34.9
102313,1.021,1.491,0.271,34.9
107023,1.021,1.491,0.271,34.9
357,1.021,1.491,0.271,34.9
355,1.021,1.491,0.271,34.9
125354,1.021,1.491,0.271,34.9
102314,1.021,1.491,0.271,34.9
122024,1.021,1.491,0.271,34.9
107339,1.021,1.491,0.271,34.9
25930,1.021,1.491,0.271,34.9
107550,1.021,1.491,0.271,34.9
131899,1.021,1.491,0.271,34.9
125937,1.021,1.491,0.271,34.9
125345,1.021,1.491,0.271,34.9
136150,1.021,1.491,0.271,34.9
125346,1.021,1.491,0.271,34.9
125022,1.021,1.491,0.271,34.9
109266,1.021,1.491,0.271,34.9
393,1.021,1.491,0.271,34.9
155817,1.021,1.491,0.271,34.9
115046,1.021,1.491,0.271,34.9
180737,1.021,1.491,0.271,34.9
3317,1.021,1.491,0.271,34.9
109217,1.021,1.491,0.271,34.9
1296,1.021,1.491,0.271,34.9
650,1.021,1.491,0.271,34.9
22675,1.021,1.491,0.271,34.9
184857,1.021,1.491,0.271,34.9
646,1.021,1.491,0.271,34.9
649,1.021,1.491,0.271,34.9
15011,1.021,1.491,0.271,34.9
19127,1.021,1.491,0.271,34.9
22746,1.021,1.491,0.271,34.9
422,1.021,1.491,0.271,34.9
103,1.021,1.491,0.271,34.9
625,1.021,1.491,0.271,34.9
110632,1.021,1.491,0.271,34.9
107924,1.021,1.491,0.271,34.9
107715,1.021,1.491,0.271,34.9
643,1.021,1.491,0.271,34.9
24721,1.021,1.491,0.271,34.9
74,1.021,1.491,0.271,34.9
75,1.021,1.491,0.271,34.9
84,1.021,1.491,0.271,34.9
173857,1.021,1.491,0.271,34.9
416,1.021,1.491,0.271,34.9
989,1.021,1.491,0.271,34.9
77,1.021,1.491,0.271,34.9
993,1.021,1.491,0.271,34.9
100514,1.021,1.491,0.271,34.9
175257,1.021,1.491,0.271,34.9
1004,1.021,1.491,0.271,34.9
73,1.021,1.491,0.271,34.9
3335,1.021,1.491,0.271,34.9
80,1.021,1.491,0.271,34.9
7956,1.021,1.491,0.271,34.9
81,1.021,1.491,0.271,34.9
76,1.021,1.491,0.271,34.9
109097,1.284,1.535,0.145,88.1
134510,1.284,1.535,0.145,88.1
143079,1.284,1.535,0.145,88.1
127671,1.284,1.535,0.145,88.1
104310,1.284,1.535,0.145,88.1
105286,1.284,1.535,0.145,88.1
108423,1.284,1.535,0.145,88.1
119341,1.284,1.535,0.145,88.1
113907,1.284,1.535,0.145,88.1
102234,1.284,1.535,0.145,88.1
27479,1.284,1.535,0.145,88.1
27474,1.284,1.535,0.145,88.1
106200,1.284,1.535,0.145,88.1
113117,1.284,1.535,0.145,88.1
117842,1.284,1.535,0.145,88.1
138204,1.284,1.535,0.145,88.1
27482,1.284,1.535,0.145,88.1
106201,1.284,1.535,0.145,88.1
110010,1.284,1.535,0.145,88.1
106199,1.284,1.535,0.145,88.1
181137,1.284,1.535,0.145,88.1
27481,1.284,1.535,0.145,88.1
115505,1.284,1.535,0.145,88.1
107663,1.284,1.535,0.145,88.1
27478,1.284,1.535,0.145,88.1
108472,1.284,1.535,0.145,88.1
140148,1.284,1.535,0.145,88.1
27480,1.284,1.535,0.145,88.1
102233,1.284,1.535,0.145,88.1
171078,1.284,1.535,0.145,88.1
27476,1.284,1.535,0.145,88.1
187478,1.284,1.535,0.145,88.1
111028,1.284,1.535,0.145,88.1
109215,1.284,1.535,0.145,88.1
112142,1.284,1.535,0.145,88.1
107025,1.284,1.535,0.145,88.1
27477,1.284,1.535,0.145,88.1
143074,1.284,1.535,0.145,88.1
111865,1.284,1.535,0.145,88.1
104311,1.284,1.535,0.145,88.1
113236,1.284,1.535,0.145,88.1
107024,1.284,1.535,0.145,88.1
107686,1.284,1.535,0.145,88.1
27475,1.284,1.535,0.145,88.1
113432,1.284,1.535,0.145,88.1
1156,1.284,1.535,0.145,88.1
110765,1.284,1.535,0.145,88.1
25874,1.284,1.535,0.145,88.1
102235,1.284,1.535,0.145,88.1
1324,1.284,1.535,0.145,88.1
22570,1.284,1.535,0.145,88.1
9682,1.284,1.535,0.145,88.1
19578,1.284,1.535,0.145,88.1
118210,1.284,1.535,0.145,88.1
121977,1.284,1.535,0.145,88.1
108187,1.284,1.535,0.145,88.1
1313,1.284,1.535,0.145,88.1
1315,1.284,1.535,0.145,88.1
1311,1.284,1.535,0.145,88.1
875,1.284,1.535,0.145,88.1
154118,1.284,1.535,0.145,88.1
1290,1.284,1.535,0.145,88.1
119933,1.284,1.535,0.145,88.1
903,1.284,1.535,0.145,88.1
27212,1.284,1.535,0.145,88.1
1314,1.284,1.535,0.145,88.1
1292,1.284,1.535,0.145,88.1
8755,1.284,1.535,0.145,88.1
997,1.284,1.535,0.145,88.1
167997,1.284,1.535,0.145,88.1
117309,1.284,1.535,0.145,88.1
996,1.284,1.535,0.145,88.1
134513,1.284,1.535,0.145,88.1
3118,1.284,1.535,0.145,88.1
3116,1.284,1.535,0.145,88.1
116836,1.284,1.535,0.145,88.1
120960,0.896,1.594,0.667,30.0
121427,0.896,1.594,0.667,30.0
22781,0.896,1.594,0.667,30.0
125930,0.896,1.594,0.667,30.0
127071,0.896,1.594,0.667,30.0
112697,0.896,1.594,0.667,30.0
136604,0.896,1.594,0.667,30.0
136745,0.896,1.594,0.667,30.0
133573,0.896,1.594,0.667,30.0
102312,0.896,1.594,0.667,30.0
136750,0.896,1.594,0.667,30.0
22779,0.896,1.594,0.667,30.0
182278,1.367,1.391,0.059,72.2
100395,1.367,1.391,0.059,72.2
22727,1.367,1.391,0.059,72.2
122487,1.367,1.391,0.059,72.2
25937,1.367,1.391,0.059,72.2
22814,1.367,1.391,0.059,72.2
3089,1.367,1.391,0.059,72.2
8483,1.367,1.391,0.059,72.2
100253,1.367,1.391,0.059,72.2
100232,1.367,1.391,0.059,72.2
27343,1.367,1.391,0.059,72.2
145021,1.367,1.391,0.059,72.2
110790,1.367,1.391,0.059,72.2
179517,1.367,1.391,0.059,72.2
110485,1.367,1.391,0.059,72.2
107694,1.367,1.391,0.059,72.2
26541,1.367,1.391,0.059,72.2
129842,1.022,1.275,0.09,26.0
2890,1.022,1.275,0.09,26.0
123900,1.022,1.275,0.09,26.0
2906,1.022,1.275,0.09,26.0
7998,1.022,1.275,0.09,26.0
2886,1.022,1.275,0.09,26.0
2630,1.022,1.275,0.09,26.0
122682,1.022,1.275,0.09,26.0
2626,1.022,1.275,0.09,26.0
114455,1.022,1.275,0.09,26.0
3865,1.022,1.275,0.09,26.0
1470,1.022,1.275,0.09,26.0
2625,1.022,1.275,0.09,26.0
152005,1.022,1.275,0.09,26.0
2628,1.022,1.275,0.09,26.0
2629,1.022,1.275,0.09,26.0
8386,1.022,1.275,0.09,26.0
18607,1.022,1.275,0.09,26.0
2908,1.022,1.275,0.09,26.0
101283,1.022,1.275,0.09,26.0
2622,1.022,1.275,0.09,26.0
3584,1.022,1.275,0.09,26.0
107639,1.022,1.275,0.09,26.0
2897,1.022,1.275,0.09,26.0
3864,1.022,1.275,0.09,26.0
113297,1.022,1.275,0.09,26.0
1476,1.022,1.275,0.09,26.0
2898,1.022,1.275,0.09,26.0
2896,1.022,1.275,0.09,26.0
2887,1.022,1.275,0.09,26.0
2889,1.022,1.275,0.09,26.0
2888,1.022,1.275,0.09,26.0
2895,1.022,1.275,0.09,26.0
13865,1.022,1.275,0.09,26.0
114454,1.022,1.275,0.09,26.0
104999,1.022,1.275,0.09,26.0
2572,1.022,1.275,0.09,26.0
1665,1.022,1.275,0.09,26.0
138694,1.022,1.275,0.09,26.0
104996,1.022,1.275,0.09,26.0
8960,1.022,1.275,0.09,26.0
2573,1.022,1.275,0.09,26.0
8036,1.022,1.275,0.09,26.0
2574,1.022,1.275,0.09,26.0
8333,1.022,1.275,0.09,26.0
12089,1.022,1.275,0.09,26.0
1664,1.022,1.275,0.09,26.0
104998,1.022,1.275,0.09,26.0
12939,1.022,1.275,0.09,26.0
3581,1.022,1.275,0.09,26.0
14490,1.022,1.275,0.09,26.0
8146,1.022,1.275,0.09,26.0
2073,1.022,1.275,0.09,26.0
2078,1.022,1.275,0.09,26.0
2072,1.022,1.275,0.09,26.0
27454,1.022,1.275,0.09,26.0
9347,1.022,1.275,0.09,26.0
121667,1.022,1.275,0.09,26.0
143058,1.022,1.275,0.09,26.0
3718,1.022,1.275,0.09,26.0
8789,1.022,1.275,0.09,26.0
2071,1.022,1.275,0.09,26.0
26398,1.022,1.275,0.09,26.0
24088,1.022,1.275,0.09,26.0
118123,1.022,1.275,0.09,26.0
101481,1.022,1.275,0.09,26.0
113266,1.022,1.275,0.09,26.0
111115,1.022,1.275,0.09,26.0
121911,1.022,1.275,0.09,26.0
118214,1.022,1.275,0.09,26.0
188277,1.022,1.275,0.09,26.0
2788,1.022,1.275,0.09,26.0
145260,1.022,1.275,0.09,26.0
9316,1.022,1.275,0.09,26.0
101480,1.022,1.275,0.09,26.0
8795,1.022,1.275,0.09,26.0
2067,1.022,1.275,0.09,26.0
7963,1.022,1.275,0.09,26.0
3933,0.852,1.165,0.271,1.9
3654,0.852,1.165,0.271,1.9
3876,0.852,1.165,0.271,1.9
119213,0.852,1.165,0.271,1.9
2333,0.852,1.165,0.271,1.9
8167,0.852,1.165,0.271,1.9
117077,0.852,1.165,0.271,1.9
11376,0.852,1.165,0.271,1.9
8168,0.852,1.165,0.271,1.9
8166,0.852,1.165,0.271,1.9
2519,0.852,1.165,0.271,1.9
3877,0.852,1.165,0.271,1.9
125319,0.852,1.165,0.271,1.9
3872,0.852,1.165,0.271,1.9
23643,0.852,1.165,0.271,1.9
118655,0.852,1.165,0.271,1.9
108487,0.852,1.165,0.271,1.9
115228,0.852,1.165,0.271,1.9
26120,0.852,1.165,0.271,1.9
26119,0.852,1.165,0.271,1.9
156458,0.852,1.165,0.271,1.9
4706,0.852,1.165,0.271,1.9
2840,0.852,1.165,0.271,1.9
101735,0.852,1.165,0.271,1.9
26924,0.852,1.165,0.271,1.9
2540,0.852,1.165,0.271,1.9
26801,0.852,1.165,0.271,1.9
109841,0.852,1.165,0.271,1.9
149425,0.852,1.165,0.271,1.9
148117,0.852,1.165,0.271,1.9
166042,0.852,1.165,0.271,1.9
162677,0.852,1.165,0.271,1.9
119492,0.852,1.165,0.271,1.9
110501,0.852,1.165,0.271,1.9
122645,0.852,1.165,0.271,1.9
8741,0.852,1.165,0.271,1.9
24701,0.852,1.165,0.271,1.9
108261,0.852,1.165,0.271,1.9
24702,0.852,1.165,0.271,1.9
3874,0.852,1.165,0.271,1.9
120122,0.852,1.165,0.271,1.9
120231,0.852,1.165,0.271,1.9
110004,0.852,1.165,0.271,1.9
109526,0.852,1.165,0.271,1.9
110479,0.852,1.165,0.271,1.9
120395,0.852,1.165,0.271,1.9
135705,0.852,1.165,0.271,1.9
122646,0.852,1.165,0.271,1.9
112810,0.852,1.165,0.271,1.9
101566,0.852,1.165,0.271,1.9
163417,0.852,1.165,0.271,1.9
113318,0.852,1.165,0.271,1.9
115496,0.852,1.165,0.271,1.9
105368,0.852,1.165,0.271,1.9
107680,0.852,1.165,0.271,1.9
101348,0.852,1.165,0.271,1.9
113035,0.852,1.165,0.271,1.9
122647,0.852,1.165,0.271,1.9
101347,0.852,1.165,0.271,1.9
115497,0.852,1.165,0.271,1.9
101325,0.852,1.165,0.271,1.9
128038,0.852,1.165,0.271,1.9
100685,0.852,1.165,0.271,1.9
4702,0.852,1.165,0.271,1.9
3934,0.852,1.165,0.271,1.9
3922,0.852,1.165,0.271,1.9
3935,0.852,1.165,0.271,1.9
4909,0.852,1.165,0.271,1.9
111766,0.852,1.165,0.271,1.9
3929,0.852,1.165,0.271,1.9
111120,0.852,1.165,0.271,1.9
4708,0.852,1.165,0.271,1.9
3930,0.852,1.165,0.271,1.9
3931,0.852,1.165,0.271,1.9
3927,0.852,1.165,0.271,1.9
3588,0.852,1.165,0.271,1.9
107015,0.852,1.165,0.271,1.9
148541,0.852,1.165,0.271,1.9
151666,0.852,1.165,0.271,1.9
146059,0.852,1.165,0.271,1.9
8171,0.852,1.165,0.271,1.9
120232,0.852,1.165,0.271,1.9
101567,0.852,1.165,0.271,1.9
3867,0.852,1.165,0.271,1.9
3868,0.852,1.165,0.271,1.9
103407,0.852,1.165,0.271,1.9
3866,0.852,1.165,0.271,1.9
103405,0.852,1.165,0.271,1.9
112809,0.852,1.165,0.271,1.9
110544,0.852,1.165,0.271,1.9
100724,0.852,1.165,0.271,1.9
113309,0.852,1.165,0.271,1.9
105159,0.852,1.165,0.271,1.9
100674,0.852,1.165,0.271,1.9
104554,0.852,1.165,0.271,1.9
114583,0.852,1.165,0.271,1.9
100380,0.852,1.165,0.271,1.9
3587,0.852,1.165,0.271,1.9
3919,0.852,1.165,0.271,1.9
26227,0.852,1.165,0.271,1.9
26242,0.852,1.165,0.271,1.9
101351,0.852,1.165,0.271,1.9
3920,0.852,1.165,0.271,1.9
140030,0.852,1.165,0.271,1.9
134804,0.852,1.165,0.271,1.9
136828,0.852,1.165,0.271,1.9
127111,0.852,1.165,0.271,1.9
3923,0.852,1.165,0.271,1.9
3924,0.852,1.165,0.271,1.9
130335,0.852,1.165,0.271,1.9
3926,0.852,1.165,0.271,1.9
8161,0.852,1.165,0.271,1.9
130792,0.852,1.165,0.271,1.9
115483,0.852,1.165,0.271,1.9
128333,0.852,1.165,0.271,1.9
104017,0.852,1.165,0.271,1.9
128034,0.852,1.165,0.271,1.9
8160,0.852,1.165,0.271,1.9
104018,0.852,1.165,0.271,1.9
124847,0.852,1.165,0.271,1.9
124980,0.852,1.165,0.271,1.9
148022,0.852,1.165,0.271,1.9
26927,0.852,1.165,0.271,1.9
128423,0.852,1.165,0.271,1.9
128035,0.852,1.165,0.271,1.9
26856,0.852,1.165,0.271,1.9
125933,0.852,1.165,0.271,1.9
124846,0.852,1.165,0.271,1.9
124978,0.852,1.165,0.271,1.9
1689,0.95,1.312,0.051,16.6
18957,0.95,1.312,0.051,16.6
3960,0.95,1.312,0.051,16.6
110681,0.95,1.312,0.051,16.6
14462,0.95,1.312,0.051,16.6
1701,0.95,1.312,0.051,16.6
110647,0.95,1.312,0.051,16.6
9110,0.95,1.312,0.051,16.6
117302,0.95,1.312,0.051,16.6
103865,0.95,1.312,0.051,16.6
2647,0.95,1.312,0.051,16.6
145661,0.95,1.312,0.051,16.6
1712,0.95,1.312,0.051,16.6
2636,0.95,1.312,0.051,16.6
1711,0.95,1.312,0.051,16.6
2487,0.95,1.312,0.051,16.6
124533,0.95,1.312,0.051,16.6
1398,0.95,1.312,0.051,16.6
1399,0.95,1.312,0.051,16.6
1394,0.95,1.312,0.051,16.6
11144,0.95,1.312,0.051,16.6
1392,0.95,1.312,0.051,16.6
25776,0.95,1.312,0.051,16.6
1393,0.95,1.312,0.051,16.6
1428,0.95,1.312,0.051,16.6
26987,0.95,1.312,0.051,16.6
116492,0.95,1.312,0.051,16.6
23576,0.95,1.312,0.051,16.6
1709,0.95,1.312,0.051,16.6
12683,0.95,1.312,0.051,16.6
108756,0.95,1.312,0.051,16.6
1704,0.95,1.312,0.051,16.6
1706,0.95,1.312,0.051,16.6
3617,0.95,1.312,0.051,16.6
25374,0.95,1.312,0.051,16.6
26076,0.95,1.312,0.051,16.6
22104,0.95,1.312,0.051,16.6
113080,0.95,1.312,0.051,16.6
2648,0.95,1.312,0.051,16.6
8406,0.73,1.293,0.0,20.0
25826,0.73,1.293,0.0,20.0
22142,0.73,1.293,0.0,20.0
22144,0.73,1.293,0.0,20.0
1433,0.73,1.293,0.0,20.0
1436,0.73,1.293,0.0,20.0
13824,0.73,1.293,0.0,20.0
22145,0.73,1.293,0.0,20.0
27539,0.73,1.293,0.0,20.0
27540,0.73,1.293,0.0,20.0
107328,0.73,1.293,0.0,20.0
8403,0.73,1.293,0.0,20.0
103855,0.73,1.293,0.0,20.0
24201,0.73,1.293,0.0,20.0
8407,0.73,1.293,0.0,20.0
3612,0.73,1.293,0.0,20.0
8247,0.73,1.293,0.0,20.0
3597,0.73,1.293,0.0,20.0
3601,0.73,1.293,0.0,20.0
3602,0.73,1.293,0.0,20.0
3608,0.73,1.293,0.0,20.0
3609,0.73,1.293,0.0,20.0
1415,0.73,1.293,0.0,20.0
1414,0.73,1.293,0.0,20.0
1413,0.73,1.293,0.0,20.0
101193,0.73,1.293,0.0,20.0
1435,0.922,1.321,0.0,20.0
1419,0.922,1.321,0.0,20.0
1412,0.922,1.321,0.0,20.0
1405,0.922,1.321,0.0,20.0
1409,0.922,1.321,0.0,20.0
1420,0.922,1.321,0.0,20.0
1429,0.922,1.321,0.0,20.0
9119,0.922,1.321,0.0,20.0
8283,0.922,1.321,0.0,20.0
1430,0.922,1.321,0.0,20.0
9413,0.922,1.321,0.0,20.0
1438,0.922,1.321,0.0,20.0
1404,0.922,1.321,0.0,20.0
1406,0.922,1.321,0.0,20.0
1418,0.922,1.321,0.0,20.0
1421,0.922,1.321,0.0,20.0
3613,0.922,1.321,0.0,20.0
3611,0.922,1.321,0.0,20.0
1425,0.922,1.321,0.0,20.0
1417,0.922,1.321,0.0,20.0
1424,0.922,1.321,0.0,20.0
3610,0.922,1.321,0.0,20.0
3596,0.922,1.321,0.0,20.0
3615,0.922,1.321,0.0,20.0
8351,0.922,1.321,0.0,20.0
3599,0.922,1.321,0.0,20.0
3600,0.922,1.321,0.0,20.0
22322,0.922,1.321,0.0,20.0
2425,0.922,1.321,0.0,20.0
10726,0.922,1.321,0.0,20.0
9945,0.922,1.321,0.0,20.0
2969,1.073,1.502,0.064,59.0
2900,1.073,1.502,0.064,59.0
2617,1.073,1.502,0.064,59.0
2879,1.073,1.502,0.064,59.0
2533,1.073,1.502,0.064,59.0
2591,1.073,1.502,0.064,59.0
1353,1.073,1.502,0.064,59.0
2213,1.073,1.502,0.064,59.0
11491,1.073,1.502,0.064,59.0
2675,1.073,1.502,0.064,59.0
1576,1.073,1.502,0.064,59.0
2194,1.073,1.502,0.064,59.0
2942,1.073,1.502,0.064,59.0
1705,1.073,1.502,0.064,59.0
1382,1.073,1.502,0.064,59.0
1873,1.073,1.502,0.064,59.0
8174,1.073,1.502,0.064,59.0
24301,1.073,1.502,0.064,59.0
2536,1.073,1.502,0.064,59.0
2222,1.073,1.502,0.064,59.0
2223,1.073,1.502,0.064,59.0
10422,1.073,1.502,0.064,59.0
24299,1.073,1.502,0.064,59.0
8175,1.073,1.502,0.064,59.0
24290,1.073,1.502,0.064,59.0
2535,1.073,1.502,0.064,59.0
2789,1.073,1.502,0.064,59.0
13336,1.073,1.502,0.064,59.0
10850,1.073,1.502,0.064,59.0
8627,1.073,1.502,0.064,59.0
8164,1.073,1.502,0.064,59.0
8725,1.073,1.502,0.064,59.0
8173,1.073,1.502,0.064,59.0
8165,1.073,1.502,0.064,59.0
153672,1.073,1.502,0.064,59.0
8292,1.073,1.502,0.064,59.0
3711,1.073,1.502,0.064,59.0
7966,1.073,1.502,0.064,59.0
2767,1.073,1.502,0.064,59.0
2637,1.073,1.502,0.064,59.0
2784,1.073,1.502,0.064,59.0
2623,1.073,1.502,0.064,59.0
2690,1.073,1.502,0.064,59.0
2742,1.073,1.502,0.064,59.0
2645,1.073,1.502,0.064,59.0
3014,1.073,1.502,0.064,59.0
153998,1.073,1.502,0.064,59.0
1354,1.073,1.502,0.064,59.0
100443,1.073,1.502,0.064,59.0
3084,1.073,1.502,0.064,59.0
2907,1.073,1.502,0.064,59.0
2829,1.073,1.502,0.064,59.0
118128,1.073,1.502,0.064,59.0
2797,1.073,1.502,0.064,59.0
2663,1.073,1.502,0.064,59.0
2719,1.073,1.502,0.064,59.0
121966,1.073,1.502,0.064,59.0
112793,1.073,1.502,0.064,59.0
3706,1.073,1.502,0.064,59.0
8361,1.073,1.502,0.064,59.0
9390,1.073,1.502,0.064,59.0
124832,1.073,1.502,0.064,59.0
126520,1.073,1.502,0.064,59.0
124826,1.073,1.502,0.064,59.0
124842,1.073,1.502,0.064,59.0
126522,1.073,1.502,0.064,59.0
112792,1.073,1.502,0.064,59.0
2415,1.073,1.502,0.064,59.0
2578,1.073,1.502,0.064,59.0
2063,1.073,1.502,0.064,59.0
27631,1.073,1.502,0.064,59.0
1879,1.073,1.502,0.064,59.0
27632,1.073,1.502,0.064,59.0
27497,1.073,1.502,0.064,59.0
27577,1.073,1.502,0.064,59.0
27204,1.073,1.502,0.064,59.0
2530,1.073,1.502,0.064,59.0
2445,1.073,1.502,0.064,59.0
27643,1.073,1.502,0.064,59.0
27578,1.073,1.502,0.064,59.0
27596,1.073,1.502,0.064,59.0
27569,1.073,1.502,0.064,59.0
27570,1.073,1.502,0.064,59.0
1525,1.073,1.502,0.064,59.0
1724,1.073,1.502,0.064,59.0
1687,1.073,1.502,0.064,59.0
1789,1.073,1.502,0.064,59.0
1777,1.073,1.502,0.064,59.0
1817,1.073,1.502,0.064,59.0
1821,1.073,1.502,0.064,59.0
2813,1.073,1.502,0.064,59.0
109521,1.073,1.502,0.064,59.0
2583,1.073,1.502,0.064,59.0
2876,1.073,1.502,0.064,59.0
2229,1.073,1.502,0.064,59.0
2217,1.073,1.502,0.064,59.0
100267,1.073,1.502,0.064,59.0
2484,1.073,1.502,0.064,59.0
2198,1.073,1.502,0.064,59.0
2555,1.073,1.502,0.064,59.0
27371,1.073,1.502,0.064,59.0
2872,1.073,1.502,0.064,59.0
2537,1.073,1.502,0.064,59.0
27239,1.073,1.502,0.064,59.0
27205,1.073,1.502,0.064,59.0
2510,1.073,1.502,0.064,59.0
2493,1.073,1.502,0.064,59.0
2466,1.073,1.502,0.064,59.0
2392,1.073,1.502,0.064,59.0
3309,1.073,1.502,0.064,59.0
2174,1.073,1.502,0.064,59.0
2319,1.073,1.502,0.064,59.0
107322,1.073,1.502,0.064,59.0
2662,1.073,1.502,0.064,59.0
2140,1.073,1.502,0.064,59.0
2875,1.073,1.502,0.064,59.0
102283,1.073,1.502,0.064,59.0
26187,1.073,1.502,0.064,59.0
101406,1.073,1.502,0.064,59.0
102038,1.073,1.502,0.064,59.0
27863,1.073,1.502,0.064,59.0
27633,1.073,1.502,0.064,59.0
27864,1.073,1.502,0.064,59.0
27507,1.073,1.502,0.064,59.0
27392,1.073,1.502,0.064,59.0
128970,1.659,1.444,0.417,64.1
165357,1.659,1.444,0.417,64.1
118718,1.659,1.444,0.417,64.1
2658,1.659,1.444,0.417,64.1
2657,1.659,1.444,0.417,64.1
9938,1.659,1.444,0.417,64.1
8413,1.659,1.444,0.417,64.1
122483,1.659,1.444,0.417,64.1
161457,1.659,1.444,0.417,64.1
176718,1.659,1.444,0.417,64.1
159777,1.659,1.444,0.417,64.1
137596,1.659,1.444,0.417,64.1
8414,1.659,1.444,0.417,64.1
26993,1.659,1.444,0.417,64.1
159780,1.659,1.444,0.417,64.1
159778,1.659,1.444,0.417,64.1
159781,1.659,1.444,0.417,64.1
176717,1.659,1.444,0.417,64.1
27291,1.659,1.444,0.417,64.1
126145,1.659,1.444,0.417,64.1
27076,1.659,1.444,0.417,64.1
27075,1.659,1.444,0.417,64.1
161458,1.659,1.444,0.417,64.1
126153,1.659,1.444,0.417,64.1
118771,1.659,1.444,0.417,64.1
17848,1.659,1.444,0.417,64.1
102185,1.659,1.444,0.417,64.1
1739,1.659,1.444,0.417,64.1
2659,1.659,1.444,0.417,64.1
1736,1.659,1.444,0.417,64.1
1735,1.659,1.444,0.417,64.1
113013,1.659,1.444,0.417,64.1
18542,1.659,1.444,0.417,64.1
1749,1.659,1.444,0.417,64.1
18527,1.659,1.444,0.417,64.1
2660,1.659,1.444,0.417,64.1
8357,1.289,1.511,0.0,94.1
10698,1.178,1.269,0.104,51.1
25982,1.178,1.269,0.104,51.1
2666,1.178,1.269,0.104,51.1
11214,1.178,1.269,0.104,51.1
2667,1.178,1.269,0.104,51.1
110169,1.178,1.269,0.104,51.1
2668,1.178,1.269,0.104,51.1
2669,1.178,1.269,0.104,51.1
19014,1.178,1.269,0.104,51.1
19015,1.178,1.269,0.104,51.1
2670,1.178,1.269,0.104,51.1
129683,1.178,1.269,0.104,51.1
18995,1.178,1.269,0.104,51.1
113204,1.178,1.269,0.104,51.1
14763,1.178,1.269,0.104,51.1
1771,1.178,1.269,0.104,51.1
3625,1.178,1.269,0.104,51.1
1761,1.178,1.269,0.104,51.1
10594,1.178,1.269,0.104,51.1
115709,1.178,1.269,0.104,51.1
115708,1.178,1.269,0.104,51.1
1762,1.178,1.269,0.104,51.1
137330,1.178,1.269,0.104,51.1
133673,1.178,1.269,0.104,51.1
130136,1.178,1.269,0.104,51.1
146651,1.178,1.269,0.104,51.1
1758,1.178,1.269,0.104,51.1
1766,1.178,1.269,0.104,51.1
107330,1.178,1.269,0.104,51.1
109412,1.178,1.269,0.104,51.1
3623,1.178,1.269,0.104,51.1
137187,1.178,1.269,0.104,51.1
109075,1.178,1.269,0.104,51.1
130135,1.178,1.269,0.104,51.1
1754,1.178,1.269,0.104,51.1
136422,1.178,1.269,0.104,51.1
8843,1.178,1.269,0.104,51.1
101370,1.178,1.269,0.104,51.1
8656,1.178,1.269,0.104,51.1
3622,1.178,1.269,0.104,51.1
12681,1.178,1.269,0.104,51.1
103518,1.178,1.269,0.104,51.1
136398,1.178,1.269,0.104,51.1
101122,1.178,1.269,0.104,51.1
103517,1.178,1.269,0.104,51.1
101371,1.178,1.269,0.104,51.1
8655,1.178,1.269,0.104,51.1
8491,1.178,1.269,0.104,51.1
1764,1.178,1.269,0.104,51.1
101132,1.178,1.269,0.104,51.1
10398,1.178,1.269,0.104,51.1
2722,1.178,1.269,0.104,51.1
1776,1.178,1.269,0.104,51.1
1774,1.178,1.269,0.104,51.1
2677,1.178,1.269,0.104,51.1
1779,1.178,1.269,0.104,51.1
2725,1.178,1.269,0.104,51.1
142498,1.178,1.269,0.104,51.1
2671,1.178,1.269,0.104,51.1
2721,1.178,1.269,0.104,51.1
9279,1.178,1.269,0.104,51.1
1780,1.178,1.269,0.104,51.1
173177,1.178,1.269,0.104,51.1
3643,1.178,1.269,0.104,51.1
171897,1.178,1.269,0.104,51.1
2672,1.178,1.269,0.104,51.1
3980,1.178,1.269,0.104,51.1
7978,1.178,1.269,0.104,51.1
9513,1.178,1.269,0.104,51.1
109632,1.178,1.269,0.104,51.1
3637,1.178,1.269,0.104,51.1
2586,1.178,1.269,0.104,51.1
1757,1.178,1.269,0.104,51.1
11986,1.178,1.269,0.104,51.1
100374,1.178,1.269,0.104,51.1
22911,1.178,1.269,0.104,51.1
107250,1.178,1.269,0.104,51.1
1759,1.178,1.269,0.104,51.1
2587,1.178,1.269,0.104,51.1
102005,1.178,1.269,0.104,51.1
1788,1.178,1.269,0.104,51.1
3636,1.178,1.269,0.104,51.1
3633,1.178,1.269,0.104,51.1
3635,1.178,1.269,0.104,51.1
3634,1.178,1.269,0.104,51.1
104987,1.178,1.269,0.104,51.1
107018,1.178,1.269,0.104,51.1
1773,1.178,1.269,0.104,51.1
118142,1.178,1.269,0.104,51.1
104986,1.178,1.269,0.104,51.1
110807,1.178,1.269,0.104,51.1
117005,1.178,1.269,0.104,51.1
109819,1.178,1.269,0.104,51.1
110806,1.178,1.269,0.104,51.1
132609,1.178,1.269,0.104,51.1
132751,1.178,1.269,0.104,51.1
115414,1.178,1.269,0.104,51.1
140601,1.178,1.269,0.104,51.1
2681,1.178,1.269,0.104,51.1
2682,1.178,1.269,0.104,51.1
140599,1.178,1.269,0.104,51.1
18996,1.178,1.269,0.104,51.1
104300,1.178,1.269,0.104,51.1
101719,1.178,1.269,0.104,51.1
10644,1.178,1.269,0.104,51.1
24123,1.178,1.269,0.104,51.1
2728,1.178,1.269,0.104,51.1
2720,1.178,1.269,0.104,51.1
19006,1.178,1.269,0.104,51.1
8496,1.178,1.269,0.104,51.1
24615,1.178,1.269,0.104,51.1
124237,1.178,1.269,0.104,51.1
10390,1.178,1.269,0.104,51.1
2727,1.178,1.269,0.104,51.1
2751,1.178,1.269,0.104,51.1
107275,1.178,1.269,0.104,51.1
128305,1.178,1.269,0.104,51.1
129264,1.178,1.269,0.104,51.1
107276,1.178,1.269,0.104,51.1
109626,1.178,1.269,0.104,51.1
115419,1.178,1.269,0.104,51.1
107740,1.178,1.269,0.104,51.1
25553,1.178,1.269,0.104,51.1
25554,1.178,1.269,0.104,51.1
25983,1.178,1.269,0.104,51.1
1830,1.178,1.269,0.104,51.1
12913,1.178,1.269,0.104,51.1
9127,1.178,1.269,0.104,51.1
9950,1.178,1.269,0.104,51.1
1823,1.178,1.269,0.104,51.1
1824,1.178,1.269,0.104,51.1
110302,1.178,1.269,0.104,51.1
1828,1.178,1.269,0.104,51.1
1826,1.178,1.269,0.104,51.1
10732,1.178,1.269,0.104,51.1
3638,1.108,1.425,0.06,53.6
2588,1.108,1.425,0.06,53.6
3988,1.108,1.425,0.06,53.6
3991,1.108,1.425,0.06,53.6
7965,1.108,1.425,0.06,53.6
26764,1.108,1.425,0.06,53.6
109249,1.108,1.425,0.06,53.6
109929,1.108,1.425,0.06,53.6
131197,1.108,1.425,0.06,53.6
23773,1.108,1.425,0.06,53.6
12045,1.108,1.425,0.06,53.6
107825,1.108,1.425,0.06,53.6
109883,1.108,1.425,0.06,53.6
26762,1.108,1.425,0.06,53.6
135200,1.108,1.425,0.06,53.6
7954,1.108,1.425,0.06,53.6
131810,1.108,1.425,0.06,53.6
109360,1.108,1.425,0.06,53.6
3631,1.108,1.425,0.06,53.6
7952,1.108,1.425,0.06,53.6
3629,1.108,1.425,0.06,53.6
8400,1.108,1.425,0.06,53.6
3725,1.108,1.425,0.06,53.6
23770,1.108,1.425,0.06,53.6
3628,1.108,1.425,0.06,53.6
3726,1.108,1.425,0.06,53.6
3728,1.108,1.425,0.06,53.6
9243,1.108,1.425,0.06,53.6
1803,1.108,1.425,0.06,53.6
3632,1.108,1.425,0.06,53.6
3627,1.108,1.425,0.06,53.6
11236,1.108,1.425,0.06,53.6
3727,1.108,1.425,0.06,53.6
12042,1.108,1.425,0.06,53.6
3688,1.108,1.425,0.06,53.6
105153,1.108,1.425,0.06,53.6
3630,1.108,1.425,0.06,53.6
22521,1.108,1.425,0.06,53.6
1784,1.108,1.425,0.06,53.6
1795,1.108,1.425,0.06,53.6
1816,1.108,1.425,0.06,53.6
1787,1.108,1.425,0.06,53.6
9075,1.108,1.425,0.06,53.6
9101,1.108,1.425,0.06,53.6
1782,1.108,1.425,0.06,53.6
8920,1.108,1.425,0.06,53.6
11743,1.108,1.425,0.06,53.6
25771,1.108,1.425,0.06,53.6
100273,1.108,1.425,0.06,53.6
1796,1.108,1.425,0.06,53.6
103682,1.108,1.425,0.06,53.6
1786,1.108,1.425,0.06,53.6
13698,1.108,1.425,0.06,53.6
1785,1.108,1.425,0.06,53.6
25718,1.108,1.425,0.06,53.6
1832,1.108,1.425,0.06,53.6
2494,1.108,1.425,0.06,53.6
135549,1.108,1.425,0.06,53.6
1794,1.108,1.425,0.06,53.6
1833,1.108,1.425,0.06,53.6
101600,1.108,1.425,0.06,53.6
135404,1.108,1.425,0.06,53.6
3992,1.108,1.425,0.06,53.6
10359,1.108,1.425,0.06,53.6
1808,1.108,1.425,0.06,53.6
7953,1.108,1.425,0.06,53.6
1809,1.108,1.425,0.06,53.6
1812,1.108,1.425,0.06,53.6
10685,1.108,1.425,0.06,53.6
10285,1.108,1.425,0.06,53.6
1804,1.108,1.425,0.06,53.6
27029,1.108,1.425,0.06,53.6
110641,1.108,1.425,0.06,53.6
134382,1.108,1.425,0.06,53.6
1815,1.108,1.425,0.06,53.6
112441,1.108,1.425,0.06,53.6
27584,1.108,1.425,0.06,53.6
102605,1.108,1.425,0.06,53.6
101273,1.108,1.425,0.06,53.6
27534,1.108,1.425,0.06,53.6
27656,1.108,1.425,0.06,53.6
11648,1.108,1.425,0.06,53.6
2491,1.108,1.425,0.06,53.6
132600,1.108,1.425,0.06,53.6
2695,1.108,1.425,0.06,53.6
107650,1.108,1.425,0.06,53.6
25448,1.108,1.425,0.06,53.6
137232,1.108,1.425,0.06,53.6
110731,1.108,1.425,0.06,53.6
102119,1.108,1.425,0.06,53.6
136913,1.108,1.425,0.06,53.6
138183,1.108,1.425,0.06,53.6
102624,1.108,1.425,0.06,53.6
103034,1.108,1.425,0.06,53.6
101239,1.108,1.425,0.06,53.6
120759,1.108,1.425,0.06,53.6
102536,1.108,1.425,0.06,53.6
26281,1.108,1.425,0.06,53.6
101301,1.108,1.425,0.06,53.6
137233,1.108,1.425,0.06,53.6
1845,0.918,1.432,0.135,23.3
131763,0.918,1.432,0.135,23.3
17267,0.918,1.432,0.135,23.3
3645,0.918,1.432,0.135,23.3
19435,0.918,1.432,0.135,23.3
1848,0.918,1.432,0.135,23.3
141607,0.918,1.432,0.135,23.3
4003,0.918,1.432,0.135,23.3
7974,0.918,1.432,0.135,23.3
7969,0.918,1.432,0.135,23.3
1837,0.918,1.432,0.135,23.3
2712,0.918,1.432,0.135,23.3
139926,0.918,1.432,0.135,23.3
7967,0.918,1.432,0.135,23.3
100631,0.918,1.432,0.135,23.3
2708,0.918,1.432,0.135,23.3
7976,0.918,1.432,0.135,23.3
100282,0.918,1.432,0.135,23.3
17269,0.918,1.432,0.135,23.3
3641,0.918,1.432,0.135,23.3
10344,0.918,1.432,0.135,23.3
22878,0.918,1.432,0.135,23.3
24672,0.918,1.432,0.135,23.3
155738,0.918,1.432,0.135,23.3
8177,0.918,1.432,0.135,23.3
3655,0.918,1.432,0.135,23.3
23880,0.918,1.432,0.135,23.3
101509,0.918,1.432,0.135,23.3
3650,0.918,1.432,0.135,23.3
102614,0.918,1.432,0.135,23.3
3647,0.918,1.432,0.135,23.3
1829,0.918,1.432,0.135,23.3
10757,0.918,1.432,0.135,23.3
3646,0.918,1.432,0.135,23.3
119894,0.918,1.432,0.135,23.3
102501,0.918,1.432,0.135,23.3
115114,0.918,1.432,0.135,23.3
133091,1.32,1.544,0.5,79.1
26276,1.32,1.544,0.5,79.1
2730,0.907,1.343,0.138,10.8
3963,0.907,1.343,0.138,10.8
136526,0.907,1.343,0.138,10.8
2732,0.907,1.343,0.138,10.8
107234,0.907,1.343,0.138,10.8
103473,0.907,1.343,0.138,10.8
1876,0.907,1.343,0.138,10.8
7991,0.907,1.343,0.138,10.8
113169,0.907,1.343,0.138,10.8
1875,0.907,1.343,0.138,10.8
2737,0.907,1.343,0.138,10.8
1877,0.907,1.343,0.138,10.8
3972,0.907,1.343,0.138,10.8
1867,0.907,1.343,0.138,10.8
174587,0.907,1.343,0.138,10.8
1870,0.907,1.343,0.138,10.8
103333,0.907,1.343,0.138,10.8
1851,0.907,1.343,0.138,10.8
115381,0.907,1.343,0.138,10.8
8807,0.907,1.343,0.138,10.8
115535,0.907,1.343,0.138,10.8
2736,0.907,1.343,0.138,10.8
3657,0.907,1.343,0.138,10.8
4004,0.907,1.343,0.138,10.8
1871,0.907,1.343,0.138,10.8
119516,0.907,1.343,0.138,10.8
115928,0.907,1.343,0.138,10.8
129506,0.907,1.343,0.138,10.8
130782,0.907,1.343,0.138,10.8
101267,0.907,1.343,0.138,10.8
130787,0.907,1.343,0.138,10.8
2781,0.907,1.343,0.138,10.8
4012,0.907,1.343,0.138,10.8
121989,0.907,1.343,0.138,10.8
122648,0.907,1.343,0.138,10.8
2787,0.907,1.343,0.138,10.8
192238,0.907,1.343,0.138,10.8
120057,0.907,1.343,0.138,10.8
119589,0.907,1.343,0.138,10.8
125927,0.907,1.343,0.138,10.8
122012,0.907,1.343,0.138,10.8
100547,0.907,1.343,0.138,10.8
119357,0.907,1.343,0.138,10.8
121990,0.907,1.343,0.138,10.8
128005,0.907,1.343,0.138,10.8
130337,0.907,1.343,0.138,10.8
13195,0.907,1.343,0.138,10.8
14432,0.907,1.343,0.138,10.8
144628,0.907,1.343,0.138,10.8
140763,0.907,1.343,0.138,10.8
107490,0.907,1.343,0.138,10.8
2504,0.907,1.343,0.138,10.8
9692,0.907,1.343,0.138,10.8
11753,0.907,1.343,0.138,10.8
102619,0.907,1.343,0.138,10.8
27228,0.907,1.343,0.138,10.8
26379,0.907,1.343,0.138,10.8
104891,0.907,1.343,0.138,10.8
17498,0.907,1.343,0.138,10.8
27227,0.907,1.343,0.138,10.8
2772,0.907,1.343,0.138,10.8
108819,0.907,1.343,0.138,10.8
109557,0.907,1.343,0.138,10.8
27293,0.907,1.343,0.138,10.8
3971,0.907,1.343,0.138,10.8
122403,0.907,1.343,0.138,10.8
27319,0.907,1.343,0.138,10.8
13863,0.907,1.343,0.138,10.8
120092,0.907,1.343,0.138,10.8
3970,0.907,1.343,0.138,10.8
112917,0.907,1.343,0.138,10.8
146300,0.907,1.343,0.138,10.8
2783,0.907,1.343,0.138,10.8
2785,0.907,1.343,0.138,10.8
2786,0.907,1.343,0.138,10.8
2738,0.907,1.343,0.138,10.8
166117,0.907,1.343,0.138,10.8
173937,0.907,1.343,0.138,10.8
107336,0.907,1.343,0.138,10.8
188497,0.907,1.343,0.138,10.8
110639,0.907,1.343,0.138,10.8
109529,0.907,1.343,0.138,10.8
108811,0.907,1.343,0.138,10.8
174299,0.907,1.343,0.138,10.8
111111,0.907,1.343,0.138,10.8
114162,0.907,1.343,0.138,10.8
144611,0.907,1.343,0.138,10.8
109558,0.907,1.343,0.138,10.8
114227,0.907,1.343,0.138,10.8
2780,0.907,1.343,0.138,10.8
102629,0.907,1.343,0.138,10.8
110312,0.907,1.343,0.138,10.8
104009,0.907,1.343,0.138,10.8
110818,0.907,1.343,0.138,10.8
110151,0.907,1.343,0.138,10.8
111479,0.907,1.343,0.138,10.8
1909,0.907,1.343,0.138,10.8
2770,0.907,1.343,0.138,10.8
2498,0.907,1.343,0.138,10.8
8000,0.907,1.343,0.138,10.8
1884,0.907,1.343,0.138,10.8
1890,0.907,1.343,0.138,10.8
2765,0.907,1.343,0.138,10.8
1898,0.907,1.343,0.138,10.8
2501,0.907,1.343,0.138,10.8
100546,0.907,1.343,0.138,10.8
1900,0.907,1.343,0.138,10.8
1914,0.907,1.343,0.138,10.8
2502,0.907,1.343,0.138,10.8
2764,0.907,1.343,0.138,10.8
1905,0.907,1.343,0.138,10.8
2499,0.907,1.343,0.138,10.8
1902,0.907,1.343,0.138,10.8
1912,0.907,1.343,0.138,10.8
9415,0.907,1.343,0.138,10.8
1896,0.907,1.343,0.138,10.8
1904,0.907,1.343,0.138,10.8
1880,0.907,1.343,0.138,10.8
108474,0.907,1.343,0.138,10.8
106126,0.907,1.343,0.138,10.8
1897,0.907,1.343,0.138,10.8
1913,0.907,1.343,0.138,10.8
2766,0.907,1.343,0.138,10.8
1894,0.907,1.343,0.138,10.8
1892,0.907,1.343,0.138,10.8
1895,0.907,1.343,0.138,10.8
106123,0.907,1.343,0.138,10.8
1883,0.907,1.343,0.138,10.8
108480,0.907,1.343,0.138,10.8
109817,0.907,1.343,0.138,10.8
150860,0.907,1.343,0.138,10.8
175497,0.907,1.343,0.138,10.8
1915,0.907,1.343,0.138,10.8
1893,0.907,1.343,0.138,10.8
109216,0.907,1.343,0.138,10.8
110216,0.907,1.343,0.138,10.8
110548,0.907,1.343,0.138,10.8
2497,0.907,1.343,0.138,10.8
182377,0.907,1.343,0.138,10.8
110814,0.907,1.343,0.138,10.8
1888,0.907,1.343,0.138,10.8
112329,0.907,1.343,0.138,10.8
1906,0.907,1.343,0.138,10.8
1903,0.907,1.343,0.138,10.8
11188,0.907,1.343,0.138,10.8
150276,0.907,1.343,0.138,10.8
13289,0.907,1.343,0.138,10.8
8810,0.907,1.343,0.138,10.8
19181,0.907,1.343,0.138,10.8
140365,0.907,1.343,0.138,10.8
2761,0.907,1.343,0.138,10.8
2760,0.907,1.343,0.138,10.8
4009,0.907,1.343,0.138,10.8
2762,0.907,1.343,0.138,10.8
4008,0.907,1.343,0.138,10.8
128376,0.907,1.343,0.138,10.8
130790,0.907,1.343,0.138,10.8
2763,0.907,1.343,0.138,10.8
4010,0.907,1.343,0.138,10.8
8074,0.907,1.343,0.138,10.8
1886,0.907,1.343,0.138,10.8
1891,0.907,1.343,0.138,10.8
1878,0.907,1.343,0.138,10.8
1881,0.907,1.343,0.138,10.8
7995,0.907,1.343,0.138,10.8
1910,0.907,1.343,0.138,10.8
2769,0.907,1.343,0.138,10.8
2768,0.907,1.343,0.138,10.8
1882,0.907,1.343,0.138,10.8
1907,0.907,1.343,0.138,10.8
1908,0.907,1.343,0.138,10.8
8964,0.907,1.343,0.138,10.8
1885,0.907,1.343,0.138,10.8
1911,0.907,1.343,0.138,10.8
3669,0.876,1.359,0.058,17.5
9052,0.876,1.359,0.058,17.5
141420,0.876,1.359,0.058,17.5
1962,0.876,1.359,0.058,17.5
11772,0.876,1.359,0.058,17.5
1945,0.876,1.359,0.058,17.5
3670,0.876,1.359,0.058,17.5
15522,0.876,1.359,0.058,17.5
1921,0.876,1.359,0.058,17.5
1957,0.876,1.359,0.058,17.5
1963,0.876,1.359,0.058,17.5
1964,0.876,1.359,0.058,17.5
112380,0.876,1.359,0.058,17.5
1920,0.876,1.359,0.058,17.5
1965,0.876,1.359,0.058,17.5
10497,0.876,1.359,0.058,17.5
112360,0.876,1.359,0.058,17.5
8508,0.876,1.359,0.058,17.5
3663,0.876,1.359,0.058,17.5
106156,0.876,1.359,0.058,17.5
3659,0.876,1.359,0.058,17.5
1968,0.876,1.359,0.058,17.5
1953,0.876,1.359,0.058,17.5
112013,0.876,1.359,0.058,17.5
1956,0.876,1.359,0.058,17.5
11216,0.876,1.359,0.058,17.5
3666,0.876,1.359,0.058,17.5
8393,0.876,1.359,0.058,17.5
8391,0.876,1.359,0.058,17.5
8392,0.876,1.359,0.058,17.5
3664,0.876,1.359,0.058,17.5
3658,0.876,1.359,0.058,17.5
8323,0.876,1.359,0.058,17.5
8394,0.876,1.359,0.058,17.5
8318,0.876,1.359,0.058,17.5
3667,0.876,1.359,0.058,17.5
3660,0.876,1.359,0.058,17.5
3668,0.876,1.359,0.058,17.5
111170,0.876,1.359,0.058,17.5
3662,0.876,1.359,0.058,17.5
1948,0.876,1.359,0.058,17.5
1943,0.876,1.359,0.058,17.5
1942,0.876,1.359,0.058,17.5
1940,0.876,1.359,0.058,17.5
120742,0.876,1.359,0.058,17.5
102635,0.876,1.359,0.058,17.5
111252,0.876,1.359,0.058,17.5
116238,0.876,1.359,0.058,17.5
113281,0.876,1.359,0.058,17.5
114595,0.876,1.359,0.058,17.5
113909,0.876,1.359,0.058,17.5
114598,0.876,1.359,0.058,17.5
9166,0.844,1.312,0.074,15.1
1926,0.844,1.312,0.074,15.1
2793,0.844,1.312,0.074,15.1
2792,0.844,1.312,0.074,15.1
1931,0.844,1.312,0.074,15.1
1934,0.844,1.312,0.074,15.1
2503,0.844,1.312,0.074,15.1
1932,0.844,1.312,0.074,15.1
1933,0.844,1.312,0.074,15.1
1935,0.844,1.312,0.074,15.1
1936,0.844,1.312,0.074,15.1
1939,0.844,1.312,0.074,15.1
1928,0.844,1.312,0.074,15.1
1924,0.844,1.312,0.074,15.1
1922,0.844,1.312,0.074,15.1
1938,0.844,1.312,0.074,15.1
8397,0.844,1.312,0.074,15.1
8398,0.844,1.312,0.074,15.1
117350,0.844,1.312,0.074,15.1
114098,0.844,1.312,0.074,15.1
112562,0.844,1.312,0.074,15.1
117552,0.844,1.312,0.074,15.1
2791,0.844,1.312,0.074,15.1
117343,0.844,1.312,0.074,15.1
110811,0.844,1.312,0.074,15.1
11449,0.844,1.312,0.074,15.1
112886,0.844,1.312,0.074,15.1
14849,0.826,1.197,0.283,1.1
14852,0.826,1.197,0.283,1.1
148049,0.826,1.197,0.283,1.1
147232,0.826,1.197,0.283,1.1
114643,0.826,1.197,0.283,1.1
100446,0.826,1.197,0.283,1.1
100447,0.826,1.197,0.283,1.1
170557,0.826,1.197,0.283,1.1
10019,0.826,1.197,0.283,1.1
22756,0.826,1.197,0.283,1.1
25957,0.826,1.197,0.283,1.1
145871,0.826,1.197,0.283,1.1
146137,0.826,1.197,0.283,1.1
119346,0.826,1.197,0.283,1.1
151367,0.826,1.197,0.283,1.1
13190,0.826,1.197,0.283,1.1
131671,0.826,1.197,0.283,1.1
137351,0.826,1.197,0.283,1.1
115455,0.826,1.197,0.283,1.1
148199,0.826,1.197,0.283,1.1
25202,0.826,1.197,0.283,1.1
27069,0.826,1.197,0.283,1.1
27259,0.826,1.197,0.283,1.1
25204,0.826,1.197,0.283,1.1
13474,0.826,1.197,0.283,1.1
14846,0.826,1.197,0.283,1.1
14848,0.826,1.197,0.283,1.1
113173,0.826,1.197,0.283,1.1
11649,0.826,1.197,0.283,1.1
13198,0.826,1.197,0.283,1.1
113273,0.826,1.197,0.283,1.1
144350,0.826,1.197,0.283,1.1
143398,0.826,1.197,0.283,1.1
26832,0.826,1.197,0.283,1.1
115713,0.826,1.197,0.283,1.1
100462,0.826,1.197,0.283,1.1
19595,0.826,1.197,0.283,1.1
24675,0.826,1.197,0.283,1.1
27117,0.826,1.197,0.283,1.1
109964,0.826,1.197,0.283,1.1
107658,0.826,1.197,0.283,1.1
113018,0.826,1.197,0.283,1.1
144228,0.826,1.197,0.283,1.1
102041,0.826,1.197,0.283,1.1
16149,0.826,1.197,0.283,1.1
175958,0.826,1.197,0.283,1.1
1462,1.215,1.392,0.138,61.3
22752,1.215,1.392,0.138,61.3
3001,1.215,1.392,0.138,61.3
1464,1.215,1.392,0.138,61.3
1985,1.215,1.392,0.138,61.3
3286,1.215,1.392,0.138,61.3
1463,1.215,1.392,0.138,61.3
1460,1.215,1.392,0.138,61.3
1993,1.215,1.392,0.138,61.3
8205,1.215,1.392,0.138,61.3
2505,1.215,1.392,0.138,61.3
1465,1.215,1.392,0.138,61.3
107579,1.215,1.392,0.138,61.3
1454,1.215,1.392,0.138,61.3
1461,1.215,1.392,0.138,61.3
2811,1.215,1.392,0.138,61.3
102631,1.215,1.392,0.138,61.3
112054,1.215,1.392,0.138,61.3
22957,1.215,1.392,0.138,61.3
1992,1.215,1.392,0.138,61.3
124780,1.215,1.392,0.138,61.3
121645,1.215,1.392,0.138,61.3
3080,1.215,1.392,0.138,61.3
3022,1.215,1.392,0.138,61.3
3078,1.215,1.392,0.138,61.3
126337,1.215,1.392,0.138,61.3
144023,1.215,1.392,0.138,61.3
147085,1.215,1.392,0.138,61.3
3083,1.215,1.392,0.138,61.3
9223,1.215,1.392,0.138,61.3
1480,1.215,1.392,0.138,61.3
127903,1.215,1.392,0.138,61.3
3079,1.215,1.392,0.138,61.3
147880,1.215,1.392,0.138,61.3
3081,1.215,1.392,0.138,61.3
3023,1.215,1.392,0.138,61.3
3015,1.215,1.392,0.138,61.3
2015,1.215,1.392,0.138,61.3
3075,1.215,1.392,0.138,61.3
13571,1.215,1.392,0.138,61.3
175697,1.215,1.392,0.138,61.3
126060,1.215,1.392,0.138,61.3
1481,1.215,1.392,0.138,61.3
2042,1.215,1.392,0.138,61.3
3076,1.215,1.392,0.138,61.3
3092,1.215,1.392,0.138,61.3
25725,1.215,1.392,0.138,61.3
1468,1.215,1.392,0.138,61.3
1467,1.215,1.392,0.138,61.3
8800,1.215,1.392,0.138,61.3
26320,1.215,1.392,0.138,61.3
3016,1.215,1.392,0.138,61.3
152617,1.215,1.392,0.138,61.3
8775,1.215,1.392,0.138,61.3
1482,1.215,1.392,0.138,61.3
2595,1.215,1.392,0.138,61.3
8481,1.215,1.392,0.138,61.3
1478,1.215,1.392,0.138,61.3
103281,1.215,1.392,0.138,61.3
10965,1.215,1.392,0.138,61.3
102014,1.215,1.392,0.138,61.3
26061,1.215,1.392,0.138,61.3
19492,1.215,1.392,0.138,61.3
8626,1.215,1.392,0.138,61.3
8637,1.215,1.392,0.138,61.3
1471,1.215,1.392,0.138,61.3
26700,1.215,1.392,0.138,61.3
25842,1.215,1.392,0.138,61.3
171438,1.215,1.392,0.138,61.3
1483,1.215,1.392,0.138,61.3
1477,1.215,1.392,0.138,61.3
1472,1.215,1.392,0.138,61.3
8193,1.215,1.392,0.138,61.3
1479,1.215,1.392,0.138,61.3
1444,1.215,1.392,0.138,61.3
26414,1.215,1.392,0.138,61.3
1474,1.215,1.392,0.138,61.3
1441,1.215,1.392,0.138,61.3
3883,1.215,1.392,0.138,61.3
8216,1.215,1.392,0.138,61.3
3884,1.215,1.392,0.138,61.3
8194,1.215,1.392,0.138,61.3
24900,1.215,1.392,0.138,61.3
1473,1.215,1.392,0.138,61.3
102630,1.215,1.392,0.138,61.3
101552,1.215,1.392,0.138,61.3
114329,1.215,1.392,0.138,61.3
154917,1.215,1.392,0.138,61.3
142558,1.215,1.392,0.138,61.3
10509,1.215,1.392,0.138,61.3
8328,1.215,1.392,0.138,61.3
3082,1.215,1.392,0.138,61.3
2076,1.215,1.392,0.138,61.3
2077,1.215,1.392,0.138,61.3
8584,1.283,1.336,0.074,65.1
110665,1.283,1.336,0.074,65.1
1981,1.283,1.336,0.074,65.1
1982,1.283,1.336,0.074,65.1
101284,1.283,1.336,0.074,65.1
17562,1.283,1.336,0.074,65.1
11512,1.283,1.336,0.074,65.1
3671,1.283,1.336,0.074,65.1
25775,1.283,1.336,0.074,65.1
8163,1.283,1.336,0.074,65.1
1979,1.283,1.336,0.074,65.1
8777,1.283,1.336,0.074,65.1
127667,1.283,1.336,0.074,65.1
8390,1.283,1.336,0.074,65.1
2016,1.283,1.336,0.074,65.1
2004,1.283,1.336,0.074,65.1
3088,1.283,1.336,0.074,65.1
128300,1.283,1.336,0.074,65.1
3090,1.283,1.336,0.074,65.1
2799,1.283,1.336,0.074,65.1
25454,1.283,1.336,0.074,65.1
2018,1.283,1.336,0.074,65.1
13798,1.283,1.336,0.074,65.1
2800,1.283,1.336,0.074,65.1
19039,1.283,1.336,0.074,65.1
2017,1.283,1.336,0.074,65.1
114063,1.283,1.336,0.074,65.1
8009,0.93,1.276,0.162,9.2
147048,0.93,1.276,0.162,9.2
8006,0.93,1.276,0.162,9.2
8018,0.93,1.276,0.162,9.2
11053,0.93,1.276,0.162,9.2
142200,0.93,1.276,0.162,9.2
8003,0.93,1.276,0.162,9.2
144401,0.93,1.276,0.162,9.2
8010,0.93,1.276,0.162,9.2
180097,0.93,1.276,0.162,9.2
8019,0.93,1.276,0.162,9.2
13210,0.93,1.276,0.162,9.2
19622,0.93,1.276,0.162,9.2
144463,0.93,1.276,0.162,9.2
8024,0.93,1.276,0.162,9.2
27071,0.93,1.276,0.162,9.2
19074,0.93,1.276,0.162,9.2
26097,0.93,1.276,0.162,9.2
173540,0.93,1.276,0.162,9.2
19508,0.93,1.276,0.162,9.2
108033,0.93,1.276,0.162,9.2
131409,0.93,1.276,0.162,9.2
102557,0.93,1.276,0.162,9.2
135415,0.93,1.276,0.162,9.2
140743,0.93,1.276,0.162,9.2
8022,0.93,1.276,0.162,9.2
10403,0.93,1.276,0.162,9.2
8002,0.93,1.276,0.162,9.2
114292,0.93,1.276,0.162,9.2
8025,0.93,1.276,0.162,9.2
26019,0.93,1.276,0.162,9.2
8004,0.93,1.276,0.162,9.2
156804,0.93,1.276,0.162,9.2
13769,0.93,1.276,0.162,9.2
25966,0.93,1.276,0.162,9.2
146068,0.93,1.276,0.162,9.2
26096,0.93,1.276,0.162,9.2
17454,0.93,1.276,0.162,9.2
137731,0.93,1.276,0.162,9.2
10599,0.93,1.276,0.162,9.2
8011,0.93,1.276,0.162,9.2
10723,0.93,1.276,0.162,9.2
103981,0.93,1.276,0.162,9.2
8017,0.93,1.276,0.162,9.2
10799,0.93,1.276,0.162,9.2
167058,0.93,1.276,0.162,9.2
109408,0.93,1.276,0.162,9.2
113203,0.93,1.276,0.162,9.2
8014,0.93,1.276,0.162,9.2
122649,0.93,1.276,0.162,9.2
135025,0.93,1.276,0.162,9.2
103433,0.93,1.276,0.162,9.2
115677,0.93,1.276,0.162,9.2
8007,0.93,1.276,0.162,9.2
8008,0.93,1.276,0.162,9.2
193277,0.93,1.276,0.162,9.2
112414,0.93,1.276,0.162,9.2
116003,0.93,1.276,0.162,9.2
110141,0.93,1.276,0.162,9.2
110150,0.93,1.276,0.162,9.2
127086,0.93,1.276,0.162,9.2
114664,0.93,1.276,0.162,9.2
8016,0.93,1.276,0.162,9.2
119469,0.93,1.276,0.162,9.2
115543,0.93,1.276,0.162,9.2
127192,0.93,1.276,0.162,9.2
27337,0.93,1.276,0.162,9.2
26218,0.93,1.276,0.162,9.2
11173,0.93,1.276,0.162,9.2
26219,0.93,1.276,0.162,9.2
12482,0.93,1.276,0.162,9.2
9810,0.93,1.276,0.162,9.2
141520,0.93,1.276,0.162,9.2
124735,0.93,1.276,0.162,9.2
11320,0.93,1.276,0.162,9.2
9762,0.93,1.276,0.162,9.2
23766,0.93,1.276,0.162,9.2
26988,0.93,1.276,0.162,9.2
27101,0.93,1.276,0.162,9.2
112392,0.93,1.276,0.162,9.2
18496,0.93,1.276,0.162,9.2
23768,0.93,1.276,0.162,9.2
11194,0.93,1.276,0.162,9.2
11195,0.93,1.276,0.162,9.2
114567,0.93,1.276,0.162,9.2
110124,0.93,1.276,0.162,9.2
23758,0.93,1.276,0.162,9.2
19208,0.93,1.276,0.162,9.2
22065,0.93,1.276,0.162,9.2
8850,0.93,1.276,0.162,9.2
19200,0.93,1.276,0.162,9.2
22090,0.93,1.276,0.162,9.2
127686,0.93,1.276,0.162,9.2
19203,0.93,1.276,0.162,9.2
19206,0.93,1.276,0.162,9.2
9074,0.93,1.276,0.162,9.2
23771,0.93,1.276,0.162,9.2
19358,0.93,1.276,0.162,9.2
19672,0.93,1.276,0.162,9.2
118008,1.277,1.328,0.05,66.7
115434,1.277,1.328,0.05,66.7
2529,1.277,1.328,0.05,66.7
8991,1.277,1.328,0.05,66.7
112841,1.277,1.328,0.05,66.7
13080,1.277,1.328,0.05,66.7
19534,1.277,1.328,0.05,66.7
2525,1.277,1.328,0.05,66.7
22472,1.277,1.328,0.05,66.7
3686,1.277,1.328,0.05,66.7
26142,1.277,1.328,0.05,66.7
3694,1.277,1.328,0.05,66.7
9993,1.277,1.328,0.05,66.7
3683,1.277,1.328,0.05,66.7
3684,1.277,1.328,0.05,66.7
2524,1.277,1.328,0.05,66.7
106774,1.277,1.328,0.05,66.7
2199,1.277,1.328,0.05,66.7
3685,1.277,1.328,0.05,66.7
9930,1.277,1.328,0.05,66.7
9624,1.277,1.328,0.05,66.7
17347,1.277,1.328,0.05,66.7
11120,1.277,1.328,0.05,66.7
2528,1.277,1.328,0.05,66.7
25298,1.277,1.328,0.05,66.7
3687,1.277,1.328,0.05,66.7
9256,1.277,1.328,0.05,66.7
8894,1.277,1.328,0.05,66.7
101375,1.277,1.328,0.05,66.7
11362,1.277,1.328,0.05,66.7
109996,1.277,1.328,0.05,66.7
25297,1.277,1.328,0.05,66.7
111385,1.277,1.328,0.05,66.7
103714,1.277,1.328,0.05,66.7
9631,1.277,1.328,0.05,66.7
24954,1.277,1.328,0.05,66.7
109211,1.277,1.328,0.05,66.7
23776,1.277,1.328,0.05,66.7
103169,1.277,1.328,0.05,66.7
103170,1.277,1.328,0.05,66.7
18502,1.277,1.328,0.05,66.7
184257,1.277,1.328,0.05,66.7
18501,1.277,1.328,0.05,66.7
14051,1.277,1.328,0.05,66.7
26804,1.277,1.328,0.05,66.7
26805,1.277,1.328,0.05,66.7
122235,1.277,1.328,0.05,66.7
14031,1.277,1.328,0.05,66.7
14035,1.277,1.328,0.05,66.7
14039,1.277,1.328,0.05,66.7
14050,1.277,1.328,0.05,66.7
10376,1.277,1.328,0.05,66.7
14045,1.277,1.328,0.05,66.7
22631,1.277,1.328,0.05,66.7
17645,1.277,1.328,0.05,66.7
17542,1.277,1.328,0.05,66.7
17644,1.277,1.328,0.05,66.7
14038,1.277,1.328,0.05,66.7
101395,1.277,1.328,0.05,66.7
14036,1.277,1.328,0.05,66.7
22633,1.277,1.328,0.05,66.7
26355,1.277,1.328,0.05,66.7
19101,1.277,1.328,0.05,66.7
2509,1.277,1.328,0.05,66.7
2196,1.277,1.328,0.05,66.7
119885,1.277,1.328,0.05,66.7
2197,1.277,1.328,0.05,66.7
8106,1.277,1.328,0.05,66.7
8443,1.277,1.328,0.05,66.7
3893,1.277,1.328,0.05,66.7
2523,1.277,1.328,0.05,66.7
162257,1.277,1.328,0.05,66.7
101508,1.277,1.328,0.05,66.7
3894,1.277,1.328,0.05,66.7
8107,1.277,1.328,0.05,66.7
101488,1.277,1.328,0.05,66.7
3681,1.277,1.328,0.05,66.7
8079,1.277,1.328,0.05,66.7
8441,1.277,1.328,0.05,66.7
3680,1.277,1.328,0.05,66.7
8428,1.277,1.328,0.05,66.7
26086,1.277,1.328,0.05,66.7
8245,1.277,1.328,0.05,66.7
8080,1.277,1.328,0.05,66.7
12103,1.277,1.328,0.05,66.7
3678,1.277,1.328,0.05,66.7
9303,1.277,1.328,0.05,66.7
3677,1.277,1.328,0.05,66.7
8604,1.277,1.328,0.05,66.7
10425,1.277,1.328,0.05,66.7
2203,1.277,1.328,0.05,66.7
8820,1.277,1.328,0.05,66.7
133722,1.277,1.328,0.05,66.7
9772,1.277,1.328,0.05,66.7
113112,1.277,1.328,0.05,66.7
115892,1.277,1.328,0.05,66.7
2225,1.277,1.328,0.05,66.7
114527,1.277,1.328,0.05,66.7
11098,1.277,1.328,0.05,66.7
8727,1.277,1.328,0.05,66.7
8728,1.277,1.328,0.05,66.7
107215,1.277,1.328,0.05,66.7
148722,1.277,1.328,0.05,66.7
8213,1.277,1.328,0.05,66.7
113712,1.277,1.328,0.05,66.7
113723,1.277,1.328,0.05,66.7
9743,1.277,1.328,0.05,66.7
115242,1.277,1.328,0.05,66.7
11443,1.277,1.328,0.05,66.7
14042,1.277,1.328,0.05,66.7
14041,1.277,1.328,0.05,66.7
3682,1.277,1.328,0.05,66.7
2527,1.277,1.328,0.05,66.7
3690,1.277,1.328,0.05,66.7
3691,1.277,1.328,0.05,66.7
2200,1.277,1.328,0.05,66.7
3674,1.277,1.328,0.05,66.7
9553,1.277,1.328,0.05,66.7
11287,1.277,1.328,0.05,66.7
3740,1.145,1.382,0.093,51.1
119831,1.145,1.382,0.093,51.1
115593,1.145,1.382,0.093,51.1
8465,1.145,1.382,0.093,51.1
115644,1.145,1.382,0.093,51.1
26758,1.145,1.382,0.093,51.1
26759,1.145,1.382,0.093,51.1
110798,1.145,1.382,0.093,51.1
2511,1.145,1.382,0.093,51.1
3707,1.145,1.382,0.093,51.1
2215,1.145,1.382,0.093,51.1
3748,1.145,1.382,0.093,51.1
8212,1.145,1.382,0.093,51.1
8692,1.145,1.382,0.093,51.1
26925,1.145,1.382,0.093,51.1
3095,1.145,1.382,0.093,51.1
10959,1.145,1.382,0.093,51.1
3439,1.145,1.382,0.093,51.1
3713,1.145,1.382,0.093,51.1
111361,1.145,1.382,0.093,51.1
113539,1.145,1.382,0.093,51.1
121999,1.145,1.382,0.093,51.1
9125,1.145,1.382,0.093,51.1
3093,1.145,1.382,0.093,51.1
8425,1.145,1.382,0.093,51.1
8423,1.145,1.382,0.093,51.1
3701,1.145,1.382,0.093,51.1
8484,1.145,1.382,0.093,51.1
2221,1.145,1.382,0.093,51.1
120540,1.145,1.382,0.093,51.1
3696,1.145,1.382,0.093,51.1
8460,1.145,1.382,0.093,51.1
3746,1.145,1.382,0.093,51.1
2218,1.145,1.382,0.093,51.1
11231,1.145,1.382,0.093,51.1
3741,1.145,1.382,0.093,51.1
3745,1.145,1.382,0.093,51.1
25328,1.145,1.382,0.093,51.1
3744,1.145,1.382,0.093,51.1
3750,1.145,1.382,0.093,51.1
8439,1.145,1.382,0.093,51.1
107019,1.145,1.382,0.093,51.1
102710,1.145,1.382,0.093,51.1
26926,1.145,1.382,0.093,51.1
11232,1.145,1.382,0.093,51.1
3743,1.145,1.382,0.093,51.1
8437,1.145,1.382,0.093,51.1
3747,1.145,1.382,0.093,51.1
8246,1.145,1.382,0.093,51.1
9896,1.145,1.382,0.093,51.1
26527,1.145,1.382,0.093,51.1
126607,1.145,1.382,0.093,51.1
10065,1.145,1.382,0.093,51.1
26528,1.145,1.382,0.093,51.1
2227,1.167,1.274,0.212,42.0
140557,1.167,1.274,0.212,42.0
2226,1.167,1.274,0.212,42.0
139952,1.167,1.274,0.212,42.0
17217,1.167,1.274,0.212,42.0
113412,1.167,1.274,0.212,42.0
11471,1.167,1.274,0.212,42.0
115451,1.167,1.274,0.212,42.0
9862,1.167,1.274,0.212,42.0
142758,1.167,1.274,0.212,42.0
2228,1.167,1.274,0.212,42.0
137068,1.167,1.274,0.212,42.0
9543,1.167,1.274,0.212,42.0
9855,1.167,1.274,0.212,42.0
142757,1.167,1.274,0.212,42.0
10201,1.167,1.274,0.212,42.0
9854,1.167,1.274,0.212,42.0
11511,1.167,1.274,0.212,42.0
113508,1.167,1.274,0.212,42.0
2531,1.167,1.274,0.212,42.0
140881,1.167,1.274,0.212,42.0
114290,1.167,1.274,0.212,42.0
132869,1.167,1.274,0.212,42.0
110119,1.167,1.274,0.212,42.0
2532,1.167,1.274,0.212,42.0
110227,1.167,1.274,0.212,42.0
145475,1.167,1.274,0.212,42.0
145472,1.167,1.274,0.212,42.0
25539,1.167,1.274,0.212,42.0
27051,1.167,1.274,0.212,42.0
19105,1.167,1.274,0.212,42.0
110816,1.167,1.274,0.212,42.0
10074,1.167,1.274,0.212,42.0
10453,1.167,1.274,0.212,42.0
101726,1.167,1.274,0.212,42.0
10454,1.167,1.274,0.212,42.0
146946,1.167,1.274,0.212,42.0
9211,1.167,1.274,0.212,42.0
9209,1.167,1.274,0.212,42.0
9200,1.167,1.274,0.212,42.0
103431,1.167,1.274,0.212,42.0
101050,1.167,1.274,0.212,42.0
103430,1.167,1.274,0.212,42.0
147941,1.167,1.274,0.212,42.0
147939,1.167,1.274,0.212,42.0
147940,1.167,1.274,0.212,42.0
9656,1.167,1.274,0.212,42.0
2538,1.167,1.274,0.212,42.0
18367,1.167,1.274,0.212,42.0
100729,1.167,1.274,0.212,42.0
102503,1.167,1.274,0.212,42.0
10381,1.167,1.274,0.212,42.0
2079,1.039,1.421,0.091,39.4
8533,1.039,1.421,0.091,39.4
2084,1.039,1.421,0.091,39.4
2075,1.039,1.421,0.091,39.4
2083,1.039,1.421,0.091,39.4
118734,1.039,1.421,0.091,39.4
115552,1.039,1.421,0.091,39.4
115556,1.039,1.421,0.091,39.4
8780,1.039,1.421,0.091,39.4
25996,1.039,1.421,0.091,39.4
115558,1.039,1.421,0.091,39.4
23810,1.058,1.18,0.21,24.0
158863,1.058,1.18,0.21,24.0
19064,1.058,1.18,0.21,24.0
27014,1.058,1.18,0.21,24.0
152772,1.058,1.18,0.21,24.0
19159,1.058,1.18,0.21,24.0
2871,1.058,1.18,0.21,24.0
13071,1.058,1.18,0.21,24.0
2183,1.058,1.18,0.21,24.0
130794,1.058,1.18,0.21,24.0
13042,1.058,1.18,0.21,24.0
116779,1.058,1.18,0.21,24.0
135314,1.058,1.18,0.21,24.0
116677,1.058,1.18,0.21,24.0
127110,1.058,1.18,0.21,24.0
191917,1.058,1.18,0.21,24.0
128361,1.058,1.18,0.21,24.0
17825,1.058,1.18,0.21,24.0
112435,1.058,1.18,0.21,24.0
116637,1.058,1.18,0.21,24.0
18286,1.058,1.18,0.21,24.0
13339,1.058,1.18,0.21,24.0
127109,1.058,1.18,0.21,24.0
143780,1.058,1.18,0.21,24.0
135403,1.058,1.18,0.21,24.0
125836,1.058,1.18,0.21,24.0
135530,1.058,1.18,0.21,24.0
133734,1.058,1.18,0.21,24.0
10695,1.058,1.18,0.21,24.0
23283,1.058,1.18,0.21,24.0
10399,1.058,1.18,0.21,24.0
2168,1.058,1.18,0.21,24.0
2834,1.058,1.18,0.21,24.0
2189,1.058,1.18,0.21,24.0
2184,1.058,1.18,0.21,24.0
2186,1.058,1.18,0.21,24.0
2191,1.058,1.18,0.21,24.0
119212,1.058,1.18,0.21,24.0
2190,1.058,1.18,0.21,24.0
27301,1.058,1.18,0.21,24.0
2163,1.058,1.18,0.21,24.0
2161,1.058,1.18,0.21,24.0
23812,1.058,1.18,0.21,24.0
10494,1.058,1.18,0.21,24.0
2180,1.058,1.18,0.21,24.0
111256,1.058,1.18,0.21,24.0
115197,1.058,1.18,0.21,24.0
8279,1.058,1.18,0.21,24.0
114448,1.058,1.18,0.21,24.0
2858,1.058,1.18,0.21,24.0
115199,1.058,1.18,0.21,24.0
115016,1.058,1.18,0.21,24.0
115891,1.058,1.18,0.21,24.0
103964,1.058,1.18,0.21,24.0
112004,1.058,1.18,0.21,24.0
115202,1.058,1.18,0.21,24.0
2164,1.058,1.18,0.21,24.0
2182,1.058,1.18,0.21,24.0
134315,1.058,1.18,0.21,24.0
136605,1.058,1.18,0.21,24.0
143069,1.058,1.18,0.21,24.0
2179,1.058,1.18,0.21,24.0
122057,1.058,1.18,0.21,24.0
112614,1.058,1.18,0.21,24.0
112615,1.058,1.18,0.21,24.0
115018,1.058,1.18,0.21,24.0
110833,1.058,1.18,0.21,24.0
117573,1.058,1.18,0.21,24.0
110834,1.058,1.18,0.21,24.0
151501,1.058,1.18,0.21,24.0
10449,1.058,1.18,0.21,24.0
108761,1.058,1.18,0.21,24.0
119641,1.058,1.18,0.21,24.0
107183,1.058,1.18,0.21,24.0
152002,1.058,1.18,0.21,24.0
114356,1.058,1.18,0.21,24.0
2865,1.058,1.18,0.21,24.0
17509,1.058,1.18,0.21,24.0
109364,1.058,1.18,0.21,24.0
108760,1.058,1.18,0.21,24.0
147026,1.058,1.18,0.21,24.0
11907,1.058,1.18,0.21,24.0
103085,1.058,1.18,0.21,24.0
165323,1.058,1.18,0.21,24.0
108437,1.058,1.18,0.21,24.0
127382,1.058,1.18,0.21,24.0
10292,1.058,1.18,0.21,24.0
10300,1.058,1.18,0.21,24.0
2176,1.058,1.18,0.21,24.0
10395,1.058,1.18,0.21,24.0
9417,1.058,1.18,0.21,24.0
2177,1.058,1.18,0.21,24.0
2172,1.058,1.18,0.21,24.0
113924,1.058,1.18,0.21,24.0
2175,1.058,1.18,0.21,24.0
116659,1.058,1.18,0.21,24.0
125255,1.058,1.18,0.21,24.0
2170,1.058,1.18,0.21,24.0
27013,1.058,1.18,0.21,24.0
109365,1.058,1.18,0.21,24.0
121281,1.058,1.18,0.21,24.0
2861,1.058,1.18,0.21,24.0
2169,1.058,1.18,0.21,24.0
27305,1.058,1.18,0.21,24.0
2508,1.058,1.18,0.21,24.0
10045,1.058,1.18,0.21,24.0
26073,1.058,1.18,0.21,24.0
125347,1.058,1.18,0.21,24.0
12931,1.058,1.18,0.21,24.0
26114,1.058,1.18,0.21,24.0
101203,1.058,1.18,0.21,24.0
140768,1.058,1.18,0.21,24.0
145864,1.058,1.18,0.21,24.0
2864,1.058,1.18,0.21,24.0
2862,1.058,1.18,0.21,24.0
2870,1.058,1.18,0.21,24.0
119995,1.058,1.18,0.21,24.0
157682,1.058,1.18,0.21,24.0
2868,1.058,1.18,0.21,24.0
10319,1.058,1.18,0.21,24.0
11514,1.058,1.18,0.21,24.0
10605,1.058,1.18,0.21,24.0
114272,1.058,1.18,0.21,24.0
11246,1.058,1.18,0.21,24.0
10095,1.058,1.18,0.21,24.0
114863,1.058,1.18,0.21,24.0
107654,1.058,1.18,0.21,24.0
26466,1.058,1.18,0.21,24.0
26176,1.058,1.18,0.21,24.0
157687,1.058,1.18,0.21,24.0
26467,1.058,1.18,0.21,24.0
113657,1.058,1.18,0.21,24.0
114296,1.058,1.18,0.21,24.0
114432,1.058,1.18,0.21,24.0
27509,1.058,1.18,0.21,24.0
157692,1.058,1.18,0.21,24.0
11781,1.058,1.18,0.21,24.0
112437,1.058,1.18,0.21,24.0
9998,1.058,1.18,0.21,24.0
108758,1.058,1.18,0.21,24.0
112438,1.058,1.18,0.21,24.0
10919,1.058,1.18,0.21,24.0
12094,1.058,1.18,0.21,24.0
10944,1.058,1.18,0.21,24.0
10248,1.058,1.18,0.21,24.0
11613,1.058,1.18,0.21,24.0
9932,1.058,1.18,0.21,24.0
11934,1.058,1.18,0.21,24.0
107021,1.058,1.18,0.21,24.0
112248,1.058,1.18,0.21,24.0
107653,1.058,1.18,0.21,24.0
112249,1.058,1.18,0.21,24.0
115022,1.058,1.18,0.21,24.0
111625,1.058,1.18,0.21,24.0
134122,1.058,1.18,0.21,24.0
103105,1.058,1.18,0.21,24.0
26591,1.058,1.18,0.21,24.0
16277,1.058,1.18,0.21,24.0
17826,1.058,1.18,0.21,24.0
109375,1.058,1.18,0.21,24.0
13070,1.058,1.18,0.21,24.0
151205,1.058,1.18,0.21,24.0
12878,1.058,1.18,0.21,24.0
156238,1.058,1.18,0.21,24.0
147063,1.058,1.18,0.21,24.0
133732,1.058,1.18,0.21,24.0
153118,1.058,1.18,0.21,24.0
2147,1.563,1.335,0.091,63.9
2148,1.563,1.335,0.091,63.9
27884,1.563,1.335,0.091,63.9
3724,1.563,1.335,0.091,63.9
124165,1.563,1.335,0.091,63.9
25270,1.563,1.335,0.091,63.9
117769,1.563,1.335,0.091,63.9
110547,1.563,1.335,0.091,63.9
2151,1.563,1.335,0.091,63.9
2149,1.563,1.335,0.091,63.9
2153,1.563,1.335,0.091,63.9
119713,1.563,1.335,0.091,63.9
132188,1.563,1.335,0.091,63.9
2146,1.563,1.335,0.091,63.9
9663,1.563,1.335,0.091,63.9
19152,1.563,1.335,0.091,63.9
11038,1.563,1.335,0.091,63.9
114092,1.563,1.335,0.091,63.9
115679,1.563,1.335,0.091,63.9
144365,1.563,1.335,0.091,63.9
10204,1.563,1.335,0.091,63.9
26460,1.563,1.335,0.091,63.9
108350,1.563,1.335,0.091,63.9
8719,1.563,1.335,0.091,63.9
25271,1.563,1.335,0.091,63.9
8305,1.563,1.335,0.091,63.9
2145,1.563,1.335,0.091,63.9
2856,1.563,1.335,0.091,63.9
165797,1.563,1.335,0.091,63.9
141066,1.563,1.335,0.091,63.9
8081,1.563,1.335,0.091,63.9
3947,1.563,1.335,0.091,63.9
8796,1.563,1.335,0.091,63.9
3941,1.563,1.335,0.091,63.9
10179,1.563,1.335,0.091,63.9
3591,1.563,1.335,0.091,63.9
8095,1.563,1.335,0.091,63.9
3590,1.563,1.335,0.091,63.9
3946,1.563,1.335,0.091,63.9
3944,1.563,1.335,0.091,63.9
3593,1.563,1.335,0.091,63.9
115601,1.563,1.335,0.091,63.9
2154,1.563,1.335,0.091,63.9
2155,1.563,1.335,0.091,63.9
121615,0.883,1.32,0.011,19.3
14371,0.883,1.32,0.011,19.3
109947,0.883,1.32,0.011,19.3
115424,0.883,1.32,0.011,19.3
11109,0.883,1.32,0.011,19.3
12982,0.883,1.32,0.011,19.3
12959,0.883,1.32,0.011,19.3
25730,0.883,1.32,0.011,19.3
110459,0.883,1.32,0.011,19.3
23782,0.883,1.32,0.011,19.3
19204,0.883,1.32,0.011,19.3
23778,0.883,1.32,0.011,19.3
8814,0.883,1.32,0.011,19.3
26383,0.883,1.32,0.011,19.3
23769,0.883,1.32,0.011,19.3
105746,0.883,1.32,0.011,19.3
19451,0.883,1.32,0.011,19.3
9329,0.883,1.32,0.011,19.3
26216,0.883,1.32,0.011,19.3
18431,0.883,1.32,0.011,19.3
27210,0.883,1.32,0.011,19.3
19357,0.883,1.32,0.011,19.3
23777,0.883,1.32,0.011,19.3
23764,0.883,1.32,0.011,19.3
19675,0.883,1.32,0.011,19.3
9090,0.883,1.32,0.011,19.3
22290,0.883,1.32,0.011,19.3
9091,0.883,1.32,0.011,19.3
25959,0.883,1.32,0.011,19.3
22091,0.883,1.32,0.011,19.3
11472,0.883,1.32,0.011,19.3
19201,0.883,1.32,0.011,19.3
25960,0.883,1.32,0.011,19.3
168057,0.883,1.32,0.011,19.3
129864,0.883,1.32,0.011,19.3
109078,0.883,1.32,0.011,19.3
108408,0.883,1.32,0.011,19.3
106551,0.883,1.32,0.011,19.3
111626,0.883,1.32,0.011,19.3
106549,0.883,1.32,0.011,19.3
115473,0.883,1.32,0.011,19.3
191177,0.883,1.32,0.011,19.3
113408,0.883,1.32,0.011,19.3
108370,0.883,1.32,0.011,19.3
111113,0.883,1.32,0.011,19.3
115544,0.883,1.32,0.011,19.3
177678,0.883,1.32,0.011,19.3
112840,0.883,1.32,0.011,19.3
114415,0.883,1.32,0.011,19.3
109208,0.883,1.32,0.011,19.3
106155,0.883,1.32,0.011,19.3
106553,0.883,1.32,0.011,19.3
152683,0.883,1.32,0.011,19.3
109804,0.883,1.32,0.011,19.3
115506,0.883,1.32,0.011,19.3
115463,0.883,1.32,0.011,19.3
106552,0.883,1.32,0.011,19.3
113538,0.883,1.32,0.011,19.3
160319,0.883,1.32,0.011,19.3
105407,0.883,1.32,0.011,19.3
168399,0.883,1.32,0.011,19.3
110838,0.883,1.32,0.011,19.3
165262,0.883,1.32,0.011,19.3
108481,0.883,1.32,0.011,19.3
109931,0.883,1.32,0.011,19.3
109932,0.883,1.32,0.011,19.3
110140,0.883,1.32,0.011,19.3
114379,0.883,1.32,0.011,19.3
112401,0.883,1.32,0.011,19.3
114416,0.883,1.32,0.011,19.3
114417,0.883,1.32,0.011,19.3
114414,0.883,1.32,0.011,19.3
115471,0.883,1.32,0.011,19.3
117065,0.883,1.32,0.011,19.3
115950,0.883,1.32,0.011,19.3
115948,0.883,1.32,0.011,19.3
115536,0.883,1.32,0.011,19.3
111353,0.883,1.32,0.011,19.3
118154,0.883,1.32,0.011,19.3
105405,0.883,1.32,0.011,19.3
110837,0.883,1.32,0.011,19.3
110026,0.883,1.32,0.011,19.3
106031,0.883,1.32,0.011,19.3
108407,0.883,1.32,0.011,19.3
106558,0.883,1.32,0.011,19.3
106690,0.883,1.32,0.011,19.3
105415,0.883,1.32,0.011,19.3
105414,0.883,1.32,0.011,19.3
106154,0.883,1.32,0.011,19.3
107542,0.883,1.32,0.011,19.3
10167,0.883,1.32,0.011,19.3
106548,0.883,1.32,0.011,19.3
112842,0.883,1.32,0.011,19.3
105416,0.883,1.32,0.011,19.3
107651,0.883,1.32,0.011,19.3
16291,0.883,1.32,0.273,1.8
136146,0.883,1.32,0.273,1.8
163398,0.883,1.32,0.273,1.8
12928,0.883,1.32,0.273,1.8
181938,0.883,1.32,0.273,1.8
137942,0.883,1.32,0.273,1.8
110293,0.883,1.32,0.273,1.8
107719,0.883,1.32,0.273,1.8
26656,0.883,1.32,0.273,1.8
113506,0.883,1.32,0.273,1.8
132322,0.883,1.32,0.273,1.8
113039,0.883,1.32,0.273,1.8
113383,0.883,1.32,0.273,1.8
121988,0.883,1.32,0.273,1.8
115819,0.883,1.32,0.273,1.8
115818,0.883,1.32,0.273,1.8
125003,0.883,1.32,0.273,1.8
115899,0.883,1.32,0.273,1.8
125004,0.883,1.32,0.273,1.8
18926,0.883,1.32,0.273,1.8
15231,0.883,1.32,0.273,1.8
102711,0.883,1.32,0.273,1.8
10470,0.883,1.32,0.2,6.7
10717,0.883,1.32,0.2,6.7
17633,0.883,1.32,0.2,6.7
11455,0.883,1.32,0.2,6.7
10543,0.883,1.32,0.2,6.7
13897,0.883,1.32,0.2,6.7
141130,0.883,1.32,0.2,6.7
14372,0.883,1.32,0.2,6.7
141062,0.883,1.32,0.2,6.7
19177,0.883,1.32,0.2,6.7
13111,0.883,1.32,0.378,0.0
22211,0.883,1.32,0.378,0.0
141620,0.883,1.32,0.378,0.0
125772,0.883,1.32,0.378,0.0
117278,0.883,1.32,0.378,0.0
18690,0.883,1.32,0.378,0.0
109163,0.883,1.32,0.378,0.0
129104,0.883,1.32,0.378,0.0
11806,0.883,1.32,0.378,0.0
151323,0.883,1.32,0.378,0.0
14547,0.883,1.32,0.378,0.0
12047,0.883,1.32,0.378,0.0
125771,0.883,1.32,0.378,0.0
25045,0.883,1.32,0.378,0.0
26548,0.883,1.32,0.378,0.0
157686,0.883,1.32,0.378,0.0
10135,0.883,1.32,0.378,0.0
25088,0.883,1.32,0.378,0.0
15234,0.883,1.32,0.378,0.0
25986,0.883,1.32,0.378,0.0
101455,0.883,1.32,0.378,0.0
118211,0.883,1.32,0.378,0.0
137070,0.883,1.32,0.378,0.0
10529,0.883,1.32,0.378,0.0
138266,0.883,1.32,0.378,0.0
126335,0.883,1.32,0.378,0.0
24980,0.883,1.32,0.378,0.0
25044,0.883,1.32,0.378,0.0
9681,0.883,1.32,0.378,0.0
15381,0.883,1.32,0.378,0.0
106204,0.883,1.32,0.378,0.0
134508,0.883,1.32,0.378,0.0
134507,0.883,1.32,0.378,0.0
148023,0.883,1.32,0.378,0.0
146784,0.883,1.32,0.378,0.0
148032,0.883,1.32,0.378,0.0
26738,0.883,1.32,0.378,0.0
