단지번호,가까운역_이름,가까운역_노선,가까운역_km,가까운역_도보분,가까운역_강남까지_km
14,가양,9,0.27,3.2,16.83
1305,양천향교,9,0.529,6.3,18.13
10,가양,9,0.535,6.4,16.83
1347,가양,9,0.508,6.1,16.83
1348,증미,9,0.284,3.4,16.18
13,발산,5,0.666,8.0,18.06
11,양천향교,9,0.345,4.1,18.13
1346,가양,9,0.449,5.4,16.83
11337,발산,5,0.376,4.5,18.06
12,발산,5,0.454,5.4,18.06
103293,양천향교,9,0.689,8.3,18.13
6,가양,9,0.256,3.1,16.83
1020,양천향교,9,0.962,11.5,18.13
107505,마곡,5,0.465,5.6,19.19
1016,등촌,9,0.435,5.2,15.45
1017,증미,9,0.309,3.7,16.18
1012,가양,9,0.23,2.8,16.83
1351,양천향교,9,0.49,5.9,18.13
1350,가양,9,0.107,1.3,16.83
131669,가양,9,2.213,26.6,16.83
3331,가양,9,0.851,10.2,16.83
15,가양,9,0.663,8.0,16.83
25922,마곡,5,0.65,7.8,19.19
4,가양,9,0.685,8.2,16.83
7,양천향교,9,0.512,6.1,18.13
132472,양천향교,9,2.157,25.9,18.13
137417,화전,K,2.311,27.7,18.27
25967,발산,5,0.794,9.5,18.06
22,방화,5,0.536,6.4,20.91
31,방화,5,0.206,2.5,20.91
23,방화,5,0.621,7.5,20.91
24,방화,5,0.221,2.7,20.91
25,방화,5,0.24,2.9,20.91
8959,방화,5,0.37,4.4,20.91
905,개화산,5,0.218,2.6,21.16
26123,마곡,5,1.019,12.2,19.19
26124,우장산,5,0.885,10.6,17.79
108359,신방화,9,0.388,4.7,20.1
109799,송정,5,0.624,7.5,20.24
9716,신방화,9,0.533,6.4,20.1
24833,신방화,9,0.5,6.0,20.1
112280,마곡,5,0.334,4.0,19.19
112211,신방화,9,0.462,5.5,20.1
131224,마곡,5,0.553,6.6,19.19
107960,신방화,9,0.375,4.5,20.1
26128,우장산,5,1.23,14.8,17.79
33,신방화,9,0.415,5.0,20.1
107506,신방화,9,0.3,3.6,20.1
9410,신방화,9,0.58,7.0,20.1
107504,마곡,5,0.408,4.9,19.19
107961,신방화,9,0.253,3.0,20.1
107475,신방화,9,0.153,1.8,20.1
107483,마곡나루,"9, A",0.363,4.4,19.24
107477,마곡나루,"9, A",0.427,5.1,19.24
112279,마곡,5,0.479,5.7,19.19
25968,마곡,5,0.835,10.0,19.19
25969,우장산,5,0.948,11.4,17.79
1038,우장산,5,0.37,4.4,17.79
22555,우장산,5,0.254,3.0,17.79
131485,화곡,5,0.397,4.8,17.21
103305,우장산,5,0.334,4.0,17.79
3330,우장산,5,0.631,7.6,17.79
11565,염창,9,0.187,2.2,14.53
870,염창,9,0.402,4.8,14.53
36,등촌,9,0.486,5.8,15.45
1034,염창,9,0.237,2.8,14.53
869,등촌,9,0.786,9.4,15.45
8378,등촌,9,0.971,11.7,15.45
37,등촌,9,0.596,7.2,15.45
113008,등촌,9,0.573,6.9,15.45
115965,염창,9,0.419,5.0,14.53
1035,염창,9,0.704,8.4,14.53
3771,염창,9,0.632,7.6,14.53
9364,증미,9,0.537,6.4,16.18
34,등촌,9,0.387,4.6,15.45
9161,염창,9,0.481,5.8,14.53
38,등촌,9,0.799,9.6,15.45
10307,등촌,9,0.467,5.6,15.45
13859,등촌,9,0.89,10.7,15.45
3433,염창,9,0.619,7.4,14.53
661,신목동,9,0.32,3.8,13.75
2579,부천종합운동장,7,2.605,31.3,20.34
12870,부천종합운동장,7,2.672,32.1,20.34
22208,부천종합운동장,7,3.155,37.9,20.34
102634,까치울,7,2.597,31.2,19.1
22209,춘의,7,3.08,37.0,21.23
2646,부천종합운동장,7,2.786,33.4,20.34
22215,부천종합운동장,7,3.012,36.1,20.34
44,까치산,"2, 5",0.515,6.2,16.36
42,까치산,"2, 5",0.862,10.3,16.36
3801,선유도,9,0.689,8.3,12.66
121758,영등포구청,"2, 5",0.841,10.1,11.96
729,오목교,5,0.646,7.8,13.76
735,선유도,9,0.256,3.1,12.66
1216,선유도,9,0.746,9.0,12.66
3447,오목교,5,0.44,5.3,13.76
688,영등포구청,"2, 5",0.225,2.7,11.96
731,선유도,9,0.427,5.1,12.66
9797,목동,5,0.625,7.5,14.71
11926,목동,5,0.939,11.3,14.71
662,까치산,"2, 5",1.775,21.3,16.36
3786,신정네거리,2,1.707,20.5,15.61
1673,까치산,"2, 5",1.927,23.1,16.36
117329,신정네거리,2,0.91,10.9,15.61
3777,신정네거리,2,0.631,7.6,15.61
130826,신정네거리,2,0.422,5.1,15.61
107728,신정네거리,2,0.496,6.0,15.61
121979,신정네거리,2,0.192,2.3,15.61
102874,까치울,7,1.702,20.4,19.1
102875,까치울,7,2.006,24.1,19.1
104360,신정네거리,2,0.645,7.7,15.61
9897,신정네거리,2,1.431,17.2,15.61
711,도림천,2,0.67,8.0,12.92
672,신정네거리,2,0.702,8.4,15.61
3784,오류동,1,1.525,18.3,16.13
3444,신정네거리,2,1.029,12.3,15.61
10312,양천구청,2,0.804,9.6,14.37
3440,양천구청,2,0.332,4.0,14.37
108438,신정네거리,2,0.289,3.5,15.61
14020,신정네거리,2,1.327,15.9,15.61
3354,구로,1,0.326,3.9,12.83
100495,양천구청,2,1.033,12.4,14.37
118,개봉,1,0.92,11.0,14.9
12021,양천구청,2,0.607,7.3,14.37
1074,도림천,2,0.372,4.5,12.92
1068,개봉,1,0.956,11.5,14.9
115706,양천구청,2,0.425,5.1,14.37
121,양천구청,2,0.962,11.5,14.37
441,신정네거리,2,0.882,10.6,15.61
8714,구로,1,0.408,4.9,12.83
910,구일,1,0.814,9.8,13.93
675,오목교,5,0.447,5.4,13.76
3443,신정네거리,2,0.919,11.0,15.61
670,도림천,2,0.563,6.8,12.92
8742,양천구청,2,0.55,6.6,14.37
25853,양천구청,2,0.853,10.2,14.37
8919,구로,1,0.556,6.7,12.83
10169,문래,2,0.41,4.9,11.93
121987,당산,"2, 9",0.492,5.9,11.76
1210,당산,"2, 9",0.53,6.4,11.76
687,영등포구청,"2, 5",0.386,4.6,11.96
684,문래,2,0.337,4.0,11.93
677,영등포구청,"2, 5",0.406,4.9,11.96
967,당산,"2, 9",0.565,6.8,11.76
2982,당산,"2, 9",0.712,8.5,11.76
691,당산,"2, 9",0.626,7.5,11.76
8348,당산,"2, 9",0.549,6.6,11.76
109205,영등포시장,5,0.235,2.8,11.14
676,당산,"2, 9",0.307,3.7,11.76
104791,상수,6,0.269,3.2,10.81
1209,당산,"2, 9",0.397,4.8,11.76
11116,영등포시장,5,0.277,3.3,11.14
2985,영등포구청,"2, 5",0.427,5.1,11.96
737,당산,"2, 9",0.609,7.3,11.76
2981,당산,"2, 9",0.23,2.8,11.76
3449,신도림,"1, 2",0.587,7.0,12.05
703,도림천,2,0.42,5.0,12.92
3210,도림천,2,0.533,6.4,12.92
3209,신도림,"1, 2",0.5,6.0,12.05
700,문래,2,0.175,2.1,11.93
1211,신도림,"1, 2",0.639,7.7,12.05
3457,영등포,1,0.556,6.7,10.77
128302,보라매,7,0.95,11.4,9.44
1221,신길,"1, 5",0.214,2.6,9.86
104960,신도림,"1, 2",0.787,9.4,12.05
707,도림천,2,0.565,6.8,12.92
3450,문래,2,0.389,4.7,11.93
888,신도림,"1, 2",0.393,4.7,12.05
3356,신도림,"1, 2",0.461,5.5,12.05
3452,문래,2,0.253,3.0,11.93
698,신도림,"1, 2",0.47,5.6,12.05
18913,남구로,7,0.39,4.7,12.44
693,대림,"2, 7",0.439,5.3,11.56
130,남구로,7,0.545,6.5,12.44
722,신풍,7,0.357,4.3,10.4
694,대림,"2, 7",0.584,7.0,11.56
109434,신풍,7,0.364,4.4,10.4
912,남구로,7,0.388,4.7,12.44
8073,남구로,7,0.427,5.1,12.44
3386,신풍,7,0.694,8.3,10.4
133,대림,"2, 7",0.203,2.4,11.56
148337,구로디지털단지,2,0.343,4.1,11.22
132,구로,1,0.192,2.3,12.83
121788,신풍,7,0.464,5.6,10.4
129,대림,"2, 7",0.433,5.2,11.56
3204,신도림,"1, 2",0.366,4.4,12.05
136,대림,"2, 7",0.383,4.6,11.56
117792,신풍,7,0.386,4.6,10.4
107424,신풍,7,0.556,6.7,10.4
719,보라매,7,0.829,9.9,9.44
119377,신풍,7,0.466,5.6,10.4
391,신대방,2,0.523,6.3,10.13
120522,신풍,7,0.637,7.6,10.4
18914,남구로,7,0.262,3.1,12.44
12473,신풍,7,0.562,6.7,10.4
117254,보라매,7,0.448,5.4,9.44
396,신풍,7,0.62,7.4,10.4
13311,구로디지털단지,2,0.537,6.4,11.22
3793,신풍,7,0.789,9.5,10.4
695,신도림,"1, 2",0.776,9.3,12.05
3385,신대방,2,0.492,5.9,10.13
115547,신풍,7,0.681,8.2,10.4
726,보라매,7,0.56,6.7,9.44
125,대림,"2, 7",0.508,6.1,11.56
9937,구로,1,0.374,4.5,12.83
3333,신대방,2,0.477,5.7,10.13
10663,구로,1,0.499,6.0,12.83
1067,구일,1,0.663,8.0,13.93
7960,대방,1,0.496,6.0,9.08
8872,삼거리신대방,7,0.36,4.3,8.77
27576,삼거리신대방,7,0.47,5.6,8.77
123898,삼거리신대방,7,0.218,2.6,8.77
364,대방,1,0.667,8.0,9.08
48,삼거리신대방,7,0.605,7.3,8.77
368,대방,1,0.371,4.5,9.08
3561,대방,1,0.436,5.2,9.08
3381,대방,1,0.288,3.5,9.08
115201,망원,6,0.726,8.7,12.22
3803,마포,5,0.664,8.0,8.57
9311,노들,9,0.409,4.9,6.77
362,노들,9,0.566,6.8,6.77
3280,장승배기,7,0.598,7.2,7.85
1222,마포,5,0.656,7.9,8.57
100694,노들,9,0.284,3.4,6.77
745,여의나루,5,0.304,3.6,8.96
933,노들,9,0.327,3.9,6.77
100235,상도,7,0.578,6.9,7.05
143,구일,1,0.356,4.3,13.93
1606,구일,1,0.828,9.9,13.93
8186,구일,1,0.263,3.2,13.93
25784,철산,7,0.809,9.7,14.27
1605,철산,7,0.116,1.4,14.27
8646,구로디지털단지,2,0.894,10.7,11.22
154299,철산,7,0.746,9.0,14.27
159,독산,1,1.062,12.7,12.69
25902,철산,7,0.73,8.8,14.27
140,구일,1,0.943,11.3,13.93
25901,철산,7,0.385,4.6,14.27
163557,철산,7,1.041,12.5,14.27
147,구일,1,0.772,9.3,13.93
1621,철산,7,0.846,10.2,14.27
141,구일,1,0.559,6.7,13.93
17418,가산디지털단지,"1, 7",0.831,10.0,12.92
169598,광명사거리,7,0.93,11.2,15.38
163177,광명사거리,7,0.472,5.7,15.38
3350,개봉,1,0.385,4.6,14.9
3192,개봉,1,0.19,2.3,14.9
1063,개봉,1,0.583,7.0,14.9
3357,천왕,7,0.525,6.3,16.72
17538,개봉,1,0.528,6.3,14.9
107065,천왕,7,0.143,1.7,16.72
1076,오류동,1,0.708,8.5,16.13
3783,오류동,1,1.568,18.8,16.13
160917,개봉,1,0.853,10.2,14.9
114,개봉,1,0.145,1.7,14.9
106,개봉,1,0.326,3.9,14.9
1604,구일,1,0.692,8.3,13.93
155,오류동,1,0.5,6.0,16.13
127424,철산,7,0.429,5.1,14.27
1062,광명사거리,7,0.689,8.3,15.38
102850,천왕,7,0.136,1.6,16.72
102851,천왕,7,0.239,2.9,16.72
3349,개봉,1,0.245,2.9,14.9
113,개봉,1,0.516,6.2,14.9
10309,개봉,1,0.403,4.8,14.9
103269,천왕,7,0.742,8.9,16.72
102852,천왕,7,0.471,5.7,16.72
9046,오류동,1,0.367,4.4,16.13
10151,구일,1,0.569,6.8,13.93
170819,오류동,1,0.608,7.3,16.13
102853,천왕,7,0.769,9.2,16.72
3351,구일,1,0.443,5.3,13.93
20490,개봉,1,0.881,10.6,14.9
104934,오류동,1,0.766,9.2,16.13
107066,천왕,7,0.678,8.1,16.72
17469,신정네거리,2,1.524,18.3,15.61
8759,신정네거리,2,1.194,14.3,15.61
1718,역곡,1,0.254,3.0,19.07
15805,온수,"1, 7",0.643,7.7,17.99
9629,천왕,7,0.575,6.9,16.72
1719,역곡,1,0.874,10.5,19.07
120265,온수,"1, 7",0.412,4.9,17.99
3787,신정네거리,2,1.658,19.9,15.61
19415,역곡,1,0.701,8.4,19.07
102876,까치울,7,1.849,22.2,19.1
102622,역곡,1,0.297,3.6,19.07
102877,까치울,7,1.698,20.4,19.1
26639,온수,"1, 7",0.606,7.3,17.99
125299,역곡,1,0.972,11.7,19.07
1595,광명사거리,7,0.257,3.1,15.38
122446,역곡,1,1.289,15.5,19.07
119166,역곡,1,1.441,17.3,19.07
102854,천왕,7,0.959,11.5,16.72
120035,역곡,1,1.181,14.2,19.07
118711,역곡,1,0.904,10.8,19.07
19009,역곡,1,0.602,7.2,19.07
15137,역곡,1,0.685,8.2,19.07
1594,광명사거리,7,1.101,13.2,15.38
154358,광명사거리,7,0.936,11.2,15.38
119675,광명사거리,7,0.872,10.5,15.38
133083,광명사거리,7,0.621,7.5,15.38
12882,광명사거리,7,0.775,9.3,15.38
131487,광명사거리,7,0.973,11.7,15.38
19437,광명사거리,7,0.761,9.1,15.38
26325,광명사거리,7,0.977,11.7,15.38
8973,역곡,1,1.23,14.8,19.07
127082,소새울,SH,1.131,13.6,20.58
8866,소새울,SH,0.797,9.6,20.58
8678,소새울,SH,1.281,15.4,20.58
119598,역곡,1,1.137,13.6,19.07
100218,소새울,SH,1.169,14.0,20.58
8864,소새울,SH,0.954,11.4,20.58
102779,소새울,SH,1.625,19.5,20.58
1627,철산,7,1.278,15.3,14.27
1626,독산,1,1.221,14.7,12.69
164,독산,1,0.391,4.7,12.69
3235,금천구청,1,1.629,19.5,12.7
11234,독산,1,0.132,1.6,12.69
8877,신대방,2,0.955,11.5,10.13
1635,금천구청,1,1.015,12.2,12.7
161,독산,1,0.675,8.1,12.69
53,신대방,2,1.867,22.4,10.13
1052,구로디지털단지,2,1.704,20.4,11.22
8895,금천구청,1,2.351,28.2,12.7
27344,금천구청,1,0.714,8.6,12.7
14316,금천구청,1,0.609,7.3,12.7
9449,신림,2,1.852,22.2,8.77
3564,금천구청,1,0.535,6.4,12.7
107929,금천구청,1,0.414,5.0,12.7
162,금천구청,1,0.34,4.1,12.7
17124,석수,1,0.511,6.1,13.08
167,금천구청,1,1.003,12.0,12.7
165,금천구청,1,1.695,20.3,12.7
3174,신림,2,2.445,29.3,8.77
3360,석수,1,1.872,22.5,13.08
169,석수,1,2.273,27.3,13.08
104347,금천구청,1,1.264,15.2,12.7
3359,석수,1,2.138,25.7,13.08
100344,금천구청,1,2.521,30.3,12.7
50,신림,2,2.56,30.7,8.77
19220,금천구청,1,2.436,29.2,12.7
27821,금천구청,1,0.669,8.0,12.7
968,용산,"1, K",0.862,10.3,6.57
762,용산,"1, K",0.966,11.6,6.57
10129,장승배기,7,0.449,5.4,7.85
372,노들,9,0.334,4.0,6.77
9194,숭실대입구,7,0.374,4.5,6.53
161181,장승배기,7,0.815,9.8,7.85
112997,흑석,9,0.611,7.3,5.79
9318,숭실대입구,7,0.639,7.7,6.53
22789,상도,7,0.415,5.0,7.05
133962,상도,7,0.245,2.9,7.05
3811,용산,"1, K",0.909,10.9,6.57
113097,상도,7,0.244,2.9,7.05
113292,흑석,9,0.22,2.6,5.79
131685,흑석,9,0.848,10.2,5.79
8987,상도,7,0.433,5.2,7.05
110919,장승배기,7,0.331,4.0,7.85
3383,장승배기,7,0.401,4.8,7.85
8753,상도,7,0.51,6.1,7.05
109124,장승배기,7,0.12,1.4,7.85
188978,장승배기,7,0.17,2.0,7.85
102641,숭실대입구,7,0.808,9.7,6.53
374,남성,7,0.797,9.6,5.21
378,총신대입구,"4, 7",0.571,6.9,4.19
381,남성,7,0.738,8.9,5.21
380,총신대입구,"4, 7",0.457,5.5,4.19
127384,총신대입구,"4, 7",0.793,9.5,4.19
115936,숭실대입구,7,0.894,10.7,6.53
107439,낙성대,2,0.667,8.0,6.11
100304,흑석,9,0.363,4.4,5.79
376,남성,7,0.455,5.5,5.21
398,흑석,9,0.363,4.4,5.79
3346,총신대입구,"4, 7",0.52,6.2,4.19
375,남성,7,0.251,3.0,5.21
399,흑석,9,0.881,10.6,5.79
107613,신반포,9,0.377,4.5,2.85
111467,남성,7,0.462,5.5,5.21
464,총신대입구,"4, 7",0.373,4.5,4.19
1138,남성,7,0.871,10.5,5.21
101496,흑석,9,0.705,8.5,5.79
104035,동작,"4, 9",0.939,11.3,4.21
1048,서울대입구,2,0.761,9.1,6.86
2988,남성,7,0.924,11.1,5.21
401,흑석,9,0.696,8.4,5.79
45,숭실대입구,7,0.635,7.6,6.53
104449,총신대입구,"4, 7",0.343,4.1,4.19
102142,남성,7,0.092,1.1,5.21
9208,남성,7,0.643,7.7,5.21
127725,구반포,9,0.604,7.2,3.56
178737,내방,7,0.475,5.7,3.21
102715,남성,7,0.589,7.1,5.21
388,숭실대입구,7,0.465,5.6,6.53
767,이촌,"4, K",0.294,3.5,5.42
867,이촌,"4, K",0.135,1.6,5.42
3881,이촌,"4, K",0.691,8.3,5.42
1045,숭실대입구,7,0.748,9.0,6.53
471,사당,"2, 4",0.318,3.8,4.64
9035,사당,"2, 4",0.538,6.5,4.64
26399,낙성대,2,0.605,7.3,6.11
22491,숭실대입구,7,0.225,2.7,6.53
22846,숭실대입구,7,0.411,4.9,6.53
2986,봉천,2,0.838,10.1,7.77
170442,숭실대입구,7,0.87,10.4,6.53
2987,숭실대입구,7,0.703,8.4,6.53
9497,서울대입구,2,0.697,8.4,6.86
3034,봉천,2,0.299,3.6,7.77
63,신림,2,0.396,4.8,8.77
761,이촌,"4, K",0.535,6.4,5.42
769,서빙고,K,0.59,7.1,4.21
3030,낙성대,2,0.808,9.7,6.11
19370,봉천,2,0.538,6.5,7.77
114809,봉천,2,0.578,6.9,7.77
59,봉천,2,2.061,24.7,7.77
55,봉천,2,1.733,20.8,7.77
108126,봉천,2,0.488,5.9,7.77
160638,봉천,2,2.55,30.6,7.77
58,신림,2,0.994,11.9,8.77
107901,청계산입구,S,0.907,10.9,6.01
108832,청계산입구,S,0.972,11.7,6.01
108834,청계산입구,S,0.177,2.1,6.01
107902,청계산입구,S,0.815,9.8,6.01
107903,청계산입구,S,0.412,4.9,6.01
168097,잠원,3,0.207,2.5,2.19
125080,사평,9,0.366,4.4,1.3
459,신반포,9,0.631,7.6,2.85
109119,신논현,9,0.543,6.5,0.79
111703,반포,7,0.358,4.3,1.82
132385,잠원,3,0.498,6.0,2.19
114533,신사,3,0.621,7.5,2.16
445,고속터미널,"3, 7, 9",0.335,4.0,2.08
23759,신반포,9,0.326,3.9,2.85
3009,반포,7,0.142,1.7,1.82
112008,사평,9,0.309,3.7,1.3
111687,사평,9,0.38,4.6,1.3
511,잠원,3,0.568,6.8,2.19
22853,반포,7,0.191,2.3,1.82
118947,고속터미널,"3, 7, 9",0.404,4.8,2.08
128008,고속터미널,"3, 7, 9",0.371,4.5,2.08
25772,사평,9,0.504,6.0,1.3
100512,신반포,9,0.23,2.8,2.85
518,잠원,3,0.311,3.7,2.19
101344,교대,"2, 3",0.494,5.9,1.25
101887,사평,9,0.166,2.0,1.3
142155,신반포,9,0.41,4.9,2.85
491,교대,"2, 3",0.504,6.0,1.25
108228,잠원,3,0.274,3.3,2.19
481,사평,9,0.566,6.8,1.3
113295,잠원,3,0.411,4.9,2.19
11844,신논현,9,0.578,6.9,0.79
1285,사평,9,0.716,8.6,1.3
115037,방배,2,0.45,5.4,3.22
125757,방배,2,0.683,8.2,3.22
25778,방배,2,0.327,3.9,3.22
472,방배,2,0.663,8.0,3.22
490,강남,"2, S",0.342,4.1,0.04
124311,강남,"2, S",0.74,8.9,0.04
504,양재시민의숲,S,0.823,9.9,3.23
126726,강남,"2, S",0.941,11.3,0.04
111665,강남,"2, S",0.516,6.2,0.04
118791,남부터미널,3,0.449,5.4,1.73
110364,강남,"2, S",0.573,6.9,0.04
132779,양재시민의숲,S,1.871,22.5,3.23
134062,구룡,B,0.767,9.2,3.06
119219,구룡,B,1.069,12.8,3.06
509,양재시민의숲,S,0.993,11.9,3.23
104034,양재시민의숲,S,1.682,20.2,3.23
105172,양재시민의숲,S,1.414,17.0,3.23
508,양재시민의숲,S,1.306,15.7,3.23
1321,매봉,3,0.599,7.2,2.08
667,구룡,B,0.456,5.5,3.06
105171,양재시민의숲,S,1.11,13.3,3.23
28,구룡,B,0.545,6.5,3.06
1317,구룡,B,0.677,8.1,3.06
103238,양재시민의숲,S,1.289,15.5,3.23
103577,선바위,4,1.542,18.5,5.6
742,신사,3,0.844,10.1,2.16
18,신사,3,0.284,3.4,2.16
541,신사,3,0.719,8.6,2.16
483,대청,3,0.372,4.5,4.6
419,대청,3,0.261,3.1,4.6
128527,개포동,B,0.66,7.9,3.54
112228,구룡,B,0.782,9.4,3.06
11698,한티,B,0.32,3.8,2.24
121971,대모산입구,B,0.193,2.3,4.07
3040,도곡,"3, B",0.463,5.6,2.58
100559,한티,B,0.206,2.5,2.24
135,대치,3,0.426,5.1,3.16
19418,한티,B,0.225,2.7,2.24
113151,개포동,B,0.508,6.1,3.54
14142,한티,B,0.514,6.2,2.24
394,한티,B,0.409,4.9,2.24
983,일원,3,0.26,3.1,5.22
13814,한티,B,0.281,3.4,2.24
837,한티,B,0.515,6.2,2.24
113125,대청,3,0.459,5.5,4.6
180280,대치,3,0.317,3.8,3.16
65,도곡,"3, B",0.382,4.6,2.58
874,일원,3,0.169,2.0,5.22
154,대치,3,0.248,3.0,3.16
111332,삼성중앙,9,0.326,3.9,2.8
980,청담,7,0.436,5.2,3.32
109227,선릉,"2, B",0.6,7.2,2.02
13813,한티,B,0.41,4.9,2.24
127477,청담,7,0.393,4.7,3.32
127482,선릉,"2, B",0.575,6.9,2.02
17528,한티,B,0.475,5.7,2.24
473,강남구청,"7, B",0.125,1.5,2.46
428,청담,7,0.464,5.6,3.32
18967,강남구청,"7, B",0.361,4.3,2.46
104032,선릉,"2, B",0.284,3.4,2.02
24009,청담,7,0.527,6.3,3.32
108825,선정릉,"9, B",0.439,5.3,2.02
3,강남구청,"7, B",0.468,5.6,2.46
135597,삼성,2,0.75,9.0,3.35
640,삼전,9,0.19,2.3,5.32
971,대치,3,0.737,8.8,3.16
22627,잠실새내,2,0.461,5.5,5.4
18213,한티,B,0.647,7.8,2.24
408,매봉,3,0.545,6.5,2.08
3048,매봉,3,0.552,6.6,2.08
329,매봉,3,0.706,8.5,2.08
24008,삼성중앙,9,0.182,2.2,2.8
1081,청담,7,0.594,7.1,3.32
182057,청담,7,0.543,6.5,3.32
982,청담,7,0.879,10.5,3.32
499,압구정로데오,B,0.209,2.5,3.49
176758,청담,7,0.526,6.3,3.32
733,청담,7,0.211,2.5,3.32
105735,일원,3,1.475,17.7,5.22
103578,일원,3,2.084,25.0,5.22
109107,복정,"8, B",1.887,22.6,9.25
102668,복정,"8, B",2.388,28.7,9.25
103602,복정,"8, B",2.132,25.6,9.25
113680,수서,"3, B",1.424,17.1,6.64
107457,장지,8,1.49,17.9,8.96
102670,복정,"8, B",2.065,24.8,9.25
103252,복정,"8, B",2.483,29.8,9.25
102669,복정,"8, B",2.185,26.2,9.25
107458,장지,8,1.2,14.4,8.96
106166,일원,3,1.367,16.4,5.22
104967,일원,3,1.425,17.1,5.22
827,대청,3,0.889,10.7,4.6
111515,송파,8,0.493,5.9,7.47
641,일원,3,0.344,4.1,5.22
671,수서,"3, B",0.322,3.9,6.64
103139,오금,"3, 5",0.725,8.7,8.87
668,수서,"3, B",0.246,3.0,6.64
595,송파,8,0.573,6.9,7.47
594,가락시장,"3, 8",0.474,5.7,7.97
8203,일원,3,0.544,6.5,5.22
1196,오금,"3, 5",0.514,6.2,8.87
3751,석촌,"8, 9",0.284,3.4,7.03
107799,일원,3,0.633,7.6,5.22
174198,송파,8,0.452,5.4,7.47
657,수서,"3, B",0.533,6.4,6.64
107544,장지,8,0.333,4.0,8.96
102737,한강진,6,0.758,9.1,5.19
563,버티고개,6,0.708,8.5,5.85
562,옥수,"3, K",0.63,7.6,4.8
1179,옥수,"3, K",0.392,4.7,4.8
564,옥수,"3, K",0.181,2.2,4.8
25929,장지,8,0.393,4.7,8.96
26471,장지,8,0.22,2.6,8.96
26107,장지,8,0.23,2.8,8.96
26106,장지,8,0.427,5.1,8.96
26479,장지,8,0.699,8.4,8.96
608,장지,8,0.382,4.6,8.96
26472,장지,8,0.371,4.5,8.96
108405,서울숲,B,0.529,6.3,5.31
93,건대입구,"2, 7",0.499,6.0,5.98
99,뚝섬유원지,7,0.534,6.4,5.09
87,뚝섬유원지,7,0.183,2.2,5.09
88,건대입구,"2, 7",0.521,6.3,5.98
135887,건대입구,"2, 7",0.718,8.6,5.98
908,뚝섬유원지,7,0.434,5.2,5.09
3418,서울숲,B,0.379,4.5,5.31
609,거여,5,0.673,8.1,10.26
628,개롱,5,0.146,1.8,9.48
166537,거여,5,0.947,11.4,10.26
147185,개롱,5,0.562,6.7,9.48
22809,개롱,5,0.237,2.8,9.48
598,경찰병원,3,0.28,3.4,8.55
115869,방이,5,0.826,9.9,8.77
633,방이,5,0.278,3.3,8.77
26222,장지,8,0.816,9.8,8.96
3431,송파,8,0.776,9.3,7.47
26481,장지,8,0.587,7.0,8.96
3033,경찰병원,3,0.813,9.8,8.55
612,방이,5,0.264,3.2,8.77
352,거여,5,0.237,2.8,10.26
951,거여,5,0.436,5.2,10.26
119358,마천,5,0.902,10.8,11.06
104122,장지,8,1.215,14.6,8.96
125343,마천,5,1.023,12.3,11.06
104126,장지,8,1.194,14.3,8.96
952,거여,5,0.497,6.0,10.26
119875,마천,5,0.305,3.7,11.06
127132,거여,5,0.452,5.4,10.26
139917,거여,5,0.955,11.5,10.26
115551,마천,5,1.154,13.8,11.06
109174,복정,"8, B",1.48,17.8,9.25
124942,마천,5,1.149,13.8,11.06
139920,거여,5,0.791,9.5,10.26
102313,마천,5,0.706,8.5,11.06
122025,마천,5,1.082,13.0,11.06
107023,산성,8,2.049,24.6,11.72
357,거여,5,0.439,5.3,10.26
122024,마천,5,1.358,16.3,11.06
355,거여,5,0.275,3.3,10.26
125354,마천,5,0.966,11.6,11.06
107339,장지,8,1.436,17.2,8.96
102314,마천,5,0.543,6.5,11.06
25930,장지,8,0.69,8.3,8.96
107550,거여,5,1.474,17.7,10.26
131899,마천,5,1.722,20.7,11.06
125937,마천,5,1.059,12.7,11.06
125345,마천,5,1.71,20.5,11.06
136150,둔촌오륜,9,1.869,22.4,10.08
125022,마천,5,1.453,17.4,11.06
125346,마천,5,1.47,17.6,11.06
109266,복정,"8, B",1.145,13.7,9.25
393,잠실,"2, 8",0.409,4.9,6.63
155817,둔촌동,5,0.48,5.8,10.14
115046,강동구청,8,0.696,8.4,8.94
180737,몽촌토성,8,0.149,1.8,7.84
3317,둔촌동,5,0.541,6.5,10.14
109217,둔촌동,5,0.698,8.4,10.14
1296,중앙보훈병원,9,0.495,5.9,11.18
650,강동구청,8,0.718,8.6,8.94
22675,잠실나루,2,0.434,5.2,7.18
184857,잠실나루,2,0.452,5.4,7.18
646,강동구청,8,0.411,4.9,8.94
649,강동구청,8,0.169,2.0,8.94
19127,잠실새내,2,0.273,3.3,5.4
15011,잠실,"2, 8",0.766,9.2,6.63
22746,잠실새내,2,0.185,2.2,5.4
422,강동구청,8,0.431,5.2,8.94
103,구의,2,1.019,12.2,6.77
625,강동구청,8,0.41,4.9,8.94
110632,산성,8,1.317,15.8,11.72
107924,산성,8,1.476,17.7,11.72
107715,산성,8,1.199,14.4,11.72
643,천호,"5, 8",0.741,8.9,9.53
24721,광나루,5,0.198,2.4,8.52
75,강변,2,0.676,8.1,7.22
74,광나루,5,0.658,7.9,8.52
84,강변,2,0.375,4.5,7.22
173857,강동,5,0.477,5.7,10.16
416,천호,"5, 8",0.495,5.9,9.53
989,강동구청,8,0.401,4.8,8.94
77,광나루,5,0.613,7.4,8.52
100514,광나루,5,0.392,4.7,8.52
993,강동구청,8,0.5,6.0,8.94
175257,천호,"5, 8",0.578,6.9,9.53
73,광나루,5,0.699,8.4,8.52
1004,강동,5,0.361,4.3,10.16
3335,광나루,5,0.212,2.5,8.52
80,광나루,5,0.467,5.6,8.52
81,강변,2,0.503,6.0,7.22
7956,굽은다리,5,0.765,9.2,11.46
76,광나루,5,0.49,5.9,8.52
109097,미사,5,1.166,14.0,16.24
134510,미사,5,1.733,20.8,16.24
127671,상일동,5,1.882,22.6,13.84
143079,미사,5,1.054,12.6,16.24
108423,미사,5,1.427,17.1,16.24
105286,미사,5,0.39,4.7,16.24
104310,미사,5,0.666,8.0,16.24
119341,상일동,5,0.283,3.4,13.84
113907,상일동,5,0.242,2.9,13.84
102234,상일동,5,0.723,8.7,13.84
27479,미사,5,1.212,14.5,16.24
106200,미사,5,1.18,14.2,16.24
27474,상일동,5,1.413,17.0,13.84
117842,상일동,5,0.394,4.7,13.84
113117,미사,5,1.014,12.2,16.24
27482,미사,5,1.039,12.5,16.24
106201,미사,5,1.614,19.4,16.24
110010,미사,5,1.821,21.9,16.24
138204,미사,5,1.962,23.5,16.24
106199,미사,5,1.266,15.2,16.24
181137,미사,5,0.387,4.6,16.24
27481,상일동,5,1.218,14.6,13.84
115505,미사,5,1.075,12.9,16.24
107663,미사,5,0.779,9.3,16.24
27478,상일동,5,1.267,15.2,13.84
108472,미사,5,1.342,16.1,16.24
140148,상일동,5,0.786,9.4,13.84
112142,미사,5,0.898,10.8,16.24
27480,상일동,5,1.19,14.3,13.84
102233,상일동,5,0.731,8.8,13.84
107025,미사,5,0.659,7.9,16.24
171078,미사,5,1.528,18.3,16.24
27476,상일동,5,1.462,17.5,13.84
111028,미사,5,1.091,13.1,16.24
109215,미사,5,0.779,9.3,16.24
187478,미사,5,0.554,6.6,16.24
27475,미사,5,1.558,18.7,16.24
27477,미사,5,1.367,16.4,16.24
107024,미사,5,0.888,10.7,16.24
143074,미사,5,0.977,11.7,16.24
107686,미사,5,1.274,15.3,16.24
111865,미사,5,1.766,21.2,16.24
104311,미사,5,1.557,18.7,16.24
113236,미사,5,0.767,9.2,16.24
113432,명일,5,0.188,2.3,11.87
1156,고덕,5,0.726,8.7,12.84
110765,상일동,5,0.689,8.3,13.84
25874,고덕,5,0.45,5.4,12.84
102235,상일동,5,0.873,10.5,13.84
1324,고덕,5,0.666,8.0,12.84
9682,명일,5,0.769,9.2,11.87
22570,명일,5,0.634,7.6,11.87
19578,명일,5,0.447,5.4,11.87
121977,상일동,5,0.65,7.8,13.84
108187,고덕,5,0.648,7.8,12.84
118210,상일동,5,0.483,5.8,13.84
1313,고덕,5,0.487,5.8,12.84
1315,고덕,5,0.507,6.1,12.84
1311,고덕,5,0.145,1.7,12.84
875,고덕,5,0.246,3.0,12.84
154118,길동,5,0.851,10.2,10.86
1290,길동,5,0.337,4.0,10.86
119933,굽은다리,5,0.663,8.0,11.46
903,명일,5,0.314,3.8,11.87
27212,길동,5,0.672,8.1,10.86
1314,명일,5,0.766,9.2,11.87
1292,길동,5,0.766,9.2,10.86
8755,길동,5,0.759,9.1,10.86
997,강동,5,0.407,4.9,10.16
167997,중앙보훈병원,9,0.39,4.7,11.18
117309,상일동,5,0.83,10.0,13.84
996,암사,8,0.703,8.4,10.56
134513,상일동,5,1.496,18.0,13.84
3118,암사,8,0.294,3.5,10.56
3116,암사,8,0.468,5.6,10.56
116836,암사,8,0.217,2.6,10.56
120960,정부과천청사,4,0.376,4.5,8.61
121427,과천,4,0.421,5.1,7.73
22781,정부과천청사,4,0.654,7.8,8.61
125930,과천,4,0.514,6.2,7.73
127071,과천,4,0.366,4.4,7.73
112697,과천,4,0.163,2.0,7.73
136604,인덕원,4,1.473,17.7,11.62
133573,인덕원,4,1.579,18.9,11.62
136745,인덕원,4,1.474,17.7,11.62
102312,인덕원,4,1.428,17.1,11.62
136750,정부과천청사,4,1.119,13.4,8.61
22779,과천,4,0.385,4.6,7.73
182278,철산,7,0.747,9.0,14.27
100395,철산,7,0.942,11.3,14.27
22727,철산,7,0.606,7.3,14.27
122487,철산,7,0.475,5.7,14.27
25937,철산,7,0.841,10.1,14.27
22814,철산,7,0.43,5.2,14.27
3089,석수,1,0.686,8.2,13.08
100253,광명,1,1.629,19.5,15.49
8483,석수,1,0.233,2.8,13.08
100232,석수,1,1.791,21.5,13.08
27343,금천구청,1,1.19,14.3,12.7
145021,소새울,SH,2.372,28.5,20.58
110790,소새울,SH,1.942,23.3,20.58
179517,소새울,SH,2.514,30.2,20.58
107694,소새울,SH,2.157,25.9,20.58
110485,천왕,7,2.61,31.3,16.72
26541,광명,1,1.452,17.4,15.49
2890,산본,4,0.367,4.4,17.65
129842,산본,4,0.098,1.2,17.65
123900,금정,"1, 4",1.122,13.5,15.8
2906,산본,4,0.805,9.7,17.65
2886,수리산,4,0.153,1.8,18.7
2630,수리산,4,0.968,11.6,18.7
7998,산본,4,0.402,4.8,17.65
122682,금정,"1, 4",1.121,13.5,15.8
2626,수리산,4,1.162,13.9,18.7
3865,산본,4,0.227,2.7,17.65
114455,산본,4,0.49,5.9,17.65
1470,범계,4,1.226,14.7,13.8
2625,금정,"1, 4",1.071,12.9,15.8
2628,금정,"1, 4",0.7,8.4,15.8
152005,금정,"1, 4",0.941,11.3,15.8
2629,금정,"1, 4",0.329,3.9,15.8
8386,산본,4,0.401,4.8,17.65
18607,금정,"1, 4",0.858,10.3,15.8
2908,수리산,4,0.46,5.5,18.7
101283,금정,"1, 4",0.79,9.5,15.8
2622,산본,4,0.808,9.7,17.65
2897,금정,"1, 4",1.111,13.3,15.8
3584,산본,4,0.769,9.2,17.65
107639,금정,"1, 4",0.717,8.6,15.8
3864,산본,4,0.351,4.2,17.65
113297,금정,"1, 4",1.425,17.1,15.8
2896,산본,4,0.987,11.8,17.65
2898,산본,4,0.687,8.2,17.65
1476,범계,4,1.402,16.8,13.8
2887,산본,4,1.12,13.4,17.65
2889,산본,4,1.159,13.9,17.65
2888,금정,"1, 4",1.32,15.8,15.8
2895,산본,4,0.681,8.2,17.65
13865,수리산,4,0.217,2.6,18.7
114454,수리산,4,0.731,8.8,18.7
104999,수리산,4,1.205,14.5,18.7
2572,당정,1,0.618,7.4,18.52
1665,당정,1,0.527,6.3,18.52
138694,수리산,4,1.363,16.4,18.7
104996,당정,1,1.59,19.1,18.52
8960,수리산,4,0.681,8.2,18.7
8036,군포,1,1.671,20.1,17.44
2573,당정,1,0.314,3.8,18.52
2574,당정,1,0.399,4.8,18.52
8333,군포,1,0.933,11.2,17.44
12089,당정,1,1.018,12.2,18.52
1664,군포,1,0.52,6.2,17.44
104998,수리산,4,1.52,18.2,18.7
12939,당정,1,0.31,3.7,18.52
3581,당정,1,0.938,11.3,18.52
14490,당정,1,0.676,8.1,18.52
8146,당정,1,0.384,4.6,18.52
2073,군포,1,1.879,22.5,17.44
2072,군포,1,1.927,23.1,17.44
2078,군포,1,1.775,21.3,17.44
27454,군포,1,2.062,24.7,17.44
9347,군포,1,1.999,24.0,17.44
143058,당정,1,1.786,21.4,18.52
121667,군포,1,1.653,19.8,17.44
3718,군포,1,1.997,24.0,17.44
2071,군포,1,2.018,24.2,17.44
8789,군포,1,1.843,22.1,17.44
26398,대야미,4,0.27,3.2,21.28
24088,대야미,4,0.451,5.4,21.28
101481,의왕,1,1.255,15.1,20.96
118123,대야미,4,1.515,18.2,21.28
113266,대야미,4,1.032,12.4,21.28
111115,대야미,4,1.187,14.2,21.28
121911,반월,4,0.439,5.3,23.35
118214,대야미,4,1.787,21.4,21.28
188277,대야미,4,1.705,20.5,21.28
2788,반월,4,0.757,9.1,23.35
9316,반월,4,0.247,3.0,23.35
145260,반월,4,1.137,13.6,23.35
101480,의왕,1,0.75,9.0,20.96
8795,의왕,1,0.772,9.3,20.96
2067,의왕,1,0.664,8.0,20.96
7963,수리산,4,0.96,11.5,18.7
3933,사우,KP,0.859,10.3,30.36
3654,걸포북변,KP,1.024,12.3,32.03
3876,걸포북변,KP,0.299,3.6,32.03
119213,사우,KP,1.515,18.2,30.36
2333,걸포북변,KP,1.956,23.5,32.03
8167,걸포북변,KP,2.341,28.1,32.03
117077,걸포북변,KP,0.708,8.5,32.03
11376,걸포북변,KP,1.736,20.8,32.03
8168,마전,I2,2.521,30.3,33.65
8166,걸포북변,KP,1.857,22.3,32.03
2519,걸포북변,KP,2.121,25.5,32.03
3877,걸포북변,KP,0.339,4.1,32.03
125319,마전,I2,2.562,30.7,33.65
3872,걸포북변,KP,1.444,17.3,32.03
23643,마전,I2,2.511,30.1,33.65
115228,걸포북변,KP,0.404,4.8,32.03
108487,장기,KP,1.417,17.0,35.53
118655,걸포북변,KP,0.677,8.1,32.03
26120,마전,I2,2.125,25.5,33.65
26119,마전,I2,2.203,26.4,33.65
156458,사우,KP,2.475,29.7,30.36
4706,사우,KP,0.841,10.1,30.36
2840,걸포북변,KP,0.792,9.5,32.03
101735,걸포북변,KP,1.32,15.8,32.03
26924,걸포북변,KP,0.377,4.5,32.03
2540,걸포북변,KP,0.865,10.4,32.03
26801,걸포북변,KP,0.168,2.0,32.03
109841,장기,KP,1.059,12.7,35.53
148117,사우,KP,2.241,26.9,30.36
149425,마전,I2,2.518,30.2,33.65
166042,고촌,KP,1.278,15.3,25.42
162677,고촌,KP,0.591,7.1,25.42
119492,고촌,KP,1.264,15.2,25.42
110501,고촌,KP,0.199,2.4,25.42
122645,고촌,KP,1.461,17.5,25.42
24701,고촌,KP,0.384,4.6,25.42
8741,고촌,KP,0.369,4.4,25.42
24702,고촌,KP,0.787,9.4,25.42
108261,고촌,KP,0.458,5.5,25.42
3874,고촌,KP,0.527,6.3,25.42
120122,구래,KP,1.431,17.2,38.8
120231,구래,KP,1.479,17.7,38.8
110004,마산,KP,0.31,3.7,37.35
110479,구래,KP,0.777,9.3,38.8
109526,구래,KP,0.678,8.1,38.8
122646,마산,KP,0.967,11.6,37.35
120395,구래,KP,0.369,4.4,38.8
135705,구래,KP,0.315,3.8,38.8
101566,구래,KP,1.109,13.3,38.8
112810,마산,KP,0.664,8.0,37.35
113318,구래,KP,0.768,9.2,38.8
163417,구래,KP,1.083,13.0,38.8
115496,구래,KP,0.384,4.6,38.8
105368,마산,KP,0.638,7.7,37.35
113035,마산,KP,0.649,7.8,37.35
101348,구래,KP,0.834,10.0,38.8
107680,구래,KP,0.395,4.7,38.8
122647,마산,KP,0.683,8.2,37.35
101347,구래,KP,0.493,5.9,38.8
115497,구래,KP,0.367,4.4,38.8
101325,장기,KP,0.885,10.6,35.53
128038,장기,KP,0.881,10.6,35.53
100685,장기,KP,0.803,9.6,35.53
4702,사우,KP,0.239,2.9,30.36
3934,사우,KP,0.588,7.1,30.36
3922,사우,KP,0.794,9.5,30.36
3935,사우,KP,0.242,2.9,30.36
4909,사우,KP,0.443,5.3,30.36
111766,사우,KP,0.608,7.3,30.36
3929,풍무,KP,0.671,8.1,28.97
111120,풍무,KP,0.484,5.8,28.97
4708,사우,KP,0.314,3.8,30.36
3930,사우,KP,0.117,1.4,30.36
3931,사우,KP,0.585,7.0,30.36
3927,풍무,KP,1.294,15.5,28.97
3588,사우,KP,1.829,21.9,30.36
107015,풍무,KP,0.404,4.8,28.97
148541,사우,KP,2.526,30.3,30.36
151666,사우,KP,2.242,26.9,30.36
146059,사우,KP,2.32,27.8,30.36
8171,풍무,KP,1.371,16.5,28.97
120232,구래,KP,1.713,20.6,38.8
101567,구래,KP,1.919,23.0,38.8
103407,운양,KP,0.289,3.5,34.9
3868,운양,KP,1.024,12.3,34.9
3867,운양,KP,0.758,9.1,34.9
3866,운양,KP,0.862,10.3,34.9
103405,운양,KP,0.761,9.1,34.9
112809,운양,KP,0.95,11.4,34.9
110544,운양,KP,1.282,15.4,34.9
100724,운양,KP,1.217,14.6,34.9
113309,운양,KP,0.664,8.0,34.9
104554,운양,KP,0.799,9.6,34.9
105159,운양,KP,0.484,5.8,34.9
100674,장기,KP,1.049,12.6,35.53
114583,운양,KP,1.006,12.1,34.9
100380,장기,KP,0.545,6.5,35.53
3587,장기,KP,0.411,4.9,35.53
3919,장기,KP,0.606,7.3,35.53
26227,장기,KP,0.509,6.1,35.53
26242,장기,KP,0.405,4.9,35.53
101351,장기,KP,0.625,7.5,35.53
3920,양촌,KP,5.949,71.4,39.76
140030,구래,KP,5.403,64.8,38.8
134804,구래,KP,5.051,60.6,38.8
136828,양촌,KP,5.05,60.6,39.76
127111,양촌,KP,5.557,66.7,39.76
3923,풍무,KP,1.779,21.3,28.97
3924,풍무,KP,1.268,15.2,28.97
130335,풍무,KP,2.456,29.5,28.97
130792,계양,"A, I",2.544,30.5,26.96
8161,풍무,KP,1.668,20.0,28.97
3926,풍무,KP,1.844,22.1,28.97
115483,풍무,KP,1.545,18.5,28.97
128333,풍무,KP,2.388,28.7,28.97
104017,풍무,KP,1.3,15.6,28.97
128034,사우,KP,1.953,23.4,30.36
124980,풍무,KP,2.555,30.7,28.97
8160,풍무,KP,1.903,22.8,28.97
124847,풍무,KP,2.771,33.3,28.97
104018,풍무,KP,1.205,14.5,28.97
148022,독정,I2,2.797,33.6,32.47
26927,풍무,KP,1.053,12.6,28.97
128423,사우,KP,2.222,26.7,30.36
128035,풍무,KP,2.134,25.6,28.97
26856,풍무,KP,1.14,13.7,28.97
125933,사우,KP,2.572,30.9,30.36
124978,풍무,KP,2.589,31.1,28.97
124846,풍무,KP,2.366,28.4,28.97
1689,소새울,SH,0.956,11.5,20.58
18957,소새울,SH,0.936,11.2,20.58
3960,소새울,SH,0.438,5.3,20.58
110681,소새울,SH,1.389,16.7,20.58
14462,소새울,SH,0.6,7.2,20.58
110647,소새울,SH,1.449,17.4,20.58
1701,소새울,SH,0.451,5.4,20.58
9110,소사,"1, SH",0.745,8.9,20.53
117302,시흥대야,SH,0.497,6.0,21.37
103865,소사,"1, SH",0.478,5.7,20.53
2647,소사,"1, SH",1.036,12.4,20.53
145661,소사,"1, SH",0.166,2.0,20.53
1712,부천,1,0.764,9.2,21.63
2636,부천,1,0.911,10.9,21.63
2487,중동,1,0.7,8.4,23.24
1711,중동,1,0.903,10.8,23.24
124533,중동,1,0.621,7.5,23.24
1398,송내,1,0.617,7.4,24.24
1394,송내,1,0.411,4.9,24.24
1399,송내,1,0.716,8.6,24.24
11144,송내,1,0.765,9.2,24.24
1392,송내,1,0.597,7.2,24.24
25776,중동,1,0.917,11.0,23.24
1428,신중동,7,0.969,11.6,22.12
1393,송내,1,0.652,7.8,24.24
26987,송내,1,0.69,8.3,24.24
116492,중동,1,0.621,7.5,23.24
1709,중동,1,0.405,4.9,23.24
12683,중동,1,0.157,1.9,23.24
23576,중동,1,0.472,5.7,23.24
1704,중동,1,0.172,2.1,23.24
1706,중동,1,0.788,9.5,23.24
108756,송내,1,0.239,2.9,24.24
3617,중동,1,0.725,8.7,23.24
25374,중동,1,0.897,10.8,23.24
22104,송내,1,1.224,14.7,24.24
26076,중동,1,0.293,3.5,23.24
113080,부천,1,1.056,12.7,21.63
2648,춘의,7,1.088,13.1,21.23
25826,부천시청,7,0.603,7.2,23.26
8406,부천시청,7,0.744,8.9,23.26
22142,부천시청,7,0.682,8.2,23.26
1433,부천시청,7,0.456,5.5,23.26
22144,부천시청,7,0.464,5.6,23.26
1436,신중동,7,0.654,7.8,22.12
13824,부천시청,7,0.328,3.9,23.26
22145,부천시청,7,0.611,7.3,23.26
27539,부천시청,7,0.892,10.7,23.26
27540,신중동,7,0.857,10.3,22.12
8403,신중동,7,0.469,5.6,22.12
103855,부천시청,7,1.167,14.0,23.26
107328,신중동,7,0.575,6.9,22.12
24201,박촌,I,1.169,14.0,25.68
8407,부천시청,7,0.674,8.1,23.26
3612,상동,7,0.615,7.4,24.22
8247,상동,7,0.86,10.3,24.22
3597,상동,7,0.749,9.0,24.22
3601,상동,7,0.587,7.0,24.22
3602,상동,7,1.09,13.1,24.22
3608,상동,7,1.029,12.3,24.22
3609,상동,7,0.702,8.4,24.22
1415,신중동,7,0.547,6.6,22.12
1414,신중동,7,0.305,3.7,22.12
1413,신중동,7,0.4,4.8,22.12
101193,까치울,7,0.574,6.9,19.1
1435,부천시청,7,0.605,7.3,23.26
1419,신중동,7,0.421,5.1,22.12
1412,부천시청,7,0.511,6.1,23.26
1405,상동,7,1.011,12.1,24.22
1409,신중동,7,0.658,7.9,22.12
1420,신중동,7,0.742,8.9,22.12
9119,부개,1,0.254,3.0,25.33
8283,신중동,7,0.646,7.8,22.12
1429,신중동,7,0.771,9.3,22.12
1430,신중동,7,0.642,7.7,22.12
9413,상동,7,0.859,10.3,24.22
1438,부천시청,7,0.55,6.6,23.26
1406,송내,1,0.915,11.0,24.24
1404,송내,1,0.883,10.6,24.24
1424,부천시청,7,0.873,10.5,23.26
1418,부천시청,7,0.914,11.0,23.26
1421,신중동,7,0.561,6.7,22.12
3613,상동,7,0.44,5.3,24.22
1425,부천시청,7,0.819,9.8,23.26
3611,상동,7,0.878,10.5,24.22
1417,부천시청,7,0.765,9.2,23.26
3610,상동,7,0.345,4.1,24.22
3596,상동,7,0.429,5.1,24.22
3615,상동,7,0.491,5.9,24.22
8351,삼산체육관,7,0.729,8.7,25.26
3599,상동,7,0.449,5.4,24.22
3600,상동,7,0.885,10.6,24.22
22322,부개,1,0.148,1.8,25.33
2425,부개,1,0.658,7.9,25.33
10726,상동,7,0.594,7.1,24.22
9945,상동,7,0.712,8.5,24.22
2969,미금,"B, S",0.543,6.5,17.93
2900,미금,"B, S",0.466,5.6,17.93
2617,오리,B,0.709,8.5,18.99
2879,미금,"B, S",0.36,4.3,17.93
1353,미금,"B, S",0.466,5.6,17.93
2533,죽전,B,0.867,10.4,20.55
2591,미금,"B, S",0.534,6.4,17.93
11491,미금,"B, S",0.227,2.7,17.93
2213,죽전,B,0.829,9.9,20.55
2675,오리,B,1.016,12.2,18.99
1576,미금,"B, S",0.755,9.1,17.93
2194,오리,B,0.908,10.9,18.99
2942,미금,"B, S",0.264,3.2,17.93
1705,오리,B,0.597,7.2,18.99
1382,미금,"B, S",0.764,9.2,17.93
1873,오리,B,0.516,6.2,18.99
8174,죽전,B,0.443,5.3,20.55
24301,동천,S,0.394,4.7,19.0
2536,오리,B,2.003,24.0,18.99
2223,동천,S,0.225,2.7,19.0
10422,죽전,B,1.078,12.9,20.55
2222,죽전,B,0.792,9.5,20.55
8175,오리,B,0.851,10.2,18.99
24290,동천,S,0.334,4.0,19.0
24299,동천,S,0.49,5.9,19.0
10850,죽전,B,1.004,12.0,20.55
2535,죽전,B,0.602,7.2,20.55
2789,오리,B,0.84,10.1,18.99
13336,죽전,B,1.431,17.2,20.55
8627,오리,B,1.291,15.5,18.99
8164,죽전,B,0.585,7.0,20.55
8725,오리,B,0.91,10.9,18.99
8173,죽전,B,1.759,21.1,20.55
8165,죽전,B,0.589,7.1,20.55
153672,죽전,B,2.021,24.3,20.55
8292,오리,B,1.689,20.3,18.99
3711,죽전,B,1.023,12.3,20.55
7966,정자,"B, S",0.946,11.4,16.18
2767,정자,"B, S",0.856,10.3,16.18
2637,미금,"B, S",0.822,9.9,17.93
2784,정자,"B, S",0.703,8.4,16.18
2623,정자,"B, S",0.544,6.5,16.18
2690,정자,"B, S",0.937,11.2,16.18
2742,정자,"B, S",0.944,11.3,16.18
2645,정자,"B, S",0.439,5.3,16.18
3014,정자,"B, S",0.486,5.8,16.18
153998,정자,"B, S",0.282,3.4,16.18
1354,미금,"B, S",0.653,7.8,17.93
100443,정자,"B, S",1.298,15.6,16.18
3084,수내,B,0.929,11.1,15.33
2907,미금,"B, S",0.692,8.3,17.93
2829,정자,"B, S",1.15,13.8,16.18
118128,수내,B,1.807,21.7,15.33
2797,정자,"B, S",1.252,15.0,16.18
2663,정자,"B, S",1.357,16.3,16.18
2719,정자,"B, S",1.379,16.5,16.18
121966,미금,"B, S",0.917,11.0,17.93
112793,동천,S,0.903,10.8,19.0
3706,동천,S,0.628,7.5,19.0
8361,동천,S,0.839,10.1,19.0
9390,동천,S,0.663,8.0,19.0
124832,정자,"B, S",3.028,36.3,16.18
126520,정자,"B, S",3.376,40.5,16.18
124826,정자,"B, S",3.164,38.0,16.18
124842,정자,"B, S",3.488,41.9,16.18
126522,정자,"B, S",3.599,43.2,16.18
112792,동천,S,1.425,17.1,19.0
2415,이매,"B, KK",0.505,6.1,14.38
2578,서현,B,0.448,5.4,15.14
2063,수내,B,1.441,17.3,15.33
27631,판교,"KK, S",1.861,22.3,13.64
1879,서현,B,0.522,6.3,15.14
27632,판교,"KK, S",2.023,24.3,13.64
27577,판교,"KK, S",0.657,7.9,13.64
27497,판교,"KK, S",0.287,3.4,13.64
27204,판교,"KK, S",1.402,16.8,13.64
2445,서현,B,0.63,7.6,15.14
2530,이매,"B, KK",0.202,2.4,14.38
27643,판교,"KK, S",0.631,7.6,13.64
27578,판교,"KK, S",0.489,5.9,13.64
27596,판교,"KK, S",0.434,5.2,13.64
27569,판교,"KK, S",2.202,26.4,13.64
27570,판교,"KK, S",0.408,4.9,13.64
1525,이매,"B, KK",0.55,6.6,14.38
1724,서현,B,1.35,16.2,15.14
1687,서현,B,2.242,26.9,15.14
1789,서현,B,1.341,16.1,15.14
1777,서현,B,1.594,19.1,15.14
1817,서현,B,1.916,23.0,15.14
1821,서현,B,0.32,3.8,15.14
2813,정자,"B, S",1.078,12.9,16.18
109521,서현,B,3.703,44.4,15.14
2583,서현,B,1.607,19.3,15.14
2876,야탑,B,0.782,9.4,13.13
2229,야탑,B,0.53,6.4,13.13
2217,야탑,B,0.537,6.4,13.13
2484,이매,"B, KK",0.321,3.9,14.38
100267,판교,"KK, S",0.965,11.6,13.64
2198,야탑,B,0.501,6.0,13.13
2555,이매,"B, KK",0.371,4.5,14.38
27371,판교,"KK, S",1.111,13.3,13.64
2872,야탑,B,0.497,6.0,13.13
27239,야탑,B,1.066,12.8,13.13
2537,이매,"B, KK",0.109,1.3,14.38
27205,판교,"KK, S",1.328,15.9,13.64
2493,이매,"B, KK",0.686,8.2,14.38
2510,야탑,B,0.79,9.5,13.13
2466,서현,B,0.611,7.3,15.14
2392,이매,"B, KK",0.808,9.7,14.38
3309,야탑,B,1.209,14.5,13.13
2174,야탑,B,1.192,14.3,13.13
2319,야탑,B,0.586,7.0,13.13
107322,야탑,B,1.114,13.4,13.13
2662,야탑,B,0.747,9.0,13.13
2140,야탑,B,0.718,8.6,13.13
2875,야탑,B,0.42,5.0,13.13
102283,야탑,B,0.793,9.5,13.13
26187,야탑,B,2.249,27.0,13.13
101406,야탑,B,2.548,30.6,13.13
102038,야탑,B,1.714,20.6,13.13
27863,판교,"KK, S",3.387,40.6,13.64
27633,판교,"KK, S",3.502,42.0,13.64
27864,판교,"KK, S",3.598,43.2,13.64
27392,판교,"KK, S",2.371,28.5,13.64
27507,판교,"KK, S",3.568,42.8,13.64
128970,모란,"8, B",3.022,36.3,11.49
165357,모란,"8, B",2.749,33.0,11.49
118718,모란,"8, B",2.93,35.2,11.49
2658,산성,8,0.865,10.4,11.72
2657,남한산성입구,8,0.275,3.3,12.76
9938,신흥,8,0.827,9.9,12.34
8413,단대오거리,8,1.185,14.2,12.83
122483,남한산성입구,8,1.157,13.9,12.76
176718,단대오거리,8,0.653,7.8,12.83
161457,신흥,8,0.365,4.4,12.34
159777,단대오거리,8,0.575,6.9,12.83
137596,신흥,8,0.725,8.7,12.34
8414,단대오거리,8,1.163,14.0,12.83
26993,남한산성입구,8,0.587,7.0,12.76
159780,단대오거리,8,0.808,9.7,12.83
176717,산성,8,0.807,9.7,11.72
27291,남한산성입구,8,0.307,3.7,12.76
27076,신흥,8,0.512,6.1,12.34
159778,단대오거리,8,0.7,8.4,12.83
126145,신흥,8,0.314,3.8,12.34
159781,단대오거리,8,1.0,12.0,12.83
161458,신흥,8,0.346,4.2,12.34
126153,단대오거리,8,0.379,4.5,12.83
27075,신흥,8,0.485,5.8,12.34
118771,산성,8,0.452,5.4,11.72
17848,남한산성입구,8,1.194,14.3,12.76
102185,단대오거리,8,0.232,2.8,12.83
1739,단대오거리,8,0.444,5.3,12.83
2659,남한산성입구,8,0.359,4.3,12.76
1736,신흥,8,0.529,6.3,12.34
1735,태평,B,0.31,3.7,10.95
113013,가천대,B,0.644,7.7,10.32
18542,수진,8,0.769,9.2,12.03
1749,신흥,8,0.969,11.6,12.34
18527,신흥,8,1.153,13.8,12.34
2660,단대오거리,8,1.955,23.5,12.83
8357,수진,8,1.33,16.0,12.03
10698,오목천,B,0.447,5.4,28.86
25982,오목천,B,0.24,2.9,28.86
2666,고색,B,0.527,6.3,27.9
11214,오목천,B,0.18,2.2,28.86
2667,고색,B,0.412,4.9,27.9
110169,오목천,B,0.544,6.5,28.86
2668,고색,B,0.334,4.0,27.9
2669,고색,B,0.372,4.5,27.9
19014,오목천,B,0.441,5.3,28.86
19015,오목천,B,0.364,4.4,28.86
18995,고색,B,0.314,3.8,27.9
2670,고색,B,0.267,3.2,27.9
129683,오목천,B,0.084,1.0,28.86
113204,오목천,B,1.648,19.8,28.86
14763,세류,1,0.459,5.5,28.27
1771,세류,1,1.21,14.5,28.27
3625,매탄권선,B,0.765,9.2,27.31
1761,세류,1,1.199,14.4,28.27
10594,매탄권선,B,0.244,2.9,27.31
115709,매탄권선,B,1.089,13.1,27.31
115708,망포,B,1.107,13.3,28.15
1762,매탄권선,B,0.868,10.4,27.31
137330,매탄권선,B,1.657,19.9,27.31
133673,매탄권선,B,1.378,16.5,27.31
146651,망포,B,2.108,25.3,28.15
130136,매탄권선,B,1.606,19.3,27.31
1758,수원시청,B,1.217,14.6,26.24
3623,매탄권선,B,0.247,3.0,27.31
107330,세류,1,1.121,13.5,28.27
1766,매탄권선,B,1.185,14.2,27.31
109412,망포,B,0.723,8.7,28.15
137187,망포,B,1.602,19.2,28.15
130135,매탄권선,B,1.107,13.3,27.31
109075,세류,1,0.628,7.5,28.27
136422,매탄권선,B,1.346,16.2,27.31
1754,매탄권선,B,0.733,8.8,27.31
8843,매탄권선,B,0.414,5.0,27.31
101370,매탄권선,B,1.312,15.7,27.31
8656,세류,1,1.591,19.1,28.27
3622,세류,1,1.44,17.3,28.27
12681,망포,B,2.297,27.6,28.15
101122,세류,1,1.197,14.4,28.27
103518,매탄권선,B,0.808,9.7,27.31
136398,매탄권선,B,1.021,12.3,27.31
103517,매탄권선,B,0.77,9.2,27.31
101371,세류,1,1.275,15.3,28.27
8655,세류,1,1.506,18.1,28.27
8491,망포,B,1.27,15.2,28.15
101132,세류,1,1.073,12.9,28.27
1764,매탄권선,B,1.107,13.3,27.31
10398,화서,1,0.102,1.2,24.02
2722,오목천,B,2.883,34.6,28.86
2677,화서,1,1.191,14.3,24.02
1776,오목천,B,3.001,36.0,28.86
1774,성균관대,1,2.826,33.9,22.53
1779,성균관대,1,2.992,35.9,22.53
2725,화서,1,0.416,5.0,24.02
142498,오목천,B,2.452,29.4,28.86
2671,화서,1,1.178,14.1,24.02
2721,고색,B,2.746,33.0,27.9
9279,화서,1,0.789,9.5,24.02
1780,오목천,B,3.085,37.0,28.86
173177,오목천,B,2.159,25.9,28.86
3643,화서,1,0.671,8.1,24.02
171897,화서,1,1.386,16.6,24.02
2672,화서,1,1.253,15.0,24.02
3980,화서,1,1.044,12.5,24.02
7978,화서,1,0.928,11.1,24.02
9513,고색,B,2.076,24.9,27.9
109632,오목천,B,3.298,39.6,28.86
3637,매탄권선,B,0.237,2.8,27.31
2586,매교,B,0.496,6.0,25.86
1757,수원시청,B,1.142,13.7,26.24
11986,매탄권선,B,0.381,4.6,27.31
100374,수원시청,B,0.526,6.3,26.24
22911,수원시청,B,0.935,11.2,26.24
107250,매교,B,0.581,7.0,25.86
1759,매탄권선,B,0.333,4.0,27.31
2587,매교,B,0.245,2.9,25.86
1788,매탄권선,B,0.614,7.4,27.31
102005,수원시청,B,1.065,12.8,26.24
3636,매탄권선,B,0.404,4.8,27.31
3633,매탄권선,B,1.041,12.5,27.31
3635,매탄권선,B,0.58,7.0,27.31
3634,매탄권선,B,1.028,12.3,27.31
104987,오목천,B,1.86,22.3,28.86
107018,성균관대,1,3.682,44.2,22.53
1773,어천,B,3.546,42.6,29.49
118142,오목천,B,1.919,23.0,28.86
104986,어천,B,3.49,41.9,29.49
110807,성균관대,1,3.827,45.9,22.53
117005,오목천,B,3.369,40.4,28.86
109819,오목천,B,3.194,38.3,28.86
110806,어천,B,3.874,46.5,29.49
132609,오목천,B,2.158,25.9,28.86
115414,오목천,B,2.619,31.4,28.86
132751,어천,B,3.747,45.0,29.49
140601,성균관대,1,2.916,35.0,22.53
140599,성균관대,1,3.004,36.0,22.53
2681,성균관대,1,2.714,32.6,22.53
2682,성균관대,1,3.035,36.4,22.53
104300,성균관대,1,1.599,19.2,22.53
18996,성균관대,1,2.94,35.3,22.53
101719,성균관대,1,1.549,18.6,22.53
10644,성균관대,1,3.03,36.4,22.53
24123,성균관대,1,1.05,12.6,22.53
2728,화서,1,0.292,3.5,24.02
2720,수원,"1, B",0.375,4.5,25.92
19006,수원,"1, B",0.478,5.7,25.92
8496,화서,1,1.315,15.8,24.02
24615,화서,1,0.923,11.1,24.02
124237,수원,"1, B",1.091,13.1,25.92
10390,수원,"1, B",0.483,5.8,25.92
2727,화서,1,0.35,4.2,24.02
2751,화서,1,0.615,7.4,24.02
107275,수원,"1, B",0.684,8.2,25.92
128305,매교,B,0.443,5.3,25.86
129264,매교,B,0.431,5.2,25.86
107276,수원,"1, B",0.76,9.1,25.92
109626,오목천,B,1.066,12.8,28.86
115419,오목천,B,1.267,15.2,28.86
107740,오목천,B,0.956,11.5,28.86
25553,오목천,B,1.199,14.4,28.86
25554,오목천,B,1.226,14.7,28.86
25983,오목천,B,0.962,11.5,28.86
1830,성균관대,1,0.747,9.0,22.53
12913,성균관대,1,0.557,6.7,22.53
9127,성균관대,1,0.733,8.8,22.53
9950,성균관대,1,0.56,6.7,22.53
1823,성균관대,1,0.87,10.4,22.53
1824,성균관대,1,0.685,8.2,22.53
110302,성균관대,1,0.542,6.5,22.53
1828,성균관대,1,0.371,4.5,22.53
1826,성균관대,1,0.636,7.6,22.53
10732,성균관대,1,0.614,7.4,22.53
3638,망포,B,0.556,6.7,28.15
2588,영통,B,0.706,8.5,27.67
3988,망포,B,0.724,8.7,28.15
3991,영통,B,0.657,7.9,27.67
109929,망포,B,0.634,7.6,28.15
131197,망포,B,1.112,13.3,28.15
7965,망포,B,0.748,9.0,28.15
26764,망포,B,0.43,5.2,28.15
109249,망포,B,0.889,10.7,28.15
109883,영통,B,0.644,7.7,27.67
23773,망포,B,1.724,20.7,28.15
26762,망포,B,0.283,3.4,28.15
12045,망포,B,0.296,3.6,28.15
107825,망포,B,0.57,6.8,28.15
135200,망포,B,2.062,24.7,28.15
7954,영통,B,0.63,7.6,27.67
109360,망포,B,2.32,27.8,28.15
131810,망포,B,1.284,15.4,28.15
3631,망포,B,0.996,12.0,28.15
3629,망포,B,0.798,9.6,28.15
7952,영통,B,0.31,3.7,27.67
8400,영통,B,0.86,10.3,27.67
3725,망포,B,1.323,15.9,28.15
23770,망포,B,1.405,16.9,28.15
3627,망포,B,0.514,6.2,28.15
3628,망포,B,0.172,2.1,28.15
3726,망포,B,1.562,18.7,28.15
3728,망포,B,1.431,17.2,28.15
1803,망포,B,0.707,8.5,28.15
3632,망포,B,1.05,12.6,28.15
9243,망포,B,1.071,12.9,28.15
3727,망포,B,1.593,19.1,28.15
11236,망포,B,0.81,9.7,28.15
12042,영통,B,0.559,6.7,27.67
3688,영통,B,0.799,9.6,27.67
105153,망포,B,0.557,6.7,28.15
22521,망포,B,1.304,15.6,28.15
3630,망포,B,0.683,8.2,28.15
1784,수원시청,B,1.07,12.8,26.24
1795,광교중앙,S,2.025,24.3,23.39
1816,광교중앙,S,1.603,19.2,23.39
1787,수원시청,B,1.213,14.6,26.24
9101,매탄권선,B,2.064,24.8,27.31
9075,청명,B,1.898,22.8,26.89
8920,청명,B,1.544,18.5,26.89
1782,수원시청,B,1.193,14.3,26.24
11743,수원시청,B,1.528,18.3,26.24
25771,수원시청,B,0.971,11.7,26.24
100273,광교중앙,S,2.081,25.0,23.39
1796,수원시청,B,1.288,15.5,26.24
1786,매탄권선,B,1.739,20.9,27.31
13698,수원시청,B,1.339,16.1,26.24
103682,광교중앙,S,1.742,20.9,23.39
1785,수원시청,B,1.394,16.7,26.24
25718,수원시청,B,0.824,9.9,26.24
1832,수원시청,B,1.192,14.3,26.24
2494,수원시청,B,1.561,18.7,26.24
135549,광교중앙,S,1.879,22.5,23.39
1794,매탄권선,B,1.909,22.9,27.31
1833,수원시청,B,1.664,20.0,26.24
101600,광교중앙,S,2.002,24.0,23.39
135404,청명,B,1.153,13.8,26.89
3992,청명,B,0.679,8.1,26.89
10359,청명,B,1.086,13.0,26.89
1808,청명,B,0.321,3.9,26.89
7953,청명,B,0.615,7.4,26.89
1809,청명,B,0.143,1.7,26.89
1812,청명,B,1.038,12.5,26.89
10685,청명,B,0.874,10.5,26.89
10285,청명,B,1.348,16.2,26.89
27029,청명,B,0.987,11.8,26.89
1804,청명,B,0.347,4.2,26.89
110641,영통,B,0.838,10.1,27.67
134382,청명,B,1.425,17.1,26.89
1815,광교중앙,S,1.302,15.6,23.39
112441,광교중앙,S,0.882,10.6,23.39
27584,상현,S,2.044,24.5,22.55
102605,상현,S,1.886,22.6,22.55
101273,광교중앙,S,0.122,1.5,23.39
27656,광교중앙,S,2.079,24.9,23.39
27534,청명,B,1.993,23.9,26.89
11648,광교,S,1.682,20.2,21.82
2491,광교중앙,S,1.748,21.0,23.39
132600,광교,S,1.379,16.5,21.82
2695,광교,S,1.131,13.6,21.82
107650,광교,S,0.486,5.8,21.82
25448,성복,S,1.569,18.8,21.02
137232,상현,S,0.449,5.4,22.55
110731,광교,S,0.776,9.3,21.82
102119,광교,S,0.543,6.5,21.82
136913,광교중앙,S,1.052,12.6,23.39
103034,광교,S,0.919,11.0,21.82
102624,광교,S,0.581,7.0,21.82
138183,광교중앙,S,0.652,7.8,23.39
120759,광교,S,0.516,6.2,21.82
101239,상현,S,0.197,2.4,22.55
102536,상현,S,0.22,2.6,22.55
26281,청명,B,2.104,25.2,26.89
101301,상현,S,0.797,9.6,22.55
137233,상현,S,1.289,15.5,22.55
1845,성균관대,1,2.113,25.4,22.53
131763,광교,S,2.37,28.4,21.82
17267,화서,1,1.908,22.9,24.02
3645,광교,S,2.213,26.6,21.82
19435,화서,1,2.068,24.8,24.02
1848,광교,S,2.077,24.9,21.82
141607,성균관대,1,1.812,21.7,22.53
4003,화서,1,0.913,11.0,24.02
7969,화서,1,1.05,12.6,24.02
7974,화서,1,1.391,16.7,24.02
1837,화서,1,1.134,13.6,24.02
2712,화서,1,2.927,35.1,24.02
7967,화서,1,1.229,14.7,24.02
139926,성균관대,1,2.484,29.8,22.53
100631,광교,S,2.859,34.3,21.82
2708,화서,1,1.068,12.8,24.02
7976,화서,1,1.73,20.8,24.02
100282,광교,S,2.54,30.5,21.82
17269,화서,1,1.984,23.8,24.02
3641,화서,1,1.371,16.5,24.02
10344,성균관대,1,1.556,18.7,22.53
22878,성균관대,1,2.148,25.8,22.53
24672,화서,1,1.063,12.8,24.02
155738,매교,B,1.431,17.2,25.86
8177,광교중앙,S,1.766,21.2,23.39
3655,성균관대,1,1.3,15.6,22.53
23880,화서,1,1.217,14.6,24.02
3650,화서,1,1.228,14.7,24.02
101509,성균관대,1,1.8,21.6,22.53
102614,성균관대,1,1.486,17.8,22.53
3647,성균관대,1,0.993,11.9,22.53
1829,성균관대,1,0.758,9.1,22.53
10757,화서,1,1.049,12.6,24.02
3646,성균관대,1,0.895,10.7,22.53
119894,의왕,1,1.041,12.5,20.96
102501,성균관대,1,1.876,22.5,22.53
115114,의왕,1,1.4,16.8,20.96
133091,매교,B,0.902,10.8,25.86
26276,매교,B,0.823,9.9,25.86
2730,안산,"4, B",1.693,20.3,28.37
3963,신길온천,"4, B",2.344,28.1,29.09
136526,정왕,"4, B",2.958,35.5,29.91
2732,달미,SH,2.053,24.6,25.42
107234,신길온천,"4, B",1.446,17.4,29.09
103473,신길온천,"4, B",1.157,13.9,29.09
1876,시흥대야,SH,0.873,10.5,21.37
7991,시흥대야,SH,0.281,3.4,21.37
113169,신천,SH,1.247,15.0,22.23
1875,시흥대야,SH,0.93,11.2,21.37
1877,시흥대야,SH,0.879,10.5,21.37
2737,신천,SH,0.629,7.5,22.23
3972,시흥대야,SH,0.701,8.4,21.37
1867,시흥대야,SH,1.088,13.1,21.37
174587,시흥대야,SH,1.733,20.8,21.37
1870,신천,SH,1.013,12.2,22.23
103333,신천,SH,0.516,6.2,22.23
1851,시흥대야,SH,0.574,6.9,21.37
115381,시흥대야,SH,0.827,9.9,21.37
8807,신천,SH,0.798,9.6,22.23
115535,신천,SH,1.428,17.1,22.23
2736,시흥대야,SH,0.398,4.8,21.37
3657,시흥대야,SH,0.87,10.4,21.37
4004,시흥대야,SH,0.481,5.8,21.37
1871,시흥대야,SH,1.033,12.4,21.37
119516,시흥대야,SH,1.602,19.2,21.37
115928,시흥대야,SH,0.524,6.3,21.37
129506,시흥능곡,SH,0.465,5.6,24.0
130782,시흥시청,SH,1.086,13.0,23.46
2781,시흥시청,SH,1.573,18.9,23.46
101267,시흥시청,SH,1.075,12.9,23.46
130787,시흥시청,SH,0.749,9.0,23.46
4012,시흥시청,SH,0.628,7.5,23.46
121989,시흥능곡,SH,1.064,12.8,24.0
122648,시흥시청,SH,1.136,13.6,23.46
2787,시흥시청,SH,1.447,17.4,23.46
192238,시흥시청,SH,0.55,6.6,23.46
119589,시흥시청,SH,0.665,8.0,23.46
120057,시흥능곡,SH,1.127,13.5,24.0
125927,시흥능곡,SH,0.797,9.6,24.0
122012,시흥능곡,SH,0.462,5.5,24.0
100547,시흥능곡,SH,0.427,5.1,24.0
121990,시흥능곡,SH,0.349,4.2,24.0
119357,시흥능곡,SH,1.126,13.5,24.0
128005,초지,"4, B, SH",0.787,9.4,27.73
130337,안산,"4, B",0.827,9.9,28.37
14432,선부,SH,0.87,10.4,26.45
13195,선부,SH,0.754,9.0,26.45
144628,선부,SH,0.926,11.1,26.45
140763,달미,SH,1.043,12.5,25.42
107490,초지,"4, B, SH",0.656,7.9,27.73
2504,신길온천,"4, B",0.927,11.1,29.09
9692,안산,"4, B",0.971,11.7,28.37
11753,신길온천,"4, B",0.453,5.4,29.09
102619,안산,"4, B",1.122,13.5,28.37
27228,안산,"4, B",1.038,12.5,28.37
26379,신길온천,"4, B",0.7,8.4,29.09
17498,초지,"4, B, SH",0.78,9.4,27.73
104891,안산,"4, B",0.86,10.3,28.37
27227,안산,"4, B",1.154,13.8,28.37
2772,광명,1,4.315,51.8,15.49
108819,광명,1,3.843,46.1,15.49
109557,광명,1,4.124,49.5,15.49
27293,시흥능곡,SH,0.581,7.0,24.0
3971,시흥대야,SH,0.807,9.7,21.37
122403,신천,SH,1.215,14.6,22.23
27319,신천,SH,0.465,5.6,22.23
13863,신천,SH,0.592,7.1,22.23
120092,시흥대야,SH,0.456,5.5,21.37
3970,시흥대야,SH,0.549,6.6,21.37
112917,신천,SH,1.511,18.1,22.23
146300,신천,SH,0.653,7.8,22.23
2785,신현,SH,1.608,19.3,23.33
2783,시흥시청,SH,1.686,20.2,23.46
2786,신현,SH,1.761,21.1,23.33
2738,신현,SH,2.608,31.3,23.33
166117,시흥능곡,SH,4.226,50.7,24.0
173937,시흥능곡,SH,4.175,50.1,24.0
107336,시흥능곡,SH,4.64,55.7,24.0
188497,시흥능곡,SH,3.11,37.3,24.0
110639,시흥능곡,SH,3.112,37.3,24.0
109529,시흥능곡,SH,3.623,43.5,24.0
108811,광명,1,4.468,53.6,15.49
174299,시흥능곡,SH,4.118,49.4,24.0
111111,시흥능곡,SH,4.004,48.0,24.0
114162,시흥능곡,SH,2.918,35.0,24.0
144611,시흥능곡,SH,3.957,47.5,24.0
109558,시흥능곡,SH,3.617,43.4,24.0
114227,시흥능곡,SH,3.458,41.5,24.0
2780,신현,SH,0.472,5.7,23.33
102629,운연,I2,2.248,27.0,24.52
110312,운연,I2,2.148,25.8,24.52
104009,운연,I2,2.0,24.0,24.52
110818,운연,I2,1.35,16.2,24.52
110151,운연,I2,1.716,20.6,24.52
111479,운연,I2,1.485,17.8,24.52
1909,오이도,"4, B",0.93,11.2,29.58
2770,오이도,"4, B",0.563,6.8,29.58
2498,오이도,"4, B",0.34,4.1,29.58
1884,오이도,"4, B",1.766,21.2,29.58
8000,오이도,"4, B",1.981,23.8,29.58
1890,오이도,"4, B",2.026,24.3,29.58
2765,오이도,"4, B",1.16,13.9,29.58
1900,오이도,"4, B",1.491,17.9,29.58
1898,오이도,"4, B",0.469,5.6,29.58
100546,오이도,"4, B",1.672,20.1,29.58
2501,정왕,"4, B",1.306,15.7,29.91
2502,정왕,"4, B",1.15,13.8,29.91
1914,오이도,"4, B",1.353,16.2,29.58
2764,오이도,"4, B",1.868,22.4,29.58
1912,오이도,"4, B",1.497,18.0,29.58
1905,오이도,"4, B",0.759,9.1,29.58
2499,오이도,"4, B",0.726,8.7,29.58
1902,오이도,"4, B",0.745,8.9,29.58
9415,오이도,"4, B",0.555,6.7,29.58
1896,정왕,"4, B",0.591,7.1,29.91
1904,오이도,"4, B",1.08,13.0,29.58
1880,오이도,"4, B",0.846,10.2,29.58
108474,달월,B,1.208,14.5,28.15
106126,오이도,"4, B",1.718,20.6,29.58
1897,오이도,"4, B",0.213,2.6,29.58
1913,오이도,"4, B",0.86,10.3,29.58
2766,오이도,"4, B",0.992,11.9,29.58
1892,오이도,"4, B",0.653,7.8,29.58
1894,오이도,"4, B",1.069,12.8,29.58
1895,정왕,"4, B",0.666,8.0,29.91
106123,달월,B,1.89,22.7,28.15
1883,오이도,"4, B",0.913,11.0,29.58
108480,오이도,"4, B",1.478,17.7,29.58
109817,오이도,"4, B",1.024,12.3,29.58
175497,달월,B,1.005,12.1,28.15
150860,달월,B,1.453,17.4,28.15
109216,오이도,"4, B",2.287,27.4,29.58
1915,오이도,"4, B",0.538,6.5,29.58
1893,정왕,"4, B",0.802,9.6,29.91
110216,오이도,"4, B",1.251,15.0,29.58
110548,오이도,"4, B",2.082,25.0,29.58
2497,오이도,"4, B",0.595,7.1,29.58
182377,달월,B,0.997,12.0,28.15
112329,오이도,"4, B",1.765,21.2,29.58
110814,오이도,"4, B",2.2,26.4,29.58
1888,오이도,"4, B",0.432,5.2,29.58
1903,오이도,"4, B",1.369,16.4,29.58
1906,오이도,"4, B",1.172,14.1,29.58
11188,월곶,B,0.324,3.9,27.78
150276,달월,B,1.879,22.5,28.15
13289,월곶,B,0.574,6.9,27.78
8810,월곶,B,0.462,5.5,27.78
19181,월곶,B,0.385,4.6,27.78
140365,시흥시청,SH,1.778,21.3,23.46
2761,시흥시청,SH,1.671,20.1,23.46
2760,시흥시청,SH,2.362,28.3,23.46
4009,시흥시청,SH,2.278,27.3,23.46
2762,시흥시청,SH,2.167,26.0,23.46
128376,시흥시청,SH,1.358,16.3,23.46
4008,시흥시청,SH,2.412,28.9,23.46
130790,시흥시청,SH,1.365,16.4,23.46
2763,시흥시청,SH,1.711,20.5,23.46
4010,시흥시청,SH,1.751,21.0,23.46
8074,정왕,"4, B",1.245,14.9,29.91
1886,정왕,"4, B",1.548,18.6,29.91
1891,정왕,"4, B",1.499,18.0,29.91
1878,정왕,"4, B",1.357,16.3,29.91
1881,정왕,"4, B",1.083,13.0,29.91
7995,정왕,"4, B",1.249,15.0,29.91
1910,정왕,"4, B",0.718,8.6,29.91
2769,정왕,"4, B",1.368,16.4,29.91
2768,정왕,"4, B",0.874,10.5,29.91
1882,정왕,"4, B",0.966,11.6,29.91
1907,정왕,"4, B",1.133,13.6,29.91
1908,정왕,"4, B",1.398,16.8,29.91
8964,정왕,"4, B",1.093,13.1,29.91
1885,신길온천,"4, B",1.595,19.1,29.09
1911,신길온천,"4, B",1.497,18.0,29.09
3669,고잔,"4, B",1.136,13.6,27.02
9052,선부,SH,0.506,6.1,26.45
141420,중앙,"4, B",1.542,18.5,26.21
11772,선부,SH,0.462,5.5,26.45
1945,선부,SH,0.558,6.7,26.45
1962,중앙,"4, B",1.729,20.7,26.21
3670,고잔,"4, B",1.355,16.3,27.02
15522,고잔,"4, B",0.988,11.9,27.02
1921,중앙,"4, B",0.784,9.4,26.21
1963,중앙,"4, B",1.612,19.3,26.21
1957,중앙,"4, B",1.368,16.4,26.21
1964,중앙,"4, B",1.751,21.0,26.21
112380,고잔,"4, B",0.728,8.7,27.02
1920,중앙,"4, B",1.23,14.8,26.21
1965,중앙,"4, B",2.018,24.2,26.21
10497,중앙,"4, B",1.096,13.2,26.21
112360,중앙,"4, B",0.541,6.5,26.21
3663,고잔,"4, B",0.422,5.1,27.02
8508,고잔,"4, B",0.593,7.1,27.02
106156,중앙,"4, B",1.269,15.2,26.21
3659,고잔,"4, B",0.895,10.7,27.02
1968,중앙,"4, B",2.005,24.1,26.21
1953,중앙,"4, B",1.16,13.9,26.21
1956,중앙,"4, B",1.005,12.1,26.21
112013,중앙,"4, B",0.883,10.6,26.21
11216,고잔,"4, B",1.166,14.0,27.02
3666,중앙,"4, B",0.881,10.6,26.21
8393,한대앞,"4, B",0.473,5.7,25.94
8391,고잔,"4, B",0.667,8.0,27.02
3664,중앙,"4, B",0.364,4.4,26.21
8392,고잔,"4, B",0.907,10.9,27.02
3658,중앙,"4, B",1.123,13.5,26.21
8323,중앙,"4, B",0.654,7.8,26.21
3660,고잔,"4, B",1.091,13.1,27.02
3667,중앙,"4, B",0.605,7.3,26.21
8394,한대앞,"4, B",1.066,12.8,25.94
8318,중앙,"4, B",1.081,13.0,26.21
111170,중앙,"4, B",0.448,5.4,26.21
3668,중앙,"4, B",0.637,7.6,26.21
3662,중앙,"4, B",0.844,10.1,26.21
1943,선부,SH,0.755,9.1,26.45
1948,선부,SH,0.439,5.3,26.45
1942,선부,SH,0.436,5.2,26.45
1940,선부,SH,0.661,7.9,26.45
120742,선부,SH,0.399,4.8,26.45
102635,선부,SH,0.407,4.9,26.45
111252,초지,"4, B, SH",0.807,9.7,27.73
116238,선부,SH,0.514,6.2,26.45
113281,선부,SH,0.691,8.3,26.45
114598,초지,"4, B, SH",0.443,5.3,27.73
114595,초지,"4, B, SH",0.269,3.2,27.73
113909,초지,"4, B, SH",0.511,6.1,27.73
9166,반월,4,2.231,26.8,23.35
2793,사리,B,1.111,13.3,27.53
1926,상록수,4,0.541,6.5,25.94
2792,사리,B,1.215,14.6,27.53
1931,사리,B,0.699,8.4,27.53
2503,상록수,4,0.51,6.1,25.94
1932,사리,B,0.639,7.7,27.53
1934,사리,B,0.647,7.8,27.53
1933,사리,B,0.317,3.8,27.53
1935,사리,B,0.238,2.9,27.53
1936,사리,B,0.489,5.9,27.53
1939,사리,B,0.254,3.0,27.53
1928,상록수,4,0.626,7.5,25.94
1924,상록수,4,0.749,9.0,25.94
1922,사리,B,0.847,10.2,27.53
1938,사리,B,0.6,7.2,27.53
8397,한대앞,"4, B",0.658,7.9,25.94
8398,한대앞,"4, B",0.801,9.6,25.94
117350,사리,B,2.513,30.2,27.53
114098,사리,B,2.516,30.2,27.53
112562,사리,B,3.125,37.5,27.53
117552,사리,B,3.226,38.7,27.53
2791,한대앞,"4, B",1.271,15.3,25.94
117343,사리,B,3.326,39.9,27.53
110811,사리,B,3.335,40.0,27.53
11449,고잔,"4, B",2.281,27.4,27.02
112886,사리,B,3.094,37.1,27.53
14849,성환,1,17.028,204.3,65.3
14852,성환,1,16.998,204.0,65.3
148049,평택,1,16.729,200.7,56.61
147232,평택,1,16.732,200.8,56.61
114643,성환,1,17.947,215.4,65.3
100446,성환,1,14.336,172.0,65.3
100447,성환,1,14.457,173.5,65.3
170557,성환,1,15.268,183.2,65.3
10019,평택,1,6.608,79.3,56.61
22756,평택,1,8.949,107.4,56.61
25957,평택,1,6.165,74.0,56.61
119346,평택,1,7.749,93.0,56.61
146137,평택,1,6.557,78.7,56.61
145871,평택,1,6.752,81.0,56.61
13190,평택,1,6.146,73.8,56.61
131671,평택,1,8.215,98.6,56.61
151367,평택,1,8.259,99.1,56.61
137351,평택,1,7.167,86.0,56.61
115455,평택,1,7.451,89.4,56.61
148199,평택,1,6.453,77.4,56.61
25202,평택,1,7.751,93.0,56.61
27259,평택,1,8.049,96.6,56.61
27069,평택,1,8.286,99.4,56.61
25204,평택,1,7.968,95.6,56.61
13474,성환,1,15.715,188.6,65.3
14846,평택,1,15.762,189.1,56.61
14848,평택,1,16.168,194.0,56.61
11649,평택,1,15.366,184.4,56.61
113173,평택,1,15.986,191.8,56.61
13198,평택,1,16.37,196.4,56.61
113273,평택,1,15.079,180.9,56.61
144350,성환,1,15.507,186.1,65.3
143398,평택,1,15.128,181.5,56.61
26832,평택,1,15.656,187.9,56.61
115713,평택,1,15.205,182.5,56.61
100462,평택,1,15.627,187.5,56.61
19595,평택,1,15.489,185.9,56.61
24675,성환,1,20.699,248.4,65.3
27117,평택,1,16.667,200.0,56.61
109964,평택,1,12.482,149.8,56.61
107658,평택,1,12.647,151.8,56.61
113018,지제,1,5.687,68.2,53.4
144228,지제,1,3.605,43.3,53.4
102041,부발,KK,18.917,227.0,48.67
16149,이천,KK,21.77,261.2,44.91
175958,이천,KK,21.298,255.6,44.91
22752,범계,4,0.805,9.7,13.8
1462,평촌,4,0.745,8.9,12.83
3001,범계,4,1.087,13.0,13.8
1464,평촌,4,0.699,8.4,12.83
1985,범계,4,0.766,9.2,13.8
3286,평촌,4,0.803,9.6,12.83
1463,평촌,4,0.574,6.9,12.83
1460,평촌,4,0.931,11.2,12.83
1993,범계,4,0.917,11.0,13.8
8205,인덕원,4,0.738,8.9,11.62
2505,인덕원,4,0.414,5.0,11.62
1465,평촌,4,0.959,11.5,12.83
1461,평촌,4,0.833,10.0,12.83
107579,평촌,4,0.688,8.3,12.83
1454,범계,4,0.873,10.5,13.8
2811,인덕원,4,0.648,7.8,11.62
102631,인덕원,4,0.666,8.0,11.62
112054,명학,1,1.088,13.1,15.0
147880,안양,1,0.528,6.3,14.15
22957,안양,1,0.664,8.0,14.15
1992,범계,4,0.491,5.9,13.8
121645,명학,1,1.173,14.1,15.0
124780,안양,1,0.951,11.4,14.15
3080,안양,1,1.015,12.2,14.15
3022,범계,4,0.408,4.9,13.8
3078,범계,4,1.344,16.1,13.8
126337,범계,4,0.824,9.9,13.8
147085,안양,1,1.144,13.7,14.15
144023,안양,1,1.777,21.3,14.15
9223,안양,1,0.35,4.2,14.15
3083,범계,4,0.611,7.3,13.8
1480,범계,4,0.78,9.4,13.8
127903,안양,1,1.11,13.3,14.15
3079,안양,1,1.352,16.2,14.15
2015,안양,1,0.51,6.1,14.15
3081,범계,4,0.442,5.3,13.8
3023,범계,4,0.518,6.2,13.8
3015,범계,4,0.278,3.3,13.8
175697,범계,4,0.336,4.0,13.8
3075,범계,4,0.465,5.6,13.8
13571,범계,4,1.067,12.8,13.8
126060,범계,4,1.25,15.0,13.8
1481,범계,4,0.901,10.8,13.8
2042,범계,4,0.49,5.9,13.8
3092,안양,1,0.188,2.3,14.15
3076,범계,4,0.917,11.0,13.8
25725,안양,1,1.25,15.0,14.15
1468,범계,4,0.559,6.7,13.8
1467,범계,4,0.451,5.4,13.8
8800,범계,4,0.553,6.6,13.8
26320,범계,4,1.348,16.2,13.8
3016,범계,4,0.608,7.3,13.8
8775,평촌,4,0.4,4.8,12.83
152617,평촌,4,1.854,22.2,12.83
1482,평촌,4,0.792,9.5,12.83
2595,평촌,4,0.291,3.5,12.83
8481,평촌,4,0.484,5.8,12.83
1478,평촌,4,0.693,8.3,12.83
103281,평촌,4,1.49,17.9,12.83
10965,인덕원,4,0.992,11.9,11.62
26061,평촌,4,1.348,16.2,12.83
19492,범계,4,0.876,10.5,13.8
102014,평촌,4,1.98,23.8,12.83
1471,범계,4,0.879,10.5,13.8
8626,평촌,4,1.003,12.0,12.83
8637,평촌,4,1.17,14.0,12.83
26700,평촌,4,2.065,24.8,12.83
25842,평촌,4,1.505,18.1,12.83
1483,평촌,4,0.662,7.9,12.83
8194,인덕원,4,1.058,12.7,11.62
171438,인덕원,4,0.922,11.1,11.62
1477,평촌,4,0.666,8.0,12.83
1472,범계,4,0.835,10.0,13.8
8193,인덕원,4,0.954,11.4,11.62
1444,평촌,4,1.65,19.8,12.83
1479,평촌,4,0.561,6.7,12.83
26414,인덕원,4,1.144,13.7,11.62
1474,범계,4,1.091,13.1,13.8
1441,금정,"1, 4",1.946,23.4,15.8
3883,평촌,4,2.213,26.6,12.83
24900,인덕원,4,1.201,14.4,11.62
8216,인덕원,4,1.136,13.6,11.62
3884,평촌,4,1.99,23.9,12.83
1473,범계,4,1.187,14.2,13.8
101552,평촌,4,2.201,26.4,12.83
102630,인덕원,4,0.83,10.0,11.62
114329,인덕원,4,1.012,12.1,11.62
154917,금정,"1, 4",1.563,18.8,15.8
142558,범계,4,0.944,11.3,13.8
10509,범계,4,0.717,8.6,13.8
3082,군포,1,1.655,19.9,17.44
8328,군포,1,1.962,23.5,17.44
2076,금정,"1, 4",2.073,24.9,15.8
2077,군포,1,1.956,23.5,17.44
8584,안양,1,1.378,16.5,14.15
110665,안양,1,1.657,19.9,14.15
1982,안양,1,1.439,17.3,14.15
1981,안양,1,1.89,22.7,14.15
101284,안양,1,1.481,17.8,14.15
17562,안양,1,2.576,30.9,14.15
11512,광명,1,1.924,23.1,15.49
3671,광명,1,1.528,18.3,15.49
8163,안양,1,1.828,21.9,14.15
25775,관악,1,1.523,18.3,13.65
8777,안양,1,1.96,23.5,14.15
1979,안양,1,1.73,20.8,14.15
127667,관악,1,0.958,11.5,13.65
8390,관악,1,0.208,2.5,13.65
2016,관악,1,0.903,10.8,13.65
2004,석수,1,0.267,3.2,13.08
3088,관악,1,0.353,4.2,13.65
128300,관악,1,0.956,11.5,13.65
3090,관악,1,0.682,8.2,13.65
2799,관악,1,0.351,4.2,13.65
25454,관악,1,0.376,4.5,13.65
2018,안양,1,0.997,12.0,14.15
13798,안양,1,0.981,11.8,14.15
19039,안양,1,1.052,12.6,14.15
2800,안양,1,0.97,11.6,14.15
2017,안양,1,1.033,12.4,14.15
114063,안양,1,0.41,4.9,14.15
8009,오산,1,2.105,25.3,39.42
147048,오산대,1,2.312,27.7,36.67
8006,오산,1,1.501,18.0,39.42
8018,오산,1,1.303,15.6,39.42
11053,오산대,1,1.175,14.1,36.67
142200,오산,1,2.183,26.2,39.42
8003,오산,1,1.207,14.5,39.42
144401,오산대,1,1.79,21.5,36.67
8010,오산,1,1.983,23.8,39.42
180097,오산,1,2.187,26.2,39.42
8019,오산,1,1.206,14.5,39.42
13210,오산,1,1.109,13.3,39.42
19622,오산,1,0.894,10.7,39.42
144463,오산,1,1.309,15.7,39.42
8024,오산,1,1.129,13.5,39.42
27071,오산,1,1.423,17.1,39.42
19074,오산,1,1.703,20.4,39.42
173540,오산,1,1.787,21.4,39.42
19508,오산,1,0.566,6.8,39.42
26097,오산,1,1.483,17.8,39.42
108033,세마,1,2.507,30.1,34.58
131409,세마,1,1.322,15.9,34.58
102557,세마,1,1.206,14.5,34.58
135415,오산대,1,1.175,14.1,36.67
140743,오산대,1,1.153,13.8,36.67
8022,오산,1,0.796,9.6,39.42
10403,오산,1,1.624,19.5,39.42
8002,오산,1,1.676,20.1,39.42
114292,오산,1,1.913,23.0,39.42
8025,오산,1,1.129,13.5,39.42
26019,진위,1,1.941,23.3,43.23
8004,오산,1,1.657,19.9,39.42
156804,오산,1,1.943,23.3,39.42
13769,오산,1,1.884,22.6,39.42
25966,오산,1,1.968,23.6,39.42
146068,오산,1,1.953,23.4,39.42
26096,오산,1,1.697,20.4,39.42
17454,오산,1,1.623,19.5,39.42
137731,오산,1,2.509,30.1,39.42
10599,오산,1,0.986,11.8,39.42
8011,오산대,1,0.651,7.8,36.67
10723,오산대,1,0.59,7.1,36.67
103981,오산대,1,0.479,5.7,36.67
8017,오산,1,1.023,12.3,39.42
10799,오산대,1,0.954,11.4,36.67
167058,오산대,1,0.527,6.3,36.67
109408,오산대,1,0.698,8.4,36.67
122649,오산대,1,0.318,3.8,36.67
113203,오산대,1,0.596,7.2,36.67
8014,오산,1,1.219,14.6,39.42
135025,세마,1,0.584,7.0,34.58
103433,세마,1,0.321,3.9,34.58
115677,서동탄,1,1.165,14.0,33.67
8007,오산,1,1.872,22.5,39.42
8008,오산,1,1.528,18.3,39.42
193277,오산대,1,2.868,34.4,36.67
112414,오산,1,3.938,47.3,39.42
116003,오산,1,2.443,29.3,39.42
110141,오산,1,2.098,25.2,39.42
110150,오산,1,2.317,27.8,39.42
127086,오산대,1,3.092,37.1,36.67
114664,오산대,1,3.514,42.2,36.67
8016,오산,1,1.413,17.0,39.42
119469,오산대,1,3.572,42.9,36.67
115543,오산대,1,1.986,23.8,36.67
127192,오산대,1,3.205,38.5,36.67
27337,병점,1,0.962,11.5,32.38
26219,서동탄,1,0.772,9.3,33.67
11173,병점,1,0.995,11.9,32.38
26218,서동탄,1,0.542,6.5,33.67
9810,병점,1,0.692,8.3,32.38
12482,서동탄,1,0.987,11.8,33.67
141520,서동탄,1,0.724,8.7,33.67
124735,병점,1,0.637,7.6,32.38
11320,병점,1,1.017,12.2,32.38
9762,병점,1,0.981,11.8,32.38
23766,서동탄,1,0.875,10.5,33.67
27101,병점,1,1.166,14.0,32.38
26988,병점,1,1.212,14.5,32.38
112392,서동탄,1,0.764,9.2,33.67
11194,서동탄,1,0.374,4.5,33.67
18496,세마,1,1.034,12.4,34.58
23768,서동탄,1,0.976,11.7,33.67
11195,서동탄,1,0.963,11.6,33.67
114567,서동탄,1,0.803,9.6,33.67
110124,병점,1,2.376,28.5,32.38
23758,병점,1,2.39,28.7,32.38
19208,서동탄,1,1.362,16.3,33.67
22065,서동탄,1,1.471,17.7,33.67
8850,병점,1,0.506,6.1,32.38
19200,서동탄,1,1.608,19.3,33.67
19203,서동탄,1,1.584,19.0,33.67
22090,서동탄,1,2.042,24.5,33.67
127686,서동탄,1,1.384,16.6,33.67
23771,서동탄,1,1.144,13.7,33.67
19206,서동탄,1,1.704,20.4,33.67
9074,병점,1,0.862,10.3,32.38
19672,서동탄,1,1.833,22.0,33.67
19358,서동탄,1,1.738,20.9,33.67
118008,상갈,B,5.107,61.3,27.21
115434,서동탄,1,4.769,57.2,33.67
2529,상갈,B,2.432,29.2,27.21
8991,상갈,B,3.4,40.8,27.21
112841,상갈,B,4.894,58.7,27.21
13080,상갈,B,3.361,40.3,27.21
19534,상갈,B,2.106,25.3,27.21
2525,상갈,B,1.137,13.6,27.21
3686,상갈,B,1.263,15.2,27.21
22472,상갈,B,1.399,16.8,27.21
3694,상갈,B,1.556,18.7,27.21
26142,상갈,B,1.596,19.2,27.21
9993,상갈,B,1.521,18.3,27.21
3683,상갈,B,0.137,1.6,27.21
3684,상갈,B,0.656,7.9,27.21
2524,어정,E,0.426,5.1,26.83
106774,신갈,B,0.498,6.0,24.68
2199,지석,E,0.873,10.5,27.14
3685,상갈,B,0.174,2.1,27.21
9624,지석,E,0.313,3.8,27.14
9930,강남대,E,0.262,3.1,26.78
17347,지석,E,0.123,1.5,27.14
11120,어정,E,0.52,6.2,26.83
3687,상갈,B,0.37,4.4,27.21
2528,신갈,B,0.119,1.4,24.68
25298,지석,E,0.435,5.2,27.14
9256,지석,E,0.312,3.7,27.14
8894,어정,E,0.543,6.5,26.83
101375,어정,E,0.959,11.5,26.83
11362,어정,E,1.396,16.8,26.83
25297,강남대,E,0.459,5.5,26.78
111385,기흥,"B, E",0.386,4.6,25.93
109996,기흥,"B, E",0.146,1.8,25.93
103714,어정,E,0.533,6.4,26.83
9631,신갈,B,0.135,1.6,24.68
24954,지석,E,1.093,13.1,27.14
109211,영통,B,1.554,18.6,27.67
23776,서동탄,1,2.975,35.7,33.67
103169,영통,B,1.764,21.2,27.67
103170,영통,B,1.343,16.1,27.67
18502,동백,E,1.728,20.7,27.74
184257,어정,E,0.719,8.6,26.83
18501,동백,E,1.706,20.5,27.74
14051,동백,E,1.42,17.0,27.74
26804,어정,E,2.494,29.9,26.83
122235,어정,E,1.133,13.6,26.83
26805,어정,E,2.131,25.6,26.83
14039,어정,E,1.438,17.3,26.83
14031,어정,E,1.468,17.6,26.83
14035,어정,E,1.257,15.1,26.83
14050,동백,E,1.568,18.8,27.74
14045,동백,E,1.449,17.4,27.74
10376,어정,E,0.906,10.9,26.83
17645,동백,E,1.937,23.2,27.74
17542,어정,E,1.517,18.2,26.83
22631,어정,E,0.714,8.6,26.83
17644,어정,E,1.646,19.8,26.83
14038,어정,E,1.893,22.7,26.83
101395,어정,E,0.906,10.9,26.83
14036,동백,E,1.17,14.0,27.74
22633,어정,E,1.115,13.4,26.83
26355,어정,E,2.824,33.9,26.83
19101,신갈,B,0.436,5.2,24.68
2509,신갈,B,1.311,15.7,24.68
2196,보정,B,1.797,21.6,21.79
119885,구성,B,1.211,14.5,23.17
2197,구성,B,1.763,21.2,23.17
8106,구성,B,0.742,8.9,23.17
8443,구성,B,0.546,6.6,23.17
3893,구성,B,0.757,9.1,23.17
2523,구성,B,0.74,8.9,23.17
162257,구성,B,0.604,7.2,23.17
101508,신갈,B,1.447,17.4,24.68
101488,구성,B,1.207,14.5,23.17
3894,구성,B,1.68,20.2,23.17
8107,구성,B,0.668,8.0,23.17
3681,보정,B,1.81,21.7,21.79
26086,보정,B,1.875,22.5,21.79
8079,구성,B,1.421,17.1,23.17
3680,신갈,B,1.552,18.6,24.68
8441,구성,B,0.359,4.3,23.17
8428,신갈,B,1.009,12.1,24.68
8245,신갈,B,1.735,20.8,24.68
8080,신갈,B,1.116,13.4,24.68
3678,보정,B,0.356,4.3,21.79
12103,보정,B,0.657,7.9,21.79
9303,보정,B,0.769,9.2,21.79
3677,신갈,B,1.312,15.7,24.68
8604,구성,B,0.923,11.1,23.17
10425,상갈,B,1.354,16.2,27.21
2203,상갈,B,1.37,16.4,27.21
8820,상갈,B,1.416,17.0,27.21
133722,상갈,B,1.147,13.8,27.21
113112,상갈,B,1.103,13.2,27.21
9772,상갈,B,0.969,11.6,27.21
115892,상갈,B,0.987,11.8,27.21
2225,수지구청,S,0.436,5.2,20.38
114527,수지구청,S,0.636,7.6,20.38
11098,동천,S,0.904,10.8,19.0
8727,죽전,B,0.911,10.9,20.55
8728,죽전,B,0.845,10.1,20.55
107215,죽전,B,0.901,10.8,20.55
148722,수지구청,S,0.442,5.3,20.38
8213,수지구청,S,0.56,6.7,20.38
113712,기흥,"B, E",1.429,17.1,25.93
113723,상갈,B,1.334,16.0,27.21
9743,기흥,"B, E",0.899,10.8,25.93
115242,동백,E,0.351,4.2,27.74
11443,동백,E,0.499,6.0,27.74
14042,동백,E,0.32,3.8,27.74
14041,동백,E,0.21,2.5,27.74
3682,신갈,B,0.601,7.2,24.68
2527,신갈,B,0.473,5.7,24.68
3690,신갈,B,0.36,4.3,24.68
3691,신갈,B,0.717,8.6,24.68
2200,초당,E,1.575,18.9,28.82
3674,지석,E,1.394,16.7,27.14
9553,지석,E,1.584,19.0,27.14
11287,지석,E,2.002,24.0,27.14
3740,수지구청,S,0.65,7.8,20.38
119831,수지구청,S,1.156,13.9,20.38
115593,수지구청,S,1.116,13.4,20.38
8465,동천,S,0.783,9.4,19.0
115644,동천,S,1.113,13.4,19.0
26758,동천,S,1.103,13.2,19.0
26759,동천,S,1.307,15.7,19.0
110798,동천,S,1.486,17.8,19.0
2511,성복,S,0.578,6.9,21.02
3707,성복,S,0.535,6.4,21.02
2215,성복,S,0.632,7.6,21.02
8692,성복,S,0.484,5.8,21.02
3748,수지구청,S,0.614,7.4,20.38
8212,성복,S,0.422,5.1,21.02
26925,성복,S,1.433,17.2,21.02
3095,성복,S,1.091,13.1,21.02
10959,수지구청,S,0.84,10.1,20.38
3439,성복,S,1.057,12.7,21.02
3713,상현,S,0.565,6.8,22.55
111361,상현,S,0.925,11.1,22.55
113539,성복,S,0.981,11.8,21.02
121999,성복,S,0.74,8.9,21.02
3701,성복,S,0.835,10.0,21.02
8484,성복,S,0.296,3.6,21.02
9125,성복,S,1.331,16.0,21.02
3093,성복,S,0.295,3.5,21.02
8425,성복,S,0.597,7.2,21.02
8423,성복,S,1.023,12.3,21.02
2221,수지구청,S,1.089,13.1,20.38
3696,성복,S,0.705,8.5,21.02
120540,성복,S,0.568,6.8,21.02
8460,성복,S,0.745,8.9,21.02
3746,수지구청,S,0.363,4.4,20.38
2218,수지구청,S,0.57,6.8,20.38
3741,수지구청,S,0.156,1.9,20.38
11231,수지구청,S,0.447,5.4,20.38
3745,수지구청,S,0.245,2.9,20.38
25328,성복,S,0.852,10.2,21.02
3744,수지구청,S,0.822,9.9,20.38
3750,수지구청,S,0.443,5.3,20.38
8439,성복,S,0.799,9.6,21.02
107019,성복,S,1.789,21.5,21.02
102710,성복,S,1.958,23.5,21.02
26926,성복,S,1.701,20.4,21.02
3747,성복,S,0.749,9.0,21.02
11232,수지구청,S,0.792,9.5,20.38
3743,수지구청,S,0.693,8.3,20.38
8437,성복,S,1.099,13.2,21.02
8246,성복,S,1.415,17.0,21.02
9896,구성,B,0.912,10.9,23.17
26527,성복,S,1.899,22.8,21.02
126607,성복,S,2.465,29.6,21.02
10065,성복,S,1.83,22.0,21.02
26528,성복,S,2.196,26.4,21.02
2227,둔전,E,0.409,4.9,30.47
140557,보평,E,0.34,4.1,31.47
2226,둔전,E,0.325,3.9,30.47
139952,둔전,E,0.629,7.5,30.47
115451,고진,E,0.725,8.7,32.63
17217,보평,E,0.974,11.7,31.47
113412,고진,E,0.389,4.7,32.63
11471,보평,E,1.636,19.6,31.47
9862,고진,E,1.476,17.7,32.63
142758,고진,E,0.819,9.8,32.63
2228,둔전,E,0.463,5.6,30.47
137068,고진,E,0.195,2.3,32.63
9543,고진,E,1.475,17.7,32.63
9855,보평,E,1.07,12.8,31.47
142757,고진,E,0.769,9.2,32.63
10201,보평,E,0.791,9.5,31.47
9854,고진,E,1.342,16.1,32.63
11511,명지대,E,0.31,3.7,32.27
113508,명지대,E,0.411,4.9,32.27
2531,운동장·송담대,E,0.85,10.2,33.06
140881,운동장·송담대,E,0.492,5.9,33.06
114290,김량장,E,0.198,2.4,32.68
132869,명지대,E,1.053,12.6,32.27
110119,명지대,E,1.023,12.3,32.27
2532,운동장·송담대,E,0.623,7.5,33.06
110227,명지대,E,0.581,7.0,32.27
145475,김량장,E,0.559,6.7,32.68
145472,김량장,E,0.662,7.9,32.68
25539,김량장,E,0.549,6.6,32.68
27051,김량장,E,0.181,2.2,32.68
19105,운동장·송담대,E,0.879,10.5,33.06
110816,시청·용인대,E,0.961,11.5,31.7
10074,전대·에버랜드,E,5.872,70.5,29.08
10453,전대·에버랜드,E,6.128,73.5,29.08
101726,초월,KK,5.899,70.8,27.74
10454,전대·에버랜드,E,6.124,73.5,29.08
146946,초월,KK,5.023,60.3,27.74
9211,삼가,E,0.452,5.4,31.04
9209,삼가,E,0.458,5.5,31.04
9200,시청·용인대,E,0.492,5.9,31.7
103431,삼가,E,0.351,4.2,31.04
101050,삼가,E,0.545,6.5,31.04
103430,삼가,E,0.25,3.0,31.04
147941,고진,E,6.396,76.8,32.63
147939,고진,E,6.549,78.6,32.63
147940,고진,E,6.679,80.1,32.63
9656,둔전,E,0.431,5.2,30.47
2538,둔전,E,0.241,2.9,30.47
18367,둔전,E,0.235,2.8,30.47
100729,김량장,E,10.953,131.4,32.68
102503,둔전,E,0.977,11.7,30.47
10381,보평,E,0.974,11.7,31.47
2079,당정,1,2.579,30.9,18.52
8533,군포,1,2.798,33.6,17.44
2084,당정,1,2.55,30.6,18.52
2075,군포,1,2.744,32.9,17.44
2083,당정,1,2.756,33.1,18.52
118734,인덕원,4,4.456,53.5,11.62
115552,인덕원,4,4.359,52.3,11.62
115556,인덕원,4,4.106,49.3,11.62
8780,의왕,1,0.746,9.0,20.96
25996,인덕원,4,2.356,28.3,11.62
115558,인덕원,4,4.678,56.1,11.62
,,,,,
2147,하남풍산,5,2.179,26.1,16.69
2148,하남풍산,5,2.147,25.8,16.69
27884,하남풍산,5,1.964,23.6,16.69
3724,하남풍산,5,2.171,26.1,16.69
124165,하남풍산,5,0.985,11.8,16.69
25270,하남풍산,5,0.806,9.7,16.69
117769,하남풍산,5,1.18,14.2,16.69
110547,하남풍산,5,1.566,18.8,16.69
2151,하남풍산,5,1.638,19.7,16.69
2149,하남풍산,5,1.898,22.8,16.69
2153,하남풍산,5,1.923,23.1,16.69
119713,하남풍산,5,1.356,16.3,16.69
132188,미사,5,0.771,9.3,16.24
2146,하남풍산,5,1.183,14.2,16.69
19152,하남풍산,5,1.493,17.9,16.69
11038,하남풍산,5,1.738,20.9,16.69
9663,하남풍산,5,1.38,16.6,16.69
114092,하남풍산,5,1.242,14.9,16.69
115679,하남풍산,5,1.59,19.1,16.69
144365,하남풍산,5,0.954,11.4,16.69
26460,하남풍산,5,1.241,14.9,16.69
10204,하남풍산,5,1.026,12.3,16.69
108350,하남풍산,5,0.832,10.0,16.69
25271,하남풍산,5,0.12,1.4,16.69
8719,하남풍산,5,1.224,14.7,16.69
8305,하남풍산,5,1.963,23.6,16.69
2145,하남풍산,5,0.923,11.1,16.69
2856,하남풍산,5,1.854,22.2,16.69
165797,미사,5,0.548,6.6,16.24
141066,도심,K,0.246,3.0,19.45
8081,도심,K,0.768,9.2,19.45
3947,도심,K,0.502,6.0,19.45
8796,도심,K,0.277,3.3,19.45
3941,도심,K,0.21,2.5,19.45
10179,도심,K,0.422,5.1,19.45
3591,도심,K,0.652,7.8,19.45
8095,도심,K,0.257,3.1,19.45
3590,도심,K,0.433,5.2,19.45
3946,덕소,K,0.225,2.7,18.8
3944,덕소,K,0.145,1.7,18.8
3593,덕소,K,0.19,2.3,18.8
115601,도농,K,1.648,19.8,17.05
2154,팔당,K,1.786,21.4,19.86
2155,팔당,K,2.022,24.3,19.86
121615,오산대,1,2.807,33.7,36.67
14371,오산대,1,3.482,41.8,36.67
115424,오산대,1,3.201,38.4,36.67
109947,오산대,1,3.059,36.7,36.67
11109,병점,1,0.646,7.8,32.38
12982,병점,1,1.588,19.1,32.38
12959,병점,1,0.829,9.9,32.38
25730,병점,1,1.311,15.7,32.38
110459,병점,1,2.118,25.4,32.38
23782,서동탄,1,2.848,34.2,33.67
19204,서동탄,1,2.033,24.4,33.67
23778,서동탄,1,1.283,15.4,33.67
8814,병점,1,1.726,20.7,32.38
26383,서동탄,1,1.309,15.7,33.67
105746,망포,B,2.547,30.6,28.15
23769,병점,1,2.269,27.2,32.38
9329,병점,1,2.244,26.9,32.38
26216,서동탄,1,1.577,18.9,33.67
19451,병점,1,1.286,15.4,32.38
18431,병점,1,1.197,14.4,32.38
9090,병점,1,1.09,13.1,32.38
23764,서동탄,1,2.491,29.9,33.67
23777,병점,1,1.59,19.1,32.38
27210,서동탄,1,1.529,18.3,33.67
19675,서동탄,1,2.219,26.6,33.67
19357,서동탄,1,2.195,26.3,33.67
22290,서동탄,1,1.932,23.2,33.67
19201,서동탄,1,2.157,25.9,33.67
9091,병점,1,1.524,18.3,32.38
25959,서동탄,1,1.563,18.8,33.67
22091,서동탄,1,2.469,29.6,33.67
11472,병점,1,0.986,11.8,32.38
25960,서동탄,1,1.976,23.7,33.67
168057,오산대,1,5.827,69.9,36.67
129864,오산대,1,5.789,69.5,36.67
108408,서동탄,1,5.786,69.4,33.67
109078,오산대,1,3.648,43.8,36.67
106551,오산대,1,5.846,70.2,36.67
111626,오산대,1,6.191,74.3,36.67
115473,오산대,1,5.381,64.6,36.67
106549,오산대,1,5.626,67.5,36.67
191177,오산대,1,6.003,72.0,36.67
111113,오산대,1,5.703,68.4,36.67
113408,오산대,1,5.92,71.0,36.67
108370,오산대,1,4.025,48.3,36.67
115544,오산대,1,4.055,48.7,36.67
177678,오산대,1,4.664,56.0,36.67
109208,서동탄,1,5.538,66.5,33.67
112840,오산대,1,6.244,74.9,36.67
114415,오산대,1,4.635,55.6,36.67
106155,서동탄,1,4.784,57.4,33.67
106553,오산대,1,5.909,70.9,36.67
152683,오산대,1,4.759,57.1,36.67
115463,오산대,1,5.827,69.9,36.67
109804,오산대,1,5.016,60.2,36.67
106552,오산대,1,5.597,67.2,36.67
115506,오산대,1,5.644,67.7,36.67
160319,오산대,1,3.664,44.0,36.67
113538,오산대,1,4.042,48.5,36.67
165262,오산대,1,4.476,53.7,36.67
105407,서동탄,1,5.14,61.7,33.67
110838,오산대,1,5.998,72.0,36.67
108481,오산대,1,4.242,50.9,36.67
168399,오산대,1,4.886,58.6,36.67
109931,서동탄,1,3.432,41.2,33.67
109932,서동탄,1,3.605,43.3,33.67
110140,서동탄,1,3.619,43.4,33.67
114379,오산대,1,4.054,48.6,36.67
112401,오산대,1,4.009,48.1,36.67
114416,오산대,1,4.389,52.7,36.67
114417,오산대,1,4.706,56.5,36.67
114414,오산대,1,4.862,58.3,36.67
115471,오산대,1,5.86,70.3,36.67
117065,오산,1,4.266,51.2,39.42
115950,오산,1,5.099,61.2,39.42
111353,오산대,1,4.837,58.0,36.67
115948,오산,1,5.142,61.7,39.42
115536,오산대,1,5.862,70.3,36.67
118154,오산,1,4.25,51.0,39.42
105405,서동탄,1,4.428,53.1,33.67
110837,서동탄,1,5.874,70.5,33.67
110026,서동탄,1,4.901,58.8,33.67
106031,서동탄,1,4.493,53.9,33.67
106690,서동탄,1,5.346,64.2,33.67
108407,서동탄,1,5.316,63.8,33.67
106558,서동탄,1,4.306,51.7,33.67
105414,서동탄,1,4.613,55.4,33.67
105415,서동탄,1,5.674,68.1,33.67
106154,서동탄,1,4.739,56.9,33.67
107542,서동탄,1,5.042,60.5,33.67
106548,서동탄,1,5.448,65.4,33.67
10167,서동탄,1,5.385,64.6,33.67
112842,서동탄,1,4.541,54.5,33.67
105416,서동탄,1,5.936,71.2,33.67
107651,삼가,E,5.807,69.7,31.04
16291,야목,B,9.54,114.5,29.2
136146,야목,B,6.921,83.1,29.2
163398,야목,B,7.835,94.0,29.2
12928,야목,B,9.149,109.8,29.2
181938,야목,B,8.054,96.6,29.2
137942,야목,B,6.89,82.7,29.2
110293,야목,B,8.543,102.5,29.2
107719,야목,B,8.526,102.3,29.2
26656,야목,B,7.476,89.7,29.2
113506,야목,B,8.869,106.4,29.2
113039,야목,B,7.624,91.5,29.2
132322,야목,B,8.833,106.0,29.2
113383,사리,B,3.377,40.5,27.53
115819,원시,SH,3.104,37.2,30.4
121988,사리,B,3.04,36.5,27.53
125004,원시,SH,2.814,33.8,30.4
115818,고잔,"4, B",3.026,36.3,27.02
115899,사리,B,3.18,38.2,27.53
125003,원시,SH,2.726,32.7,30.4
18926,고잔,"4, B",2.333,28.0,27.02
15231,어천,B,21.058,252.7,29.49
102711,어천,B,19.411,232.9,29.49
10470,병점,1,0.767,9.2,32.38
10717,병점,1,0.577,6.9,32.38
17633,병점,1,1.042,12.5,32.38
11455,병점,1,1.171,14.1,32.38
10543,병점,1,2.062,24.7,32.38
13897,병점,1,2.203,26.4,32.38
141130,병점,1,2.575,30.9,32.38
141062,병점,1,2.819,33.8,32.38
14372,병점,1,1.693,20.3,32.38
19177,병점,1,1.045,12.5,32.38
13111,오목천,B,3.454,41.4,28.86
141620,오목천,B,2.509,30.1,28.86
22211,오목천,B,2.038,24.5,28.86
125772,오목천,B,2.636,31.6,28.86
117278,오목천,B,3.181,38.2,28.86
18690,오목천,B,3.682,44.2,28.86
129104,오목천,B,2.832,34.0,28.86
11806,오목천,B,2.025,24.3,28.86
109163,오목천,B,3.399,40.8,28.86
151323,오목천,B,2.334,28.0,28.86
14547,오목천,B,3.221,38.7,28.86
12047,오목천,B,2.54,30.5,28.86
26548,오목천,B,3.401,40.8,28.86
125771,오목천,B,2.851,34.2,28.86
25045,오목천,B,3.326,39.9,28.86
157686,오목천,B,2.509,30.1,28.86
10135,오목천,B,3.224,38.7,28.86
25088,오목천,B,3.165,38.0,28.86
15234,오목천,B,2.181,26.2,28.86
101455,오목천,B,3.268,39.2,28.86
25986,오목천,B,3.243,38.9,28.86
118211,오목천,B,2.611,31.3,28.86
137070,오목천,B,2.343,28.1,28.86
138266,오목천,B,2.477,29.7,28.86
10529,오목천,B,3.247,39.0,28.86
126335,오목천,B,3.151,37.8,28.86
24980,오목천,B,2.903,34.8,28.86
25044,오목천,B,3.25,39.0,28.86
9681,오목천,B,3.284,39.4,28.86
134507,오목천,B,2.378,28.5,28.86
15381,오목천,B,2.546,30.6,28.86
106204,오목천,B,2.41,28.9,28.86
134508,오목천,B,2.17,26.0,28.86
148023,야목,B,2.029,24.3,29.2
146784,야목,B,1.867,22.4,29.2
148032,야목,B,2.389,28.7,29.2
26738,세마,1,5.936,71.2,34.58
