단지번호,단지명,동,시구,매칭_방식,전고점_만원,전고점_거래일,전저점_만원,전저점_거래일,직전거래_만원,직전거래_거래일,회복률_pct,최근6개월_거래수,매칭_거래수
483,대치2단지,개포동,강남구,none,,,,,,,,,
419,대청,개포동,강남구,none,,,,,,,,,
128527,개포자이프레지던스,개포동,강남구,exact,335000.0,2025-11-01,190000.0,2023-07-25,285000.0,2026-04-24,85.1,11.0,37.0
134062,디에이치퍼스티어아이파크,개포동,강남구,exact,270000.0,2025-02-22,140000.0,2025-01-16,165000.0,2026-02-05,61.1,2.0,6.0
119219,개포래미안포레스트,개포동,강남구,exact,325000.0,2025-12-30,212000.0,2023-04-24,324000.0,2026-01-31,99.7,3.0,35.0
112228,래미안블레스티지,개포동,강남구,exact,460000.0,2025-05-10,123000.0,2019-08-28,340000.0,2026-04-25,73.9,16.0,371.0
11698,도곡렉슬,개포동,강남구,exact,400000.0,2025-11-08,110000.0,2016-07-08,365000.0,2026-04-23,91.2,7.0,398.0
121971,디에이치자이개포,개포동,강남구,exact,390000.0,2025-11-03,150000.0,2022-08-25,375000.0,2026-01-24,96.2,1.0,57.0
3040,도곡삼성래미안,개포동,강남구,fuzzy,330000.0,2025-07-18,95000.0,2016-06-08,300000.0,2026-04-04,90.9,2.0,76.0
100559,래미안도곡카운티,개포동,강남구,exact,395000.0,2025-11-03,120000.0,2016-08-17,395000.0,2025-11-03,100.0,0.0,25.0
135,대치삼성1차,개포동,강남구,exact,347000.0,2025-10-31,92800.0,2016-05-16,347000.0,2025-10-31,100.0,0.0,64.0
19418,대치아이파크,개포동,강남구,exact,550000.0,2025-07-04,94000.0,2016-06-21,470000.0,2026-04-22,85.5,7.0,314.0
113151,디에이치아너힐즈,개포동,강남구,exact,390000.0,2025-12-16,227000.0,2020-06-10,355000.0,2026-04-06,91.0,2.0,65.0
14142,역삼푸르지오,개포동,강남구,exact,335000.0,2025-10-25,74500.0,2016-06-09,260000.0,2026-04-22,77.6,7.0,316.0
394,래미안그레이튼3차,개포동,강남구,exact,348000.0,2025-10-23,80000.0,2017-10-11,298000.0,2026-04-22,85.6,1.0,130.0
983,푸른마을,개포동,강남구,none,,,,,,,,,
13814,역삼래미안,개포동,강남구,exact,350000.0,2025-10-30,91000.0,2016-06-08,322400.0,2026-03-23,92.1,3.0,113.0
837,래미안그레이튼2차,개포동,강남구,exact,348000.0,2025-10-23,80000.0,2017-10-11,298000.0,2026-04-22,85.6,1.0,130.0
113125,래미안개포루체하임,개포동,강남구,exact,342000.0,2025-11-01,150000.0,2019-06-05,304000.0,2026-04-11,88.9,3.0,73.0
180280,래미안대치팰리스,개포동,강남구,exact,475000.0,2025-11-06,139200.0,2016-05-18,430000.0,2026-04-16,90.5,4.0,205.0
65,"개포우성1,2차",개포동,강남구,fuzzy,284000.0,2025-05-19,96000.0,2016-05-10,284000.0,2025-05-19,100.0,0.0,42.0
1321,현대2차,개포동,강남구,exact,720000.0,2025-06-27,126500.0,2016-05-15,530000.0,2026-04-19,73.6,1.0,200.0
667,우성3차,개포동,강남구,exact,105000.0,2021-03-16,74000.0,2018-03-25,105000.0,2021-03-16,100.0,0.0,2.0
874,샘터마을,개포동,강남구,exact,300000.0,2025-11-01,120000.0,2017-07-24,300000.0,2025-11-01,100.0,0.0,4.0
28,경남,개포동,강남구,exact,440000.0,2025-07-25,59500.0,2016-05-18,229000.0,2025-12-06,52.0,1.0,240.0
1317,현대1차,개포동,강남구,exact,720000.0,2025-06-27,126500.0,2016-05-15,595000.0,2025-10-24,82.6,0.0,96.0
154,"선경1,2차",개포동,강남구,none,,,,,,,,,
168097,메이플자이,논현동,강남구,none,,,,,,,,,
125080,디에이치반포라클라스,논현동,강남구,none,,,,,,,,,
111332,삼성센트럴아이파크,논현동,강남구,none,,,,,,,,,
980,삼성청담공원,논현동,강남구,fuzzy,220000.0,2025-06-26,86500.0,2016-05-14,220000.0,2025-06-26,100.0,0.0,23.0
109227,역삼자이,논현동,강남구,exact,300000.0,2025-02-23,129500.0,2017-05-26,300000.0,2025-02-25,100.0,0.0,36.0
109119,서초푸르지오써밋,논현동,강남구,none,,,,,,,,,
13813,역삼e-편한세상,논현동,강남구,none,,,,,,,,,
132385,신반포르엘,논현동,강남구,none,,,,,,,,,
114533,래미안신반포리오센트,논현동,강남구,none,,,,,,,,,
127477,래미안라클래시,논현동,강남구,exact,445000.0,2026-03-25,300000.0,2023-09-27,445000.0,2026-03-25,100.0,1.0,18.0
127482,강남센트럴아이파크,논현동,강남구,exact,335000.0,2025-03-04,276000.0,2024-06-24,330000.0,2025-03-14,98.5,0.0,12.0
17528,개나리푸르지오,논현동,강남구,exact,330000.0,2025-06-12,117000.0,2016-06-18,330000.0,2025-06-12,100.0,0.0,16.0
112008,반포래미안아이파크,논현동,강남구,none,,,,,,,,,
111687,반포써밋,논현동,강남구,none,,,,,,,,,
511,강변,논현동,강남구,none,,,,,,,,,
473,서광,논현동,강남구,none,,,,,,,,,
22853,반포자이,논현동,강남구,none,,,,,,,,,
428,삼성롯데,논현동,강남구,none,,,,,,,,,
25772,래미안서초스위트,논현동,강남구,none,,,,,,,,,
101887,반포리체,논현동,강남구,none,,,,,,,,,
18967,롯데캐슬프레미어,논현동,강남구,exact,470000.0,2025-06-27,110000.0,2017-05-30,377000.0,2026-04-24,80.2,3.0,201.0
742,미성2차,논현동,강남구,exact,770000.0,2025-08-22,107000.0,2016-05-23,420000.0,2026-04-22,54.5,4.0,311.0
104032,테헤란아이파크,논현동,강남구,exact,338000.0,2021-10-08,235500.0,2020-05-14,320000.0,2024-01-10,94.7,0.0,5.0
24009,삼성힐스테이트1단지,논현동,강남구,fuzzy,455000.0,2025-07-16,144500.0,2016-05-23,455000.0,2025-07-16,100.0,0.0,34.0
108228,래미안신반포팰리스,논현동,강남구,none,,,,,,,,,
108825,아크로힐스논현,논현동,강남구,exact,365000.0,2025-12-09,144000.0,2017-09-17,345000.0,2026-02-20,94.5,2.0,51.0
481,삼풍,논현동,강남구,none,,,,,,,,,
18,논현신동아,논현동,강남구,none,,,,,,,,,
11844,롯데캐슬클래식,논현동,강남구,none,,,,,,,,,
3,동현,논현동,강남구,none,,,,,,,,,
541,한강,논현동,강남구,none,,,,,,,,,
135597,대치푸르지오써밋,대치동,강남구,exact,375000.0,2025-11-07,175000.0,2023-12-06,375000.0,2025-11-07,100.0,0.0,10.0
640,현대,대치동,강남구,exact,650000.0,2025-07-04,134500.0,2016-05-26,460000.0,2026-04-14,70.8,4.0,315.0
971,대치현대,대치동,강남구,exact,360000.0,2026-01-21,88000.0,2016-05-28,285000.0,2026-04-21,79.2,3.0,65.0
22627,잠실엘스,대치동,강남구,none,,,,,,,,,
18213,개나리래미안,대치동,강남구,exact,368500.0,2025-09-15,81700.0,2016-08-17,350000.0,2025-11-08,95.0,0.0,157.0
490,우성5차,도곡동,강남구,exact,105000.0,2021-03-16,52000.0,2016-05-28,90000.0,2023-05-30,85.7,0.0,5.0
408,도곡한신,도곡동,강남구,none,,,,,,,,,
3048,경남,도곡동,강남구,exact,237000.0,2025-06-20,74400.0,2016-05-18,195000.0,2025-06-21,82.3,0.0,71.0
124311,래미안리더스원,도곡동,강남구,none,,,,,,,,,
504,양재우성,도곡동,강남구,none,,,,,,,,,
126726,서초그랑자이,도곡동,강남구,none,,,,,,,,,
111665,래미안서초에스티지S,도곡동,강남구,none,,,,,,,,,
110364,래미안서초에스티지,도곡동,강남구,none,,,,,,,,,
329,역삼럭키,도곡동,강남구,none,,,,,,,,,
24008,삼성힐스테이트2단지,삼성동,강남구,none,,,,,,,,,
1081,청담자이,삼성동,강남구,exact,480000.0,2025-03-21,87000.0,2016-05-27,280000.0,2026-04-16,58.3,7.0,243.0
182057,청담르엘,삼성동,강남구,none,,,,,,,,,
982,청담현대3차,삼성동,강남구,none,,,,,,,,,
499,한양5차,삼성동,강남구,exact,610000.0,2025-06-12,90000.0,2016-05-14,540000.0,2026-04-20,88.5,6.0,298.0
176758,아크로삼성,삼성동,강남구,none,,,,,,,,,
733,진흥,삼성동,강남구,none,,,,,,,,,
105735,강남자곡힐스테이트,세곡동,강남구,exact,167000.0,2026-02-02,41510.0,2021-10-26,167000.0,2026-02-02,100.0,2.0,32.0
103578,세곡푸르지오,세곡동,강남구,exact,200000.0,2025-11-15,69000.0,2016-06-18,195000.0,2026-04-29,97.5,4.0,218.0
109107,강남한신휴플러스6단지,세곡동,강남구,exact,160000.0,2021-06-25,68616.0,2016-08-31,150000.0,2025-10-28,93.8,0.0,35.0
102668,강남신동아파밀리에1단지,세곡동,강남구,exact,159500.0,2021-09-11,64000.0,2016-05-22,150000.0,2025-10-29,94.0,0.0,38.0
103602,강남LH1단지(e편한세상),세곡동,강남구,none,,,,,,,,,
113680,강남자곡아이파크,세곡동,강남구,exact,232000.0,2026-01-24,89000.0,2017-06-09,232000.0,2026-02-21,100.0,4.0,59.0
107457,래미안포레,세곡동,강남구,exact,193500.0,2026-04-21,64000.0,2016-06-05,193500.0,2026-04-21,100.0,1.0,88.0
102670,세곡리엔파크3단지,세곡동,강남구,exact,151000.0,2021-06-26,67000.0,2016-08-06,118000.0,2026-01-16,78.1,1.0,27.0
103252,강남데시앙파크,세곡동,강남구,exact,185000.0,2021-11-20,81000.0,2016-05-31,179000.0,2026-04-04,96.8,3.0,53.0
102669,강남신동아파밀리에2단지,세곡동,강남구,exact,159500.0,2021-09-11,54500.0,2016-05-25,150000.0,2026-01-26,94.0,1.0,83.0
107458,강남한양수자인,세곡동,강남구,exact,234000.0,2026-04-03,89500.0,2017-08-31,143200.0,2026-04-22,61.2,5.0,76.0
106166,강남브리즈힐,세곡동,강남구,exact,150000.0,2021-10-09,41000.0,2017-01-24,122000.0,2026-01-03,81.3,6.0,170.0
104967,래미안강남힐즈,세곡동,강남구,exact,240000.0,2025-12-06,88000.0,2017-01-25,220000.0,2026-04-30,91.7,16.0,340.0
827,수서1-2단지,수서동,강남구,none,,,,,,,,,
111515,헬리오시티,수서동,강남구,none,,,,,,,,,
641,까치마을,수서동,강남구,exact,207000.0,2026-01-08,37000.0,2016-05-23,190000.0,2026-04-30,91.8,54.0,786.0
671,신동아,수서동,강남구,exact,325000.0,2026-04-07,36000.0,2017-09-18,197000.0,2026-04-30,60.6,42.0,839.0
103139,래미안송파파인탑,수서동,강남구,none,,,,,,,,,
668,삼익,수서동,강남구,exact,279000.0,2021-10-09,54300.0,2016-06-10,218000.0,2026-04-01,78.1,6.0,319.0
595,가락대림,수서동,강남구,none,,,,,,,,,
594,가락금호,수서동,강남구,none,,,,,,,,,
8203,삼성,수서동,강남구,exact,275000.0,2025-10-27,99000.0,2016-11-26,240000.0,2025-11-01,87.3,0.0,22.0
1196,가락쌍용2차,수서동,강남구,none,,,,,,,,,
3751,잠실한솔,수서동,강남구,none,,,,,,,,,
107799,강남데시앙포레,수서동,강남구,exact,237500.0,2025-11-01,75274.0,2017-12-01,232000.0,2026-04-18,97.7,2.0,192.0
174198,잠실더샵루벤,수서동,강남구,none,,,,,,,,,
657,동익,수서동,강남구,exact,250000.0,2026-01-31,57000.0,2016-07-20,250000.0,2026-01-31,100.0,2.0,127.0
107544,송파파크하비오푸르지오,수서동,강남구,none,,,,,,,,,
111703,신반포자이,신사동,강남구,none,,,,,,,,,
3009,동아,신사동,강남구,fuzzy,325000.0,2026-04-07,70000.0,2016-07-04,239000.0,2026-04-29,73.5,5.0,96.0
518,신반포청구,신사동,강남구,none,,,,,,,,,
102737,한남더힐,신사동,강남구,none,,,,,,,,,
113295,아크로리버뷰신반포,신사동,강남구,none,,,,,,,,,
563,극동그린,압구정동,강남구,none,,,,,,,,,
562,옥수극동,압구정동,강남구,none,,,,,,,,,
1179,옥수삼성,압구정동,강남구,none,,,,,,,,,
564,옥수하이츠,압구정동,강남구,none,,,,,,,,,
1285,서초래미안,역삼동,강남구,none,,,,,,,,,
25929,송파파인타운10단지,율현동,강남구,none,,,,,,,,,
26471,송파파인타운8단지,율현동,강남구,none,,,,,,,,,
26107,송파파인타운9단지,율현동,강남구,none,,,,,,,,,
26106,송파파인타운7단지,율현동,강남구,none,,,,,,,,,
26479,송파파인타운2단지,율현동,강남구,none,,,,,,,,,
608,건영,율현동,강남구,none,,,,,,,,,
26472,송파파인타운5단지,율현동,강남구,none,,,,,,,,,
108405,트리마제,청담동,강남구,none,,,,,,,,,
93,자양우성3차,청담동,강남구,none,,,,,,,,,
99,한라,청담동,강남구,none,,,,,,,,,
87,한강우성,청담동,강남구,none,,,,,,,,,
88,대동,청담동,강남구,none,,,,,,,,,
135887,롯데캐슬리버파크시그니처,청담동,강남구,none,,,,,,,,,
908,삼성,청담동,강남구,exact,300000.0,2025-02-14,69000.0,2016-06-18,151000.0,2026-03-24,50.3,4.0,379.0
3418,강변건영,청담동,강남구,none,,,,,,,,,
