광역,시구,동,학교수,성취_평균_avg,성취_평균_max,특목고진학_합,특목고진학_avg,사립여부_비율
경기,과천시,중앙동,1,76.6,76.6,44.0,44.0,0.0
경기,과천시,코오롱로,1,82.8,82.8,63.0,63.0,0.0
경기,과천시,,1,77.4,77.4,3.0,3.0,0.0
경기,광명시,소하동,1,74.9,74.9,8.0,8.0,0.0
경기,광명시,,11,72.51818181818182,78.4,44.0,4.0,0.0
경기,광주시,경안동,1,71.3,71.3,0.0,0.0,0.0
경기,광주시,곤지암읍,1,72.4,72.4,0.0,0.0,0.0
경기,광주시,도척면,1,75.4,75.4,0.0,0.0,0.0
경기,광주시,송정동,1,78.4,78.4,0.0,0.0,1.0
경기,광주시,오포읍,2,71.2,72.7,2.0,1.0,0.0
경기,광주시,장지동,1,72.8,72.8,0.0,0.0,0.0
경기,광주시,초월읍,1,75.9,75.9,0.0,0.0,0.0
경기,광주시,태성로,1,82.7,82.7,0.0,,0.0
경기,광주시,태전동,1,82.5,82.5,0.0,0.0,0.0
경기,광주시,퇴촌면,1,78.8,78.8,3.0,3.0,0.0
경기,광주시,포돌이로,1,71.0,71.0,0.0,0.0,0.0
경기,군포시,곡란로,1,72.3,72.3,2.0,2.0,0.0
경기,군포시,금정동,2,70.44999999999999,74.8,3.0,1.5,0.0
경기,군포시,당동,3,74.60000000000001,78.4,7.0,2.3333333333333335,0.0
경기,군포시,당정동,1,69.8,69.8,3.0,3.0,0.0
경기,군포시,부곡동,1,70.5,70.5,3.0,3.0,0.0
경기,군포시,산본동,4,77.125,80.5,42.0,10.5,0.0
경기,김포시,감정동,1,74.5,74.5,0.0,0.0,0.0
경기,김포시,고촌읍,3,78.63333333333333,81.1,11.0,3.6666666666666665,0.0
경기,김포시,구래동,1,79.1,79.1,4.0,4.0,0.0
경기,김포시,대곶면,1,74.2,74.2,0.0,0.0,0.0
경기,김포시,봉화로,1,74.2,74.2,3.0,3.0,0.0
경기,김포시,북변동,1,79.0,79.0,14.0,14.0,0.0
경기,김포시,사우동,1,75.9,75.9,5.0,5.0,0.0
경기,김포시,양촌읍,2,71.0,72.8,1.0,0.5,0.5
경기,김포시,운양동,1,83.5,83.5,14.0,14.0,0.0
경기,김포시,월곶면,1,66.0,66.0,0.0,0.0,1.0
경기,김포시,장기동,2,74.25,75.1,17.0,8.5,0.0
경기,김포시,청송로,1,77.9,77.9,5.0,5.0,0.0
경기,김포시,통진읍,2,70.85,72.0,0.0,0.0,0.5
경기,김포시,풍무동,2,79.1,82.1,24.0,12.0,0.0
경기,김포시,하성면,1,78.4,78.4,0.0,0.0,0.0
경기,김포시,,3,74.93333333333334,76.1,17.0,5.666666666666667,0.0
경기,부천시,성주로,1,76.0,76.0,4.0,4.0,0.0
경기,부천시,양지남로,1,79.0,79.0,8.0,8.0,0.0
경기,부천시,양지로,1,73.8,73.8,4.0,4.0,0.0
경기,부천시,조마루로,1,79.3,79.3,6.0,6.0,0.0
경기,부천시,,1,70.1,70.1,0.0,0.0,0.0
경기,부천시 소사구,괴안동,2,69.75,72.7,3.0,1.5,0.0
경기,부천시 소사구,범박동,1,78.9,78.9,5.0,5.0,0.0
경기,부천시 소사구,소사본동,1,66.1,66.1,1.0,1.0,0.0
경기,부천시 소사구,송내동,1,75.0,75.0,4.0,4.0,0.0
경기,부천시 소사구,,2,65.75,65.8,3.0,1.5,0.0
경기,부천시 오정구,고강동,1,69.6,69.6,1.0,1.0,0.0
경기,부천시 오정구,내동,1,60.6,60.6,0.0,0.0,0.0
경기,부천시 오정구,여월동,2,73.5,74.8,5.0,2.5,0.0
경기,부천시 오정구,오정동,1,72.0,72.0,1.0,1.0,0.0
경기,부천시 오정구,작동,1,67.9,67.9,0.0,0.0,0.0
경기,부천시 원미구,상동,3,75.23333333333333,76.5,11.0,3.6666666666666665,0.0
경기,부천시 원미구,소사동,1,72.6,72.6,1.0,1.0,1.0
경기,부천시 원미구,원미동,1,60.2,60.2,0.0,0.0,0.0
경기,부천시 원미구,중동,3,73.89999999999999,77.9,9.0,3.0,0.0
경기,부천시 원미구,,7,71.78571428571429,79.9,22.0,3.142857142857143,0.0
경기,성남시 분당구,금곡동,1,78.5,78.5,0.0,,0.0
경기,성남시 분당구,금곡로,1,78.7,78.7,11.0,11.0,0.0
경기,성남시 분당구,동원동,1,72.9,72.9,0.0,0.0,1.0
경기,성남시 분당구,백현동,2,79.2,84.2,18.0,9.0,0.0
경기,성남시 분당구,분당동,1,72.2,72.2,4.0,4.0,0.0
경기,성남시 분당구,불정로,1,78.1,78.1,12.0,12.0,0.0
경기,성남시 분당구,삼평동,1,77.0,77.0,2.0,2.0,0.0
경기,성남시 분당구,서현동,2,80.7,81.7,30.0,15.0,0.0
경기,성남시 분당구,수내동,2,81.15,81.9,36.0,18.0,0.0
경기,성남시 분당구,야탑동,1,72.7,72.7,0.0,0.0,0.0
경기,성남시 분당구,양현로,1,79.0,79.0,5.0,5.0,0.0
경기,성남시 분당구,운중동,1,80.1,80.1,14.0,14.0,0.0
경기,성남시 분당구,이매동,2,77.75,78.6,17.0,8.5,0.0
경기,성남시 분당구,이매로,1,73.3,73.3,0.0,0.0,1.0
경기,성남시 분당구,정자동,4,76.65,80.1,33.0,8.25,0.0
경기,성남시 분당구,판교동,2,81.55,83.1,26.0,13.0,0.0
경기,성남시 분당구,,2,81.15,81.7,11.0,5.5,0.0
경기,성남시 수정구,단대동,3,70.63333333333334,74.0,1.0,0.3333333333333333,0.0
경기,성남시 수정구,수정로,1,71.0,71.0,3.0,3.0,0.0
경기,성남시 수정구,수진동,1,72.1,72.1,0.0,0.0,0.0
경기,성남시 수정구,창곡동,2,78.65,79.7,17.0,8.5,0.0
경기,성남시 수정구,태평동,1,75.2,75.2,1.0,1.0,0.0
경기,성남시 수정구,,2,71.35,74.0,2.0,1.0,0.5
경기,성남시 중원구,금광동,2,74.75,76.6,2.0,1.0,0.5
경기,성남시 중원구,도촌동,1,73.8,73.8,2.0,2.0,0.0
경기,성남시 중원구,성남동,2,73.5,76.8,0.0,0.0,0.5
경기,성남시 중원구,은행동,1,68.5,68.5,0.0,0.0,0.0
경기,성남시 중원구,하대원동,1,70.8,70.8,0.0,0.0,0.0
경기,성남시 중원구,,3,71.13333333333334,74.2,3.0,1.0,0.3333333333333333
경기,수원시 권선구,경수대로,1,66.4,66.4,0.0,0.0,0.0
경기,수원시 권선구,곡반정동,1,78.1,78.1,3.0,3.0,0.0
경기,수원시 권선구,구운동,1,65.9,65.9,0.0,0.0,0.0
경기,수원시 권선구,권선동,3,71.2,74.9,5.0,1.6666666666666667,0.0
경기,수원시 권선구,금곡동,2,75.6,76.7,7.0,3.5,0.0
경기,수원시 권선구,서둔동,1,69.7,69.7,0.0,0.0,0.0
경기,수원시 권선구,세류동,1,69.6,69.6,1.0,1.0,0.0
경기,수원시 권선구,오목천동,1,78.6,78.6,0.0,0.0,1.0
경기,수원시 권선구,호매실동,2,75.85,76.7,7.0,3.5,0.0
경기,수원시 권선구,,1,60.2,60.2,1.0,1.0,0.0
경기,수원시 영통구,망포동,1,75.6,75.6,4.0,4.0,0.0
경기,수원시 영통구,망포로,1,80.1,80.1,2.0,2.0,0.0
경기,수원시 영통구,매탄동,5,73.58,79.5,17.0,3.4,0.0
경기,수원시 영통구,영통동,4,79.75,82.6,20.0,5.0,0.0
경기,수원시 영통구,원천동,3,74.73333333333333,78.3,12.0,4.0,0.3333333333333333
경기,수원시 영통구,이의동,2,80.1,81.3,21.0,10.5,0.0
경기,수원시 영통구,청명북로,1,73.6,73.6,4.0,4.0,0.0
경기,수원시 영통구,태장로,1,79.8,79.8,7.0,7.0,0.0
경기,수원시 영통구,하동,1,77.7,77.7,4.0,4.0,0.0
경기,수원시 영통구,혜령로,1,76.2,76.2,19.0,19.0,0.0
경기,수원시 영통구,,1,77.5,77.5,7.0,7.0,0.0
경기,수원시 장안구,송죽동,1,70.4,70.4,0.0,0.0,0.0
경기,수원시 장안구,연무동,1,68.8,68.8,0.0,0.0,0.0
경기,수원시 장안구,영화동,1,67.6,67.6,0.0,0.0,0.0
경기,수원시 장안구,율전동,1,71.3,71.3,0.0,0.0,0.0
경기,수원시 장안구,이목동,1,74.2,74.2,5.0,5.0,0.0
경기,수원시 장안구,정자동,1,77.4,77.4,4.0,4.0,0.0
경기,수원시 장안구,조원동,2,75.8,77.8,3.0,1.5,0.0
경기,수원시 장안구,천천동,2,73.65,78.5,9.0,4.5,0.0
경기,수원시 장안구,파장동,1,71.8,71.8,0.0,0.0,0.0
경기,수원시 장안구,,2,75.5,75.8,10.0,5.0,0.0
경기,수원시 팔달구,매교동,1,73.6,73.6,1.0,1.0,1.0
경기,수원시 팔달구,매향동,2,67.55000000000001,71.4,0.0,0.0,1.0
경기,수원시 팔달구,우만동,1,74.4,74.4,2.0,2.0,0.0
경기,수원시 팔달구,화서동,2,68.9,70.0,4.0,2.0,0.0
경기,수원시 팔달구,,3,70.76666666666667,73.7,12.0,4.0,0.3333333333333333
경기,시흥시,거모동,1,70.6,70.6,0.0,0.0,0.0
경기,시흥시,거북섬남로,1,66.0,66.0,0.0,0.0,0.0
경기,시흥시,계수동,1,72.1,72.1,1.0,1.0,0.0
경기,시흥시,금오로,1,74.6,74.6,1.0,1.0,1.0
경기,시흥시,논곡동,1,67.2,67.2,0.0,0.0,0.0
경기,시흥시,능곡동,1,72.1,72.1,2.0,2.0,0.0
경기,시흥시,대야동,1,74.5,74.5,0.0,0.0,0.0
경기,시흥시,매화동,1,70.6,70.6,0.0,0.0,0.0
경기,시흥시,목감둘레로,1,74.1,74.1,3.0,3.0,0.0
경기,시흥시,서울대학로,1,75.8,75.8,0.0,0.0,0.0
경기,시흥시,신천동,1,74.3,74.3,0.0,0.0,0.0
경기,시흥시,월곶동,1,75.6,75.6,1.0,1.0,0.0
경기,시흥시,은행동,2,72.15,79.6,3.0,1.5,0.0
경기,시흥시,장곡동,2,74.1,77.3,4.0,2.0,0.0
경기,시흥시,장현동,1,74.6,74.6,0.0,0.0,0.0
경기,시흥시,정왕동,7,74.39999999999999,82.4,11.0,1.5714285714285714,0.0
경기,시흥시,하상동,1,78.2,78.2,1.0,1.0,0.0
경기,시흥시,,1,73.3,73.3,2.0,2.0,0.0
경기,안산시 단원구,고잔동,1,68.3,68.3,1.0,1.0,0.0
경기,안산시 단원구,달미로,1,68.0,68.0,0.0,0.0,0.0
경기,안산시 단원구,대부중앙로,1,76.0,76.0,0.0,0.0,0.0
경기,안산시 단원구,선부동,1,70.0,70.0,1.0,1.0,0.0
경기,안산시 단원구,선부로,1,60.4,60.4,0.0,0.0,0.0
경기,안산시 단원구,신길동,1,69.2,69.2,0.0,0.0,0.0
경기,안산시 단원구,와동,1,70.4,70.4,0.0,0.0,0.0
경기,안산시 단원구,원곡동,2,70.15,72.2,0.0,0.0,0.0
경기,안산시 단원구,초지동,1,68.8,68.8,0.0,0.0,0.0
경기,안산시 단원구,,5,68.58,74.3,6.0,1.2,0.0
경기,안산시 상록구,구룡서길,1,71.7,71.7,0.0,0.0,0.0
경기,안산시 상록구,본오동,1,65.1,65.1,0.0,0.0,0.0
경기,안산시 상록구,부곡동,1,70.8,70.8,0.0,0.0,0.0
경기,안산시 상록구,사동,2,65.45,73.7,2.0,1.0,0.0
경기,안산시 상록구,석호로,1,68.1,68.1,1.0,1.0,0.0
경기,안산시 상록구,성포동,1,69.9,69.9,0.0,0.0,0.0
경기,안산시 상록구,월피동,2,65.1,65.6,1.0,0.5,0.0
경기,안산시 상록구,장상동,1,73.6,73.6,0.0,0.0,1.0
경기,안산시 상록구,해양로,1,75.3,75.3,0.0,0.0,0.0
경기,안산시 상록구,,4,71.2,75.1,2.0,0.5,0.0
경기,안성시,공도읍,3,73.8,75.8,1.0,0.3333333333333333,0.0
경기,안성시,금산동,1,64.7,64.7,0.0,0.0,0.0
경기,안성시,낙원동,1,78.5,78.5,0.0,0.0,1.0
경기,안성시,당왕동,2,69.4,75.5,1.0,0.5,0.5
경기,안성시,봉남동,1,73.1,73.1,0.0,0.0,0.0
경기,안성시,서운면,1,67.1,67.1,0.0,0.0,0.0
경기,안성시,양성면,1,70.8,70.8,0.0,0.0,0.0
경기,안성시,일죽면,1,75.1,75.1,0.0,0.0,0.0
경기,안성시,죽산면,2,65.95,73.2,0.0,0.0,0.5
경기,안양시 동안구,관양동,1,76.3,76.3,0.0,0.0,0.0
경기,안양시 동안구,관평로,1,84.4,84.4,25.0,25.0,0.0
경기,안양시 동안구,범계동,1,82.2,82.2,18.0,18.0,0.0
경기,안양시 동안구,부림동,2,75.95,80.7,18.0,9.0,0.0
경기,안양시 동안구,부흥동,1,78.0,78.0,26.0,26.0,0.0
경기,안양시 동안구,비산동,1,69.6,69.6,1.0,1.0,0.0
경기,안양시 동안구,호계동,3,81.0,81.5,42.0,14.0,0.0
경기,안양시 동안구,호성로,1,78.2,78.2,5.0,5.0,0.0
경기,안양시 동안구,,4,78.725,81.5,71.0,17.75,0.0
경기,안양시 만안구,박달동,1,69.8,69.8,1.0,1.0,0.0
경기,안양시 만안구,석수로,1,74.8,74.8,4.0,4.0,0.0
경기,안양시 만안구,,7,69.04285714285714,76.6,15.0,2.142857142857143,0.5714285714285714
경기,여주시,가남읍,1,65.2,65.2,1.0,1.0,1.0
경기,여주시,능서면,2,84.25,86.1,0.0,0.0,0.5
경기,여주시,대신면,2,76.55000000000001,79.4,0.0,0.0,1.0
경기,여주시,북내면,1,67.2,67.2,0.0,0.0,1.0
경기,여주시,산북면,1,70.0,70.0,0.0,0.0,0.0
경기,여주시,상동,1,76.5,76.5,1.0,1.0,0.0
경기,여주시,세종로,1,74.9,74.9,0.0,0.0,0.0
경기,여주시,점동면,1,74.2,74.2,0.0,0.0,0.0
경기,여주시,흥천면,2,76.2,76.9,0.0,0.0,0.0
경기,오산시,금암동,1,73.0,73.0,0.0,0.0,0.0
경기,오산시,세교동,1,75.4,75.4,0.0,0.0,0.0
경기,오산시,오산동,1,74.6,74.6,2.0,2.0,0.0
경기,오산시,원동,3,75.7,77.4,4.0,1.3333333333333333,0.0
경기,오산시,청학동,1,74.0,74.0,1.0,1.0,1.0
경기,오산시,,3,73.60000000000001,79.0,1.0,0.5,0.0
경기,용인시 기흥구,구갈동,1,75.9,75.9,1.0,1.0,0.0
경기,용인시 기흥구,동백동,2,76.35,77.0,15.0,7.5,0.0
경기,용인시 기흥구,동백중앙로,1,77.1,77.1,10.0,10.0,0.0
경기,용인시 기흥구,마북동,1,76.6,76.6,7.0,7.0,0.0
경기,용인시 기흥구,보라동,2,74.15,74.8,8.0,4.0,0.0
경기,용인시 기흥구,보정동,1,81.8,81.8,17.0,17.0,0.0
경기,용인시 기흥구,상갈동,1,73.8,73.8,0.0,0.0,0.0
경기,용인시 기흥구,상하동,1,73.4,73.4,0.0,0.0,0.0
경기,용인시 기흥구,서천동,1,80.1,80.1,9.0,9.0,0.0
경기,용인시 기흥구,신갈동,1,75.1,75.1,1.0,1.0,0.0
경기,용인시 기흥구,언남동,1,72.5,72.5,6.0,6.0,0.0
경기,용인시 기흥구,영덕동,1,71.9,71.9,13.0,13.0,0.0
경기,용인시 기흥구,중동,1,79.1,79.1,6.0,6.0,0.0
경기,용인시 기흥구,청덕동,1,79.5,79.5,4.0,4.0,0.0
경기,용인시 기흥구,,2,74.85,78.4,6.0,3.0,0.0
경기,용인시 수지구,동천동,2,75.55000000000001,77.2,19.0,9.5,0.0
경기,용인시 수지구,상현동,2,79.0,79.5,33.0,16.5,0.0
경기,용인시 수지구,성복동,2,76.8,77.8,34.0,17.0,0.0
경기,용인시 수지구,신봉동,1,74.7,74.7,7.0,7.0,0.0
경기,용인시 수지구,죽전동,3,77.56666666666666,81.8,13.0,4.333333333333333,0.0
경기,용인시 수지구,풍덕천동,4,76.8,78.2,55.0,13.75,0.25
경기,용인시 수지구,,2,78.5,80.2,15.0,7.5,0.0
경기,용인시 처인구,고림동,2,75.4,79.2,1.0,1.0,0.0
경기,용인시 처인구,김량장동,2,74.5,80.1,3.0,1.5,0.0
경기,용인시 처인구,남동,1,61.9,61.9,1.0,1.0,1.0
경기,용인시 처인구,남사면,1,76.9,76.9,0.0,0.0,0.0
경기,용인시 처인구,남사읍,1,72.3,72.3,0.0,0.0,1.0
경기,용인시 처인구,모현면,1,74.3,74.3,2.0,2.0,0.0
경기,용인시 처인구,모현읍,1,69.9,69.9,0.0,,0.0
경기,용인시 처인구,백암면,1,70.1,70.1,0.0,0.0,0.0
경기,용인시 처인구,양지면,1,68.8,68.8,3.0,3.0,1.0
경기,용인시 처인구,원삼면,2,71.6,76.1,0.0,0.0,0.5
경기,용인시 처인구,이동읍,2,71.15,71.4,1.0,0.5,0.0
경기,용인시 처인구,포곡읍,1,66.6,66.6,0.0,0.0,0.0
경기,의왕시,내손동,1,78.4,78.4,19.0,19.0,0.0
경기,의왕시,내손순환로,1,58.0,58.0,0.0,,0.0
경기,의왕시,오전동,3,75.06666666666666,81.0,13.0,4.333333333333333,0.0
경기,의왕시,월암동,1,69.6,69.6,1.0,1.0,0.0
경기,의왕시,청계동,1,76.4,76.4,6.0,6.0,0.0
경기,의왕시,포일동,1,73.1,73.1,8.0,8.0,0.0
경기,이천시,관고동,1,79.3,79.3,0.0,0.0,1.0
경기,이천시,대월면,2,72.35,74.0,0.0,0.0,0.0
경기,이천시,마장면,1,78.1,78.1,1.0,1.0,0.0
경기,이천시,모가면,1,71.1,71.1,0.0,0.0,0.0
경기,이천시,백사면,1,77.2,77.2,0.0,0.0,0.0
경기,이천시,부발읍,2,76.45,76.5,0.0,0.0,0.0
경기,이천시,설성면,1,77.9,77.9,0.0,0.0,0.0
경기,이천시,송정동,1,73.7,73.7,0.0,0.0,0.0
경기,이천시,안흥동,1,75.6,75.6,0.0,0.0,0.0
경기,이천시,율면,1,75.4,75.4,0.0,0.0,0.0
경기,이천시,장호원읍,1,74.6,74.6,0.0,0.0,0.0
경기,이천시,증포동,1,79.8,79.8,0.0,0.0,0.0
경기,이천시,창전동,1,72.0,72.0,1.0,1.0,0.0
경기,평택시,고덕동,1,76.3,76.3,0.0,0.0,0.0
경기,평택시,동삭동,1,75.1,75.1,0.0,,0.0
경기,평택시,비전동,3,76.56666666666666,79.1,5.0,1.6666666666666667,0.6666666666666666
경기,평택시,서정동,1,63.8,63.8,0.0,0.0,1.0
경기,평택시,세교동,1,75.4,75.4,4.0,4.0,0.0
경기,평택시,신장동,1,68.0,68.0,0.0,0.0,1.0
경기,평택시,안중읍,3,71.23333333333333,74.8,0.0,0.0,0.3333333333333333
경기,평택시,오성면,1,60.5,60.5,0.0,0.0,1.0
경기,평택시,용이동,1,78.1,78.1,1.0,1.0,0.0
경기,평택시,이충동,1,69.9,69.9,0.0,0.0,0.0
경기,평택시,장당길,1,75.3,75.3,2.0,2.0,0.0
경기,평택시,장당동,1,70.2,70.2,0.0,0.0,1.0
경기,평택시,장안웃길,1,63.3,63.3,0.0,0.0,1.0
경기,평택시,지산동,1,61.1,61.1,0.0,0.0,0.0
경기,평택시,진위면,1,68.1,68.1,0.0,0.0,1.0
경기,평택시,청북면,1,65.3,65.3,1.0,1.0,0.0
경기,평택시,청북읍,1,69.9,69.9,2.0,2.0,0.0
경기,평택시,팽성읍,1,67.1,67.1,0.0,0.0,1.0
경기,평택시,포승읍,2,76.8,82.8,0.0,0.0,0.0
경기,평택시,,5,75.47999999999999,82.9,4.0,1.0,0.2
경기,하남시,감일동,1,78.0,78.0,0.0,0.0,0.0
경기,하남시,감일백제로,1,78.9,78.9,8.0,8.0,0.0
경기,하남시,덕풍동,1,69.8,69.8,0.0,0.0,0.0
경기,하남시,망월동,1,82.7,82.7,6.0,6.0,0.0
경기,하남시,선동,2,83.94999999999999,84.3,8.0,4.0,0.0
경기,하남시,신장동,1,79.4,79.4,1.0,1.0,0.0
경기,하남시,창우동,1,81.6,81.6,1.0,1.0,0.0
경기,하남시,학암동,1,83.8,83.8,12.0,12.0,0.0
경기,하남시,,4,78.3,80.8,6.0,1.5,0.0
경기,화성시,기산동,1,79.7,79.7,0.0,0.0,0.0
경기,화성시,기안동,1,73.5,73.5,1.0,1.0,0.0
경기,화성시,남양동,1,66.1,66.1,0.0,0.0,0.0
경기,화성시,남양읍,1,78.6,78.6,1.0,1.0,0.0
경기,화성시,능동,1,80.1,80.1,4.0,4.0,0.0
경기,화성시,동탄감배산로,1,81.1,81.1,11.0,11.0,0.0
경기,화성시,동탄대로시범길,1,81.4,81.4,13.0,13.0,0.0
경기,화성시,동탄면,1,77.1,77.1,3.0,3.0,0.0
경기,화성시,동탄산척로,1,75.3,75.3,20.0,20.0,0.0
경기,화성시,동탄순환대로,2,77.6,79.9,10.0,5.0,0.0
경기,화성시,동탄원천로,1,80.6,80.6,1.0,1.0,0.0
경기,화성시,동탄중앙로,1,81.8,81.8,12.0,12.0,0.0
경기,화성시,마도면,1,76.6,76.6,0.0,0.0,1.0
경기,화성시,반송동,1,85.6,85.6,15.0,15.0,0.0
경기,화성시,반월동,2,80.4,84.0,10.0,5.0,0.0
경기,화성시,병점동,2,74.55000000000001,76.7,4.0,2.0,0.0
경기,화성시,봉담읍,5,75.88,80.4,3.0,0.75,0.0
경기,화성시,비봉면,2,71.1,72.9,0.0,0.0,0.5
경기,화성시,서신면,1,67.8,67.8,0.0,0.0,1.0
경기,화성시,석우동,1,81.9,81.9,7.0,7.0,0.0
경기,화성시,송산동,1,77.7,77.7,1.0,1.0,1.0
경기,화성시,송산면,1,74.6,74.6,0.0,0.0,1.0
경기,화성시,양감면,1,79.1,79.1,0.0,0.0,0.0
경기,화성시,우정읍,2,79.19999999999999,84.6,0.0,0.0,1.0
경기,화성시,장안면,1,72.6,72.6,0.0,0.0,1.0
경기,화성시,정남면,1,76.8,76.8,0.0,0.0,0.0
경기,화성시,진안동,1,82.8,82.8,1.0,1.0,0.0
경기,화성시,청계동,1,84.9,84.9,5.0,5.0,0.0
경기,화성시,향남읍,5,73.12,76.1,3.0,0.75,0.2
경기,화성시,,7,76.67142857142858,84.6,38.0,6.333333333333333,0.0
서울,강남구,대치동,2,83.4,86.1,22.0,11.0,1.0
서울,강남구,도곡동,3,78.89999999999999,82.6,27.0,9.0,0.6666666666666666
서울,강남구,삼성동,1,85.7,85.7,6.0,6.0,0.0
서울,강남구,수서동,2,78.35,83.9,14.0,7.0,0.0
서울,강남구,신사동,1,74.7,74.7,3.0,3.0,0.0
서울,강남구,압구정동,2,77.4,80.5,10.0,5.0,0.0
서울,강남구,일원동,1,78.5,78.5,2.0,2.0,1.0
서울,강남구,자곡동,1,72.9,72.9,9.0,9.0,0.0
서울,강남구,,11,78.7,84.3,113.0,10.272727272727273,0.09090909090909091
서울,강동구,강일동,3,70.3,73.7,10.0,3.3333333333333335,0.0
서울,강동구,고덕동,2,73.95,74.7,27.0,13.5,0.5
서울,강동구,상일동,2,83.6,83.6,26.0,13.0,0.5
서울,강동구,천호동,4,72.05,77.6,15.0,3.75,0.5
서울,강동구,,8,72.6625,75.1,27.0,3.375,0.125
서울,강서구,가양동,1,67.6,67.6,4.0,4.0,0.0
서울,강서구,공항동,2,68.5,69.4,4.0,2.0,0.0
서울,강서구,내발산동,4,76.05000000000001,77.9,24.0,6.0,0.75
서울,강서구,등촌동,1,76.9,76.9,10.0,10.0,0.0
서울,강서구,마곡동,2,71.35,72.9,6.0,3.0,0.0
서울,강서구,방화동,2,71.4,74.2,1.0,0.5,0.0
서울,강서구,염창동,2,75.65,76.3,16.0,8.0,0.0
서울,강서구,화곡동,2,72.5,73.9,3.0,1.5,0.5
서울,강서구,,6,72.35000000000001,76.1,7.0,1.1666666666666667,0.3333333333333333
서울,관악구,대학동,1,70.9,70.9,3.0,3.0,0.0
서울,관악구,보라매동,1,65.6,65.6,0.0,0.0,0.0
서울,관악구,봉천동,5,72.08,77.4,10.0,2.0,0.2
서울,관악구,신림동,7,68.84285714285714,73.1,5.0,0.7142857142857143,0.2857142857142857
서울,관악구,,2,69.69999999999999,73.1,3.0,1.5,0.5
서울,구로구,개봉동,2,69.2,69.5,3.0,1.5,0.0
서울,구로구,고척동,1,67.6,67.6,7.0,7.0,0.0
서울,구로구,구로동,4,69.775,74.8,9.0,2.25,0.0
서울,구로구,부일로,1,58.5,58.5,0.0,0.0,1.0
서울,구로구,신도림동,1,77.0,77.0,5.0,5.0,0.0
서울,구로구,오류동,1,71.8,71.8,4.0,4.0,0.0
서울,구로구,천왕동,1,71.1,71.1,2.0,2.0,0.0
서울,구로구,항동,1,72.2,72.2,2.0,2.0,0.0
서울,구로구,,2,69.25,72.2,1.0,0.5,0.0
서울,금천구,독산동,3,67.56666666666666,76.6,6.0,2.0,0.0
서울,금천구,시흥동,1,72.5,72.5,2.0,2.0,1.0
서울,금천구,,5,66.38,71.2,1.0,0.2,0.2
서울,동작구,대방동,4,74.225,82.6,8.0,2.0,0.5
서울,동작구,동작동,1,77.4,77.4,3.0,3.0,0.0
서울,동작구,본동,1,75.2,75.2,3.0,3.0,1.0
서울,동작구,사당동,1,76.5,76.5,0.0,0.0,0.0
서울,동작구,상도동,2,78.69999999999999,83.3,8.0,4.0,0.0
서울,동작구,신대방동,2,69.1,72.1,4.0,2.0,0.0
서울,동작구,흑석동,1,68.9,68.9,6.0,6.0,1.0
서울,동작구,,4,76.8,78.3,9.0,2.25,0.0
서울,서초구,반포동,3,77.39999999999999,82.0,15.0,7.5,0.0
서울,서초구,반포본동,1,80.0,80.0,10.0,10.0,1.0
서울,서초구,방배동,1,74.4,74.4,9.0,9.0,1.0
서울,서초구,우면동,1,71.5,71.5,2.0,2.0,0.0
서울,서초구,잠원동,2,77.1,79.5,23.0,11.5,0.0
서울,서초구,,8,77.2,82.1,49.0,6.125,0.125
서울,송파구,가락동,2,74.75,75.7,7.0,3.5,0.0
서울,송파구,거여동,1,74.6,74.6,7.0,7.0,0.0
서울,송파구,문정동,1,69.3,69.3,1.0,1.0,0.0
서울,송파구,방이동,3,71.33333333333333,75.8,0.0,0.0,0.0
서울,송파구,삼전동,1,73.0,73.0,0.0,0.0,1.0
서울,송파구,송이로,1,76.3,76.3,4.0,4.0,0.0
서울,송파구,송파동,1,65.9,65.9,4.0,4.0,1.0
서울,송파구,신천동,1,83.0,83.0,13.0,13.0,0.0
서울,송파구,양재대로,1,74.9,74.9,6.0,6.0,1.0
서울,송파구,오금동,4,70.0,73.5,7.0,1.75,0.25
서울,송파구,오륜동,1,82.6,82.6,16.0,16.0,0.0
서울,송파구,위례순환로,1,73.0,73.0,16.0,16.0,0.0
서울,송파구,잠실동,4,76.525,82.1,37.0,9.25,0.25
서울,송파구,장지동,1,70.4,70.4,4.0,4.0,0.0
서울,송파구,풍납동,1,71.1,71.1,1.0,1.0,1.0
서울,송파구,,5,77.16,83.5,29.0,5.8,0.0
서울,양천구,목동,2,70.5,74.2,26.0,13.0,0.5
서울,양천구,신월동,2,62.55,63.7,3.0,1.5,0.0
서울,양천구,안양천로,1,80.9,80.9,4.0,4.0,1.0
서울,양천구,,13,72.03076923076922,80.4,133.0,10.23076923076923,0.07692307692307693
서울,영등포구,당산로,1,71.9,71.9,4.0,4.0,0.0
서울,영등포구,대림동,2,68.94999999999999,71.6,2.0,1.0,0.0
서울,영등포구,신길동,1,76.0,76.0,2.0,2.0,0.0
서울,영등포구,여의도동,2,73.75,73.8,11.0,5.5,0.0
서울,영등포구,영등포동,1,67.2,67.2,2.0,2.0,0.0
서울,영등포구,,5,77.06,80.8,20.0,4.0,0.0
