station_name,line_no,lat,lng,is_interchange
소요산,1,37.948898,127.061129,0
동두천,1,37.927613,127.054928,0
보산,1,37.914145,127.057179,0
동두천중앙,1,37.901781,127.056423,0
지행,1,37.892343,127.055793,0
덕정,1,37.843188,127.061559,0
덕계,1,37.818753,127.056692,0
양주,1,37.774142,127.044721,0
녹양,1,37.759385,127.042279,0
가능,1,37.748396,127.044288,0
의정부,1,37.738362,127.045957,0
회룡,1,37.723806,127.047295,1
회룡,U,37.724995,127.047069,1
망월사,1,37.710219,127.047418,0
도봉산,1,37.689512,127.046063,1
도봉산,7,37.689630,127.046426,1
도봉,1,37.679212,127.045535,0
방학,1,37.667438,127.044322,0
창동,1,37.653339,127.047645,1
창동,4,37.653371,127.048388,1
녹천,1,37.644633,127.051383,0
월계,1,37.633278,127.058857,0
광운대,1,37.623837,127.061695,0
석계,1,37.615006,127.065688,1
석계,6,37.615149,127.066703,1
신이문,1,37.601782,127.067398,0
외대앞,1,37.596273,127.063693,0
회기,1,37.589796,127.058048,1
회기,G,37.589922,127.058538,1
회기,K,37.589530,127.057826,1
청량리,1,37.580039,127.044727,1
청량리,G,37.581273,127.048636,1
청량리,K,37.580279,127.047866,1
청량리,B,37.580895,127.047848,1
제기동,1,37.578175,127.034949,0
신설동,1,37.576030,127.024457,1
신설동,2,37.574805,127.024918,1
신설동,W,37.576553,127.023207,1
동묘앞,1,37.573217,127.016364,1
동묘앞,6,37.572172,127.015726,1
동대문,1,37.571668,127.010632,1
동대문,4,37.570907,127.009314,1
종로5가,1,37.570976,127.001539,0
종로3가,1,37.570421,126.992153,1
종로3가,3,37.570421,126.992153,1
종로3가,5,37.572590,126.990419,1
종각,1,37.570229,126.983152,0
시청,1,37.565344,126.977199,1
시청,2,37.563683,126.975597,1
서울역,1,37.555980,126.972091,1
서울역,4,37.553029,126.972645,1
서울역,A,37.553331,126.969747,1
남영,1,37.540566,126.971332,0
용산,1,37.529774,126.964630,1
용산,K,37.529608,126.964756,1
노량진,1,37.514055,126.942110,1
노량진,9,37.513586,126.940893,1
대방,1,37.513354,126.926497,0
신길,1,37.516787,126.918367,1
신길,5,37.517664,126.914914,1
영등포,1,37.515673,126.907550,0
신도림,1,37.508908,126.891313,1
신도림,2,37.508220,126.891612,1
구로,1,37.503342,126.882309,0
구일,1,37.496255,126.869691,0
개봉,1,37.494642,126.858716,0
오류동,1,37.494397,126.844807,0
온수,1,37.492400,126.823829,1
온수,7,37.491968,126.823848,1
역곡,1,37.485314,126.812059,0
소사,1,37.482800,126.795644,1
소사,SH,37.482907,126.795061,1
부천,1,37.483989,126.783082,0
중동,1,37.486682,126.764535,0
송내,1,37.487642,126.753162,0
부개,1,37.488477,126.740730,0
부평,1,37.489449,126.724331,1
부평,I,37.490377,126.723455,1
백운,1,37.483342,126.707294,0
동암,1,37.470696,126.702890,0
간석,1,37.464707,126.693518,0
주안,1,37.465053,126.679970,1
주안,I2,37.465155,126.679016,1
도화,1,37.466118,126.668576,0
제물포,1,37.466821,126.657495,0
도원,1,37.468773,126.642533,0
동인천,1,37.475403,126.632616,0
인천,1,37.476168,126.616821,1
인천,B,37.476469,126.617398,1
가산디지털단지,1,37.481531,126.882615,1
가산디지털단지,7,37.480396,126.882662,1
독산,1,37.465976,126.889476,0
금천구청,1,37.456194,126.893609,0
광명,1,37.416736,126.884962,0
석수,1,37.435093,126.902321,0
관악,1,37.419568,126.908500,0
안양,1,37.401684,126.922730,0
명학,1,37.384460,126.935593,0
금정,1,37.372337,126.943271,1
금정,4,37.372470,126.943474,1
군포,1,37.354192,126.948518,0
당정,1,37.343690,126.948371,0
의왕,1,37.320342,126.947977,0
성균관대,1,37.300329,126.971022,0
화서,1,37.284002,126.989612,0
수원,1,37.265682,127.000050,1
수원,B,37.265790,127.000095,1
세류,1,37.243873,127.013800,0
병점,1,37.206753,127.033200,0
세마,1,37.187135,127.043427,0
오산대,1,37.169350,127.063076,0
오산,1,37.144717,127.066630,0
진위,1,37.110079,127.062356,0
송탄,1,37.075713,127.054280,0
서정리,1,37.056564,127.052882,0
지제,1,37.018900,127.070512,0
평택,1,36.990849,127.085273,0
성환,1,36.915953,127.126837,0
직산,1,36.870933,127.143824,0
두정,1,36.833599,127.149081,0
천안,1,36.810523,127.146490,0
봉명,1,36.801420,127.136038,0
쌍용,1,36.793726,127.121378,0
아산,1,36.792117,127.104077,0
배방,1,36.777697,127.052788,0
온양온천,1,36.780545,127.003181,0
신창,1,36.769642,126.951393,0
서동탄,1,37.195735,127.051857,0
까치산,2,37.531406,126.846948,1
까치산,5,37.532231,126.846444,1
신정네거리,2,37.520223,126.852890,0
양천구청,2,37.512389,126.865722,0
도림천,2,37.514508,126.882649,0
문래,2,37.517976,126.894779,0
영등포구청,2,37.525831,126.896677,1
영등포구청,5,37.524229,126.895322,1
당산,2,37.534784,126.902612,1
당산,9,37.533789,126.902165,1
합정,2,37.549912,126.914456,1
합정,6,37.548784,126.914213,1
홍대입구,2,37.556871,126.923779,1
홍대입구,K,37.557449,126.927119,1
홍대입구,A,37.557305,126.927010,1
신촌,2,37.555199,126.936981,0
이대,2,37.556815,126.946432,0
아현,2,37.557406,126.956146,0
충정로,2,37.559762,126.964493,1
충정로,5,37.560429,126.963040,1
을지로입구,2,37.566037,126.982193,0
을지로3가,2,37.566291,126.990986,1
을지로3가,3,37.566431,126.992615,1
을지로4가,2,37.566641,126.997632,1
을지로4가,5,37.567563,126.998044,1
문화공원동대문역사,2,37.565664,127.009005,1
문화공원동대문역사,4,37.565145,127.007914,1
문화공원동대문역사,5,37.564622,127.005791,1
신당,2,37.565673,127.019478,1
신당,6,37.565673,127.019478,1
상왕십리,2,37.564438,127.029275,0
왕십리,2,37.561268,127.037101,1
왕십리,5,37.562040,127.037332,1
왕십리,K,37.562057,127.038333,1
왕십리,B,37.560641,127.038785,1
한양대,2,37.555716,127.043640,0
뚝섬,2,37.547242,127.047387,0
성수,2,37.544589,127.056067,0
건대입구,2,37.540408,127.069203,1
건대입구,7,37.540869,127.071104,1
구의,2,37.537175,127.086181,0
강변,2,37.535118,127.094741,0
잠실나루,2,37.520712,127.103809,0
잠실,2,37.513313,127.100229,1
잠실,8,37.514312,127.103271,1
잠실새내,2,37.511626,127.086314,0
종합운동장,2,37.511145,127.073849,1
종합운동장,9,37.511410,127.076324,1
삼성,2,37.508823,127.063025,0
선릉,2,37.504497,127.048962,1
선릉,B,37.505168,127.048709,1
역삼,2,37.500674,127.036469,0
강남,2,37.498085,127.028000,1
강남,S,37.496777,127.028185,1
교대,2,37.493900,127.014384,1
교대,3,37.492743,127.013868,1
서초,2,37.491850,127.007662,0
방배,2,37.481456,126.997553,0
사당,2,37.476560,126.981559,1
사당,4,37.477591,126.981699,1
낙성대,2,37.477093,126.963524,0
서울대입구,2,37.481285,126.952713,0
봉천,2,37.482473,126.941687,0
신림,2,37.484268,126.929745,0
신대방,2,37.487652,126.913510,0
구로디지털단지,2,37.485261,126.901473,0
대림,2,37.493310,126.894931,1
대림,7,37.492843,126.896723,1
용답,2,37.562125,127.050892,0
신답,2,37.569839,127.047080,0
용두,2,37.574062,127.038276,0
대화,3,37.676157,126.747501,0
주엽,3,37.670149,126.761264,0
정발산,3,37.659481,126.773406,0
마두,3,37.652241,126.777612,0
백석,3,37.642962,126.788132,0
대곡,3,37.631696,126.810930,1
대곡,K,37.631852,126.809905,1
화정,3,37.634644,126.832688,0
원당,3,37.653110,126.842918,0
원흥,3,37.650692,126.873025,0
삼송,3,37.653075,126.895672,0
지축,3,37.648149,126.913854,0
구파발,3,37.636436,126.918853,0
연신내,3,37.619203,126.921101,1
연신내,6,37.618514,126.920454,1
불광,3,37.610048,126.930316,1
불광,6,37.610048,126.930316,1
녹번,3,37.600807,126.935828,0
홍제,3,37.588795,126.944158,0
무악재,3,37.582563,126.950231,0
독립문,3,37.574468,126.957916,0
경복궁,3,37.575806,126.973691,0
안국,3,37.576500,126.985424,0
충무로,3,37.561397,126.994151,1
충무로,4,37.561397,126.994151,1
동대입구,3,37.559054,127.005315,0
약수,3,37.554505,127.010892,1
약수,6,37.553925,127.010154,1
금호,3,37.548263,127.015829,0
옥수,3,37.541566,127.017394,1
옥수,K,37.540514,127.018747,1
압구정,3,37.526492,127.028509,0
신사,3,37.516435,127.020311,0
잠원,3,37.512890,127.011419,0
고속터미널,3,37.504547,127.005121,1
고속터미널,7,37.503387,127.005008,1
고속터미널,9,37.505981,127.004212,1
남부터미널,3,37.485200,127.016200,0
양재,3,37.484576,127.034164,1
양재,S,37.483466,127.035154,1
매봉,3,37.486939,127.046711,0
도곡,3,37.490976,127.055498,1
도곡,B,37.490976,127.055498,1
대치,3,37.494497,127.063203,0
학여울,3,37.496885,127.071167,0
대청,3,37.493708,127.079527,0
일원,3,37.483989,127.084130,0
수서,3,37.487560,127.102411,1
수서,B,37.487373,127.101646,1
가락시장,3,37.492249,127.117642,1
가락시장,8,37.493099,127.118263,1
경찰병원,3,37.496005,127.124482,0
오금,3,37.502322,127.128483,1
오금,5,37.502139,127.127953,1
당고개,4,37.670217,127.079067,0
상계,4,37.660721,127.073422,0
노원,4,37.656340,127.063449,1
노원,7,37.654511,127.060556,1
쌍문,4,37.648543,127.034656,0
수유,4,37.637884,127.025510,0
미아,4,37.626654,127.026041,0
미아사거리,4,37.613279,127.030087,0
길음,4,37.603395,127.025059,0
성신여대입구,4,37.592970,127.017125,1
성신여대입구,W,37.592383,127.016550,1
한성대입구,4,37.588423,127.006019,0
혜화,4,37.582044,127.001943,0
명동,4,37.560963,126.986400,0
회현,4,37.558760,126.978437,0
숙대입구,4,37.544595,126.972118,0
삼각지,4,37.534439,126.972923,1
삼각지,6,37.535607,126.974054,1
신용산,4,37.529259,126.967965,0
이촌,4,37.522373,126.974520,1
이촌,K,37.522413,126.973543,1
동작,4,37.502978,126.980317,1
동작,9,37.502743,126.978544,1
총신대입구,4,37.486800,126.982212,1
총신대입구,7,37.485289,126.981674,1
남태령,4,37.464250,126.989085,0
선바위,4,37.451748,127.002229,0
경마공원,4,37.443963,127.007838,0
대공원,4,37.436056,127.006752,0
과천,4,37.432877,126.996619,0
정부과천청사,4,37.426505,126.989868,0
인덕원,4,37.401494,126.976680,0
평촌,4,37.394240,126.963808,0
범계,4,37.389784,126.950783,0
산본,4,37.358019,126.933046,0
수리산,4,37.350558,126.925631,0
대야미,4,37.327965,126.916898,0
반월,4,37.312382,126.903824,0
상록수,4,37.302852,126.866606,0
한대앞,4,37.309429,126.854023,1
한대앞,B,37.310207,126.853246,1
중앙,4,37.315995,126.838830,1
중앙,B,37.316040,126.837959,1
고잔,4,37.316769,126.823599,1
고잔,B,37.316825,126.822470,1
초지,4,37.320440,126.806473,1
초지,B,37.320896,126.805461,1
초지,SH,37.319743,126.807842,1
안산,4,37.326859,126.789216,1
안산,B,37.327401,126.788019,1
신길온천,4,37.337375,126.767521,1
신길온천,B,37.337892,126.766558,1
정왕,4,37.351701,126.743350,1
정왕,B,37.352013,126.742261,1
오이도,4,37.361703,126.738404,1
오이도,B,37.362929,126.738923,1
방화,5,37.577603,126.812819,0
개화산,5,37.572537,126.806814,0
김포공항,5,37.562098,126.801255,1
김포공항,9,37.561966,126.801916,1
김포공항,KP,37.562330,126.801992,1
김포공항,A,37.561830,126.802473,1
송정,5,37.561161,126.812430,0
마곡,5,37.560229,126.824697,0
발산,5,37.558680,126.837739,0
우장산,5,37.548817,126.836325,0
화곡,5,37.541651,126.840455,0
신정,5,37.525028,126.856097,0
목동,5,37.526133,126.864625,0
오목교,5,37.524534,126.875307,0
양평,5,37.525580,126.886419,0
영등포시장,5,37.522709,126.905180,0
여의도,5,37.521775,126.924398,1
여의도,9,37.521170,126.924661,1
여의나루,5,37.527147,126.932986,0
마포,5,37.539555,126.945865,0
공덕,5,37.544542,126.951451,1
공덕,6,37.543529,126.951895,1
공덕,K,37.542474,126.952720,1
공덕,A,37.542315,126.952602,1
애오개,5,37.553413,126.956669,0
서대문,5,37.565753,126.966636,0
광화문,5,37.571648,126.976423,0
청구,5,37.560210,127.013944,1
청구,6,37.560917,127.014166,1
신금호,5,37.554475,127.020493,0
행당,5,37.557364,127.029512,0
마장,5,37.566139,127.042985,0
답십리,5,37.566975,127.052561,0
장한평,5,37.561603,127.063704,0
군자,5,37.557150,127.079513,1
군자,7,37.557150,127.079513,1
아차산,5,37.552248,127.089566,0
광나루,5,37.545299,127.103521,0
천호,5,37.538511,127.123928,1
천호,8,37.537935,127.123203,1
강동,5,37.535882,127.132396,0
길동,5,37.537826,127.140021,0
굽은다리,5,37.545518,127.142883,0
명일,5,37.551398,127.144044,0
고덕,5,37.555047,127.154164,0
상일동,5,37.556678,127.165906,0
미사,5,37.562991,127.192491,0
하남풍산,5,37.552290,127.204007,0
둔촌동,5,37.527657,127.136215,0
올림픽공원,5,37.516339,127.130964,1
올림픽공원,9,37.516116,127.130253,1
방이,5,37.508751,127.126096,0
개롱,5,37.497968,127.135080,0
거여,5,37.493330,127.143774,0
마천,5,37.495038,127.152860,0
신내,6,37.612491,127.104271,1
신내,G,37.612705,127.103225,1
봉화산,6,37.617353,127.091361,0
화랑대,6,37.619842,127.083544,0
태릉입구,6,37.617350,127.074752,1
태릉입구,7,37.618460,127.075405,1
돌곶이,6,37.610545,127.056438,0
상월곡,6,37.606559,127.048829,0
월곡,6,37.601804,127.041461,0
고려대,6,37.590443,127.036309,0
안암,6,37.586307,127.029233,0
보문,6,37.585542,127.020004,1
보문,W,37.585044,127.019551,1
창신,6,37.579416,127.015297,0
버티고개,6,37.547828,127.006731,0
한강진,6,37.539791,127.001765,0
이태원,6,37.534525,126.994334,0
녹사평,6,37.534723,126.986550,0
효창공원앞,6,37.539309,126.961398,1
효창공원앞,K,37.538606,126.962824,1
대흥,6,37.547648,126.942473,0
광흥창,6,37.547487,126.932031,0
상수,6,37.547766,126.922430,0
망원,6,37.556083,126.910094,0
마포구청,6,37.563487,126.903426,0
월드컵경기장,6,37.569636,126.899098,0
디지털미디어시티,6,37.576013,126.901277,1
디지털미디어시티,K,37.577403,126.900691,1
디지털미디어시티,A,37.577520,126.897883,1
증산,6,37.583746,126.909495,0
새절,6,37.590860,126.913581,0
응암,6,37.598491,126.915542,0
역촌,6,37.606227,126.922845,0
독바위,6,37.618414,126.933054,0
구산,6,37.611247,126.917258,0
부평구청,7,37.507434,126.721442,1
부평구청,I,37.508466,126.720583,1
굴포천,7,37.507046,126.731346,0
삼산체육관,7,37.506502,126.741423,0
상동,7,37.505789,126.753192,0
부천시청,7,37.504657,126.764013,0
신중동,7,37.502953,126.776897,0
춘의,7,37.503699,126.786997,0
부천종합운동장,7,37.505426,126.797234,0
까치울,7,37.506227,126.811337,0
천왕,7,37.486856,126.838604,0
광명사거리,7,37.479298,126.854874,0
철산,7,37.476193,126.868211,0
남구로,7,37.486257,126.887415,0
신풍,7,37.500123,126.909754,0
보라매,7,37.499922,126.920611,0
삼거리신대방,7,37.499757,126.928211,0
장승배기,7,37.504899,126.939072,0
상도,7,37.502871,126.947918,0
숭실대입구,7,37.496317,126.953622,0
남성,7,37.484794,126.970910,0
내방,7,37.487659,126.993600,0
반포,7,37.508161,127.011586,0
논현,7,37.511202,127.021653,0
학동,7,37.514346,127.031902,0
강남구청,7,37.517215,127.041310,1
강남구청,B,37.517215,127.041310,1
청담,7,37.519456,127.053718,0
뚝섬유원지,7,37.531558,127.066796,0
어린이대공원,7,37.547963,127.074655,0
중곡,7,37.565922,127.084312,0
용마산,7,37.573716,127.086762,0
사가정,7,37.580940,127.088505,0
면목,7,37.588715,127.087504,0
상봉,7,37.595585,127.085754,1
상봉,G,37.596973,127.085086,1
상봉,K,37.596714,127.085149,1
중화,7,37.602553,127.079312,0
먹골,7,37.610619,127.077762,0
공릉,7,37.625543,127.073034,0
하계,7,37.636477,127.067991,0
중계,7,37.645092,127.064110,0
마들,7,37.665202,127.057713,0
수락산,7,37.677881,127.055351,0
장암,7,37.699957,127.052818,0
암사,8,37.550159,127.127542,0
강동구청,8,37.530211,127.120444,0
몽촌토성,8,37.517806,127.112863,0
석촌,8,37.505414,127.107004,1
석촌,9,37.504975,127.106764,1
송파,8,37.499715,127.112194,0
문정,8,37.486031,127.122485,0
장지,8,37.478632,127.126177,0
복정,8,37.470742,127.126724,1
복정,B,37.469041,127.126576,1
산성,8,37.456882,127.149943,0
남한산성입구,8,37.451669,127.159883,0
단대오거리,8,37.445023,127.156772,0
신흥,8,37.440923,127.147538,0
수진,8,37.437378,127.140535,0
모란,8,37.434038,127.129970,1
모란,B,37.432057,127.129131,1
개화,9,37.578345,126.796891,0
공항시장,9,37.563688,126.810609,0
신방화,9,37.567487,126.817236,0
마곡나루,9,37.566713,126.827421,1
마곡나루,A,37.566713,126.827421,1
양천향교,9,37.568081,126.841979,0
가양,9,37.561433,126.854420,0
증미,9,37.558132,126.860638,0
등촌,9,37.550728,126.865572,0
염창,9,37.546983,126.874872,0
신목동,9,37.544288,126.883096,0
선유도,9,37.538157,126.893334,0
국회의사당,9,37.528147,126.917839,0
샛강,9,37.517374,126.928375,0
노들,9,37.512672,126.953096,0
흑석,9,37.509165,126.963463,0
구반포,9,37.501440,126.987465,0
신반포,9,37.503509,126.996082,0
사평,9,37.504233,127.015272,0
신논현,9,37.504811,127.025492,0
언주,9,37.507335,127.033971,0
선정릉,9,37.510933,127.043627,1
선정릉,B,37.510933,127.043627,1
삼성중앙,9,37.512961,127.053044,0
봉은사,9,37.514255,127.060234,0
삼전,9,37.504551,127.087365,0
석촌고분,9,37.502464,127.096509,0
송파나루,9,37.511017,127.112663,0
한성백제,9,37.516538,127.116449,0
둔촌오륜,9,37.519408,127.138652,0
중앙보훈병원,9,37.528403,127.148412,0
고촌,KP,37.601213,126.770326,0
풍무,KP,37.612428,126.732449,0
사우,KP,37.620320,126.719766,0
걸포북변,KP,37.631639,126.705776,0
운양,KP,37.653775,126.683844,0
장기,KP,37.644065,126.669079,0
마산,KP,37.640612,126.644004,0
구래,KP,37.645393,126.628576,0
양촌,KP,37.641784,126.614626,0
발곡,U,37.727148,127.052969,0
범골,U,37.728788,127.043669,0
경전철의정부,U,37.737264,127.043306,0
의정부시청,U,37.739235,127.034848,0
흥선,U,37.743281,127.037174,0
의정부중앙,U,37.743680,127.049650,0
동오,U,37.745270,127.056985,0
새말,U,37.748849,127.063760,0
경기도청북부청사,U,37.750765,127.071618,0
효자,U,37.753991,127.077227,0
곤제,U,37.750537,127.083822,0
어룡,U,37.742694,127.085207,0
송산,U,37.737276,127.087215,0
탑석,U,37.733487,127.088908,0
국제업무지구,I,37.399658,126.630542,0
센트럴파크,I,37.392846,126.634989,0
인천대입구,I,37.386206,126.639542,0
지식정보단지,I,37.377507,126.645861,0
테크노파크,I,37.382281,126.656299,0
캠퍼스타운,I,37.388443,126.662206,0
동막,I,37.397942,126.673448,0
동춘,I,37.404576,126.680851,0
원인재,I,37.412369,126.687889,1
원인재,B,37.413212,126.686458,1
신연수,I,37.418108,126.694020,0
선학,I,37.426947,126.698923,0
문학경기장,I,37.434651,126.698449,0
인천터미널,I,37.441917,126.699695,0
예술회관,I,37.448526,126.700916,0
인천시청,I,37.457738,126.702236,1
인천시청,I2,37.457669,126.692353,1
간석오거리,I,37.467083,126.707918,0
부평삼거리,I,37.477836,126.710296,0
동수,I,37.485507,126.718606,0
부평시장,I,37.498364,126.722285,0
갈산,I,37.517118,126.721551,0
작전,I,37.530271,126.722561,0
경인교대입구,I,37.538124,126.722631,0
계산,I,37.543308,126.727731,0
임학,I,37.545012,126.738633,0
박촌,I,37.553661,126.745067,0
귤현,I,37.566299,126.742679,0
계양,I,37.571518,126.736336,1
계양,A,37.571770,126.736276,1
검단오류,I2,37.594943,126.627907,0
왕길,I2,37.595129,126.642477,0
검단사거리,I2,37.601661,126.656438,0
마전,I2,37.597634,126.667223,0
완정,I2,37.592839,126.673033,0
독정,I2,37.584850,126.676003,0
검암,I2,37.568678,126.675674,1
검암,A,37.569253,126.673643,1
검바위,I2,37.561126,126.677531,0
아시아드경기장,I2,37.551315,126.677108,0
서구청,I2,37.544045,126.676845,0
가정,I2,37.524817,126.675357,0
가정중앙시장,I2,37.517526,126.676823,0
석남,I2,37.507473,126.676301,0
서부여성회관,I2,37.500343,126.675871,0
인천가좌,I2,37.489836,126.675242,0
가재울,I2,37.484150,126.683769,0
주안국가산단,I2,37.473912,126.681221,0
시민공원,I2,37.458385,126.681075,0
석바위시장,I2,37.457669,126.692353,0
석천사거리,I2,37.456788,126.710422,0
모래내시장,I2,37.455863,126.719622,0
만수,I2,37.454976,126.731736,0
남동구청,I2,37.448175,126.736566,0
인천대공원,I2,37.448477,126.752852,0
운연,I2,37.439643,126.759607,0
중랑,G,37.595083,127.076790,1
중랑,K,37.594843,127.075680,1
망우,G,37.600017,127.091739,1
망우,K,37.599296,127.092367,1
갈매,G,37.634069,127.114761,0
별내,G,37.642068,127.126969,0
퇴계원,G,37.648266,127.143537,0
사릉,G,37.651125,127.176926,0
금곡,G,37.637355,127.207534,0
평내호평,G,37.653214,127.244439,0
천마산,G,37.659228,127.285063,0
마석,G,37.652792,127.311687,0
대성리,G,37.683990,127.379706,0
청평,G,37.735516,127.426623,0
상천,G,37.770178,127.454516,0
가평,G,37.814520,127.510739,0
굴봉산,G,37.832066,127.557770,0
백양리,G,37.830792,127.589325,0
강촌,G,37.805722,127.634152,0
김유정,G,37.818449,127.714324,0
남춘천,G,37.864047,127.723851,0
춘천,G,37.884513,127.716699,0
임진강,K,37.888275,126.747078,0
문산,K,37.854627,126.787395,0
파주,K,37.815366,126.792691,0
월롱,K,37.796215,126.792586,0
금촌,K,37.766227,126.774633,0
금릉,K,37.751339,126.765410,0
운정,K,37.725604,126.767161,0
야당,K,37.712611,126.761454,0
탄현,K,37.693989,126.761078,0
일산,K,37.682013,126.770023,0
풍산,K,37.672338,126.786275,0
백마,K,37.658017,126.794616,0
곡산,K,37.645758,126.801807,0
능곡,K,37.619025,126.820422,0
행신,K,37.612122,126.834288,0
강매,K,37.612290,126.844499,0
화전,K,37.602971,126.868323,0
수색,K,37.580863,126.895659,0
가좌,K,37.568743,126.914815,0
신촌,K,37.559674,126.942088,0
서울역,K,37.556935,126.971317,0
서강대,K,37.552138,126.935508,0
서빙고,K,37.519568,126.988412,0
한남,K,37.529429,127.009209,0
응봉,K,37.549953,127.034484,0
양원,K,37.606606,127.107946,0
구리,K,37.603271,127.143351,0
도농,K,37.608773,127.161179,0
양정,K,37.604026,127.194671,0
덕소,K,37.586890,127.208843,0
도심,K,37.579639,127.222684,0
팔당,K,37.547359,127.243966,0
운길산,K,37.554643,127.310232,0
양수,K,37.545963,127.329138,0
신원,K,37.525586,127.373092,0
국수,K,37.516187,127.399310,0
아신,K,37.513919,127.443211,0
오빈,K,37.506167,127.473661,0
양평,K,37.492684,127.492248,0
원덕,K,37.468782,127.546559,0
용문,K,37.481802,127.593795,0
지평,K,37.476906,127.628907,0
인천공항2터미널,A,37.468800,126.433641,0
인천공항1터미널,A,37.447529,126.452583,0
공항화물청사,A,37.459063,126.477514,0
운서,A,37.492809,126.493730,0
영종,A,37.512029,126.524976,0
청라국제도시,A,37.556465,126.624658,0
신포,B,37.468455,126.624534,0
숭의,B,37.460800,126.638411,0
인하대,B,37.448339,126.649763,0
송도,B,37.429962,126.654676,0
연수,B,37.417927,126.678747,0
인더스파크남동,B,37.407742,126.695227,0
호구포,B,37.401642,126.708683,0
인천논현,B,37.400659,126.722452,0
소래포구,B,37.400940,126.733492,0
월곶,B,37.391821,126.742708,0
달월,B,37.380027,126.745403,0
사리,B,37.290641,126.857104,0
야목,B,37.261423,126.883773,0
어천,B,37.250088,126.908800,0
오목천,B,37.243360,126.963903,0
고색,B,37.249772,126.980573,0
매교,B,37.265515,127.015901,0
수원시청,B,37.261923,127.030857,0
매탄권선,B,37.252506,127.040809,0
망포,B,37.245838,127.056855,0
영통,B,37.251504,127.071332,0
청명,B,37.259540,127.078969,0
상갈,B,37.261812,127.108737,0
기흥,B,37.275497,127.115955,1
기흥,E,37.275453,127.117046,1
신갈,B,37.286148,127.111285,0
구성,B,37.298977,127.105696,0
보정,B,37.312775,127.108337,0
죽전,B,37.324377,127.107505,0
오리,B,37.339831,127.108949,0
미금,B,37.350073,127.109009,1
미금,S,37.350074,127.108801,1
정자,B,37.366174,127.108097,1
정자,S,37.367327,127.108519,1
수내,B,37.378469,127.114289,0
서현,B,37.385015,127.123431,0
이매,B,37.396208,127.128288,1
이매,KK,37.394714,127.127319,1
야탑,B,37.411374,127.128743,0
태평,B,37.439789,127.127748,0
가천대,B,37.448563,127.126696,0
대모산입구,B,37.491550,127.073070,0
개포동,B,37.489139,127.066121,0
구룡,B,37.487027,127.059493,0
한티,B,37.496286,127.052910,0
압구정로데오,B,37.527519,127.040601,0
서울숲,B,37.543646,127.044746,0
양재시민의숲,S,37.470133,127.038471,0
청계산입구,S,37.448355,127.054720,0
판교,S,37.394777,127.111197,1
판교,KK,37.394776,127.111983,1
동천,S,37.337843,127.102870,0
수지구청,S,37.322493,127.094659,0
성복,S,37.313532,127.080384,0
상현,S,37.297829,127.069364,0
광교중앙,S,37.288384,127.051726,0
광교,S,37.302112,127.044269,0
삼동,KK,37.408688,127.203382,0
경기광주,KK,37.398944,127.253283,0
초월,KK,37.373379,127.299905,0
곤지암,KK,37.350540,127.346251,0
신둔도예촌,KK,37.315612,127.405241,0
이천,KK,37.264226,127.442168,0
부발,KK,37.260392,127.490322,0
세종대왕릉,KK,37.293634,127.570660,0
여주,KK,37.282860,127.628529,0
강남대,E,37.270171,127.126067,0
지석,E,37.269737,127.136633,0
어정,E,37.274951,127.143750,0
동백,E,37.269101,127.152691,0
초당,E,37.260806,127.159469,0
삼가,E,37.242060,127.168180,0
시청·용인대,E,37.239442,127.178885,0
명지대,E,37.238076,127.190291,0
김량장,E,37.237324,127.198611,0
운동장·송담대,E,37.237911,127.209053,0
고진,E,37.244638,127.214184,0
보평,E,37.258964,127.218481,0
둔전,E,37.267212,127.213639,0
전대·에버랜드,E,37.285413,127.219509,0
정릉,W,37.602615,127.013540,0
북한산보국문,W,37.612137,127.008263,0
솔샘,W,37.620260,127.013552,0
삼양사거리,W,37.621318,127.020489,0
삼양,W,37.626919,127.018157,0
화계,W,37.634087,127.017510,0
가오리,W,37.641544,127.016769,0
4·19민주묘지,W,37.649531,127.013698,0
솔밭공원,W,37.655978,127.013268,0
북한산우이,W,37.662887,127.012757,0
소새울,SH,37.468510,126.797284,0
시흥대야,SH,37.450100,126.792994,0
신천,SH,37.439244,126.786786,0
신현,SH,37.409567,126.787837,0
시흥시청,SH,37.381562,126.805946,0
시흥능곡,SH,37.369947,126.808721,0
달미,SH,37.348788,126.809416,0
선부,SH,37.334408,126.809990,0
원곡,SH,37.313164,126.795743,0
원시,SH,37.302624,126.786794,0
