단지번호,단지명,시구,동,원인,최소면적_㎡,최대면적_㎡,준공년월,위도,경도
14,등촌주공8단지,강서구,가양동,c_name_var,56.83,56.83,199411.0,37.561359,126.851355
1305,가양2단지성지,강서구,가양동,c_name_var,56.91,56.91,199211.0,37.570419,126.847209
10,등촌주공10단지,강서구,가양동,c_name_var,55.51,55.51,199510.0,37.562241,126.848433
13,등촌주공5단지,강서구,가양동,c_name_var,55.27,55.27,199510.0,37.560782,126.844811
11,등촌주공2단지,강서구,가양동,c_name_var,56.83,57.94,199506.0,37.565099,126.843069
12,등촌주공3단지,강서구,가양동,c_name_var,79.91,79.91,199510.0,37.561808,126.841048
1020,마곡벽산,강서구,가양동,c_name_var,84.02,84.02,199906.0,37.57615,126.83803
1016,한사랑삼성2차,강서구,가양동,c_name_var,78.5,78.5,199906.0,37.55453,126.864407
1017,등촌마을서광,강서구,가양동,c_name_var,79.2,79.2,199904.0,37.557794,126.85716
1012,강나루현대,강서구,가양동,c_name_var,80.71,80.71,199903.0,37.560918,126.856953
131669,DMC한강자이더헤리티지,강서구,가양동,c_name_var,108.5,108.63,202211.0,37.580473,126.861749
15,미주진로,강서구,가양동,c_name_var,105.63,105.63,199410.0,37.560119,126.847085
4,등촌대림,강서구,가양동,c_name_var,113.91,113.91,199507.0,37.562883,126.846872
132472,DMC자이더포레리버뷰,강서구,가양동,b_no_trade,109.92,110.73,202210.0,37.581465,126.859689
137417,DMC한강호반써밋,강서구,가양동,c_name_var,107.95,108.91,202212.0,37.582831,126.861836
31,방화3단지청솔,강서구,개화동,c_name_var,63.01,63.8,199407.0,37.575754,126.812734
23,도시개발2단지,강서구,개화동,c_name_var,65.29,65.29,199310.0,37.574928,126.819007
905,마곡중앙하이츠,강서구,공항동,c_name_var,66.1,75.37,199405.0,37.570577,126.806817
33,마곡현대1차,강서구,공항동,c_name_var,102.73,102.73,199311.0,37.57039,126.814268
9410,마곡우림필유,강서구,공항동,c_name_var,102.76,103.3,200312.0,37.571676,126.821164
22555,우장산아이파크e편한세상,강서구,내발산동,c_name_var,79.93,79.93,200801.0,37.549391,126.839113
870,염창동아3차,강서구,등촌동,c_name_var,78.32,78.49,199901.0,37.549809,126.877709
36,한마음삼성,강서구,등촌동,c_name_var,85.55,85.55,199507.0,37.554575,126.868198
869,염창동아1차,강서구,등촌동,c_name_var,85.4,85.4,199806.0,37.554818,126.872846
34,삼성관음,강서구,등촌동,c_name_var,108.63,108.63,199708.0,37.552728,126.869165
38,염창우성1차,강서구,등촌동,c_name_var,101.75,104.58,199011.0,37.556405,126.871124
10307,목동롯데캐슬위너,강서구,등촌동,c_name_var,107.31,107.43,200506.0,37.546745,126.867264
13859,등촌아이파크,강서구,등촌동,c_name_var,105.25,105.84,200401.0,37.544062,126.859983
661,목동한신청구,강서구,염창동,c_name_var,103.22,103.22,199712.0,37.541612,126.881769
102634,원종금호어울림,강서구,오쇠동,c_name_var,81.01,81.01,201102.0,37.528603,126.802904
42,화곡대림,강서구,화곡동,c_name_var,101.31,101.31,199208.0,37.533749,126.837229
121758,영등포중흥S-클래스,양천구,목동,c_name_var,77.64,83.86,202103.0,37.523659,126.886616
3447,신정아이파크,양천구,목동,c_name_var,86.32,86.32,200207.0,37.521766,126.871748
9797,목동대원칸타빌,양천구,목동,c_name_var,106.07,108.33,200306.0,37.531378,126.86717
11926,목동금호어울림,양천구,목동,c_name_var,106.41,106.79,200411.0,37.533928,126.868725
107728,신정뉴타운롯데캐슬,양천구,신월동,c_name_var,79.99,80.34,201402.0,37.519036,126.847468
102874,신정이펜하우스1단지,양천구,신월동,c_name_var,107.79,107.79,201107.0,37.514855,126.827274
102875,신정이펜하우스2단지,양천구,신월동,c_name_var,111.69,112.73,201104.0,37.515968,126.83048
104360,신정뉴타운두산위브,양천구,신월동,c_name_var,110.4,110.4,201211.0,37.519379,126.845653
672,신트리1단지,양천구,신정동,f_other,69.43,69.64,199905.0,37.514022,126.854411
3444,신트리4단지,양천구,신정동,f_other,66.66,67.41,200005.0,37.511138,126.850655
3354,"신도림대림1,2차(e편한세상)",양천구,신정동,c_name_var,78.42,82.54,199911.0,37.505825,126.880348
1074,신도림동아1차,양천구,신정동,c_name_var,80.68,80.68,199911.0,37.511167,126.882755
1068,고척대우,양천구,신정동,c_name_var,84.66,84.66,199902.0,37.502964,126.856017
8714,신도림5차e-편한세상,양천구,신정동,c_name_var,107.67,107.67,200308.0,37.506805,126.880796
3443,신트리3단지,양천구,신정동,f_other,109.87,110.82,200010.0,37.511963,126.853052
8742,목동우성2차,양천구,신정동,c_name_var,106.16,106.16,200003.0,37.507451,126.865426
8919,신도림7차e-편한세상,양천구,신정동,c_name_var,107.87,107.87,200406.0,37.508337,126.882684
967,영등포삼환,영등포구,당산동,c_name_var,86.64,86.64,199905.0,37.52962,126.904927
104791,래미안밤섬리베뉴I,영등포구,당산동,c_name_var,84.69,84.69,201410.0,37.547162,126.925379
3449,문래삼환,영등포구,당산동1가,c_name_var,74.43,74.43,200109.0,37.513694,126.8899
3210,신도림동아3차,영등포구,당산동1가,c_name_var,81.63,81.63,200011.0,37.509883,126.884234
3209,신도림동아2차,영등포구,당산동1가,c_name_var,85.86,85.86,200005.0,37.509096,126.885829
1221,신길경남,영등포구,당산동1가,c_name_var,86.92,86.92,199906.0,37.515832,126.918318
707,베어스타운,영등포구,당산동1가,c_name_var,105.9,105.9,199705.0,37.519147,126.885261
888,대림코오롱,영등포구,당산동1가,c_name_var,108.44,108.44,199810.0,37.506716,126.895263
3356,신도림4차e-편한세상,영등포구,당산동1가,c_name_var,114.95,114.95,200305.0,37.511129,126.887359
722,신길우성3차,영등포구,대림동,c_name_var,72.72,72.72,198904.0,37.49696,126.909079
3386,보라매롯데낙천대,영등포구,대림동,c_name_var,74.93,74.93,200308.0,37.494631,126.913501
132,신도림롯데,영등포구,대림동,c_name_var,81.27,81.27,199911.0,37.50347,126.884476
117792,신길센트럴자이,영등포구,대림동,c_name_var,79.59,85.93,202104.0,37.503154,126.907623
107424,래미안프레비뉴,영등포구,대림동,c_name_var,82.92,82.92,201512.0,37.504875,126.907791
117254,보라매SK뷰,영등포구,대림동,c_name_var,83.73,83.73,202001.0,37.50361,126.918573
3333,신림신도브래뉴,영등포구,대림동,c_name_var,103.05,106.07,200304.0,37.483885,126.91092
10663,구로중앙하이츠(1269),영등포구,도림동,c_name_var,85.07,85.07,200109.0,37.49902,126.880799
7960,대방주공2단지,영등포구,신길동,c_name_var,71.23,71.23,199504.0,37.509563,126.92947
364,대방대림,영등포구,신길동,c_name_var,84.47,84.47,199311.0,37.50752,126.924726
368,대방현대1차,영등포구,신길동,c_name_var,97.86,97.86,199408.0,37.513057,126.93069
115201,마포한강아이파크,영등포구,양평동5가,c_name_var,76.96,77.41,201908.0,37.55269,126.90306
3803,리버힐삼성,영등포구,여의도동,c_name_var,75.06,75.61,200101.0,37.534791,126.950404
1222,강변삼성스위트,영등포구,여의도동,c_name_var,79.82,80.32,199912.0,37.534044,126.948536
143,구로한신1차,구로구,가리봉동,c_name_var,60.46,60.46,198812.0,37.496403,126.873725
154299,철산자이더헤리티지,구로구,가리봉동,c_name_var,85.09,85.55,202505.0,37.482863,126.869092
163557,철산자이브리에르,구로구,가리봉동,c_name_var,81.3,81.3,202601.0,37.485553,126.868552
141,중앙구로하이츠(685-124),구로구,가리봉동,c_name_var,101.99,101.99,198711.0,37.497109,126.875931
169598,트리우스광명,구로구,개봉동,c_name_var,56.25,56.25,202412.0,37.486354,126.860526
163177,광명센트럴아이파크,구로구,개봉동,c_name_var,61.8,61.8,202511.0,37.482754,126.857974
1063,우성현대,구로구,개봉동,c_name_var,78.39,78.39,198711.0,37.498856,126.862639
17538,개봉아이파크,구로구,개봉동,c_name_var,80.54,80.54,200606.0,37.489991,126.859935
160917,광명자이더샵포레나,구로구,개봉동,c_name_var,82.68,83.42,202512.0,37.488046,126.86366
1062,개봉한진타운,구로구,개봉동,c_name_var,88.78,88.78,200001.0,37.484955,126.851689
9046,오류푸르지오,구로구,개봉동,c_name_var,105.88,105.88,200404.0,37.492041,126.841901
10151,광명롯데낙천대,구로구,개봉동,c_name_var,103.68,108.19,200502.0,37.491477,126.867398
8759,신정e-편한세상,구로구,고척동,c_name_var,109.44,109.44,200401.0,37.512768,126.843153
1718,일두맨션,구로구,궁동,c_name_var,57.75,57.75,198308.0,37.486203,126.809404
9629,금강수목원,구로구,궁동,c_name_var,81.54,81.54,200309.0,37.488297,126.832348
19415,부천동부센트레빌3단지,구로구,궁동,c_name_var,79.35,79.56,200607.0,37.491618,126.812021
102876,신정이펜하우스3단지,구로구,궁동,c_name_var,116.37,116.37,201106.0,37.512905,126.830539
102877,신정이펜하우스4단지,구로구,궁동,c_name_var,110.47,111.39,201106.0,37.510609,126.829783
1594,광명중앙하이츠1차,구로구,천왕동,c_name_var,63.13,63.13,199307.0,37.469399,126.854946
154358,호반써밋그랜드에비뉴,구로구,천왕동,c_name_var,57.89,57.89,202410.0,37.471614,126.850538
19437,광명월드메르디앙,구로구,천왕동,c_name_var,81.74,81.74,200704.0,37.47683,126.84683
11234,독산중앙하이츠빌,금천구,가산동,c_name_var,110.02,110.02,200410.0,37.464875,126.888904
1052,신림쌍용,금천구,독산동,c_name_var,84.5,84.5,199802.0,37.472296,126.911767
9449,임광관악파크,금천구,독산동,c_name_var,76.03,76.03,200309.0,37.469816,126.919309
3360,관악우방,금천구,시흥동,c_name_var,84.99,84.99,200212.0,37.449071,126.914149
10129,상도브라운스톤,동작구,노량진동,c_name_var,77.92,77.92,200712.0,37.506116,126.943929
372,본동신동아,동작구,노량진동,c_name_var,77.16,77.16,199306.0,37.509888,126.95168
9318,흑석동양,동작구,노량진동,c_name_var,79.35,79.35,200311.0,37.50048,126.958609
3811,현대한강,동작구,노량진동,c_name_var,76.65,76.65,199703.0,37.523167,126.958486
131685,흑석자이,동작구,노량진동,c_name_var,82.24,82.57,202506.0,37.501719,126.961407
8987,상도중앙하이츠빌,동작구,노량진동,c_name_var,106.03,108.59,200310.0,37.499303,126.949883
110919,상도두산위브트레지움2차,동작구,노량진동,c_name_var,112.6,117.47,201601.0,37.504079,126.942675
8753,상도아이파크,동작구,노량진동,c_name_var,107.15,107.15,200404.0,37.500888,126.942702
188978,힐스테이트장승배기역,동작구,노량진동,c_name_var,119.56,119.56,202602.0,37.505608,126.940778
464,방배현대1차,동작구,동작동,c_name_var,85.04,85.04,199911.0,37.489189,126.983417
1048,관악우성,동작구,동작동,c_name_var,87.63,87.63,200012.0,37.485423,126.959587
178737,래미안원페를라,동작구,동작동,c_name_var,113.81,113.81,202511.0,37.490294,126.989356
388,상도삼호,동작구,동작동,c_name_var,103.59,103.59,199402.0,37.493569,126.957597
767,한강대우,동작구,본동,c_name_var,81.81,81.81,200003.0,37.522454,126.970702
1045,성현동아,동작구,사당동,c_name_var,86.19,86.19,200005.0,37.489795,126.955715
9035,방배래미안,동작구,사당동,c_name_var,106.49,106.49,200310.0,37.47268,126.984172
170442,힐스테이트관악센트씨엘,동작구,상도동,c_name_var,83.24,86.61,202501.0,37.491254,126.946099
2987,관악드림타운,동작구,상도동,c_name_var,80.43,82.93,200309.0,37.490479,126.950561
63,신림동부,동작구,신대방동,c_name_var,71.5,71.5,199307.0,37.480778,126.928852
761,강촌,동작구,흑석동,c_name_var,84.06,84.06,199801.0,37.519188,126.978553
769,현대맨숀,동작구,흑석동,c_name_var,105.45,105.46,197412.0,37.518811,126.981793
3030,은천2단지,관악구,남현동,c_name_var,69.71,69.71,200009.0,37.46988,126.96462
160638,서울대벤처타운역푸르지오,관악구,신림동,c_name_var,80.98,80.98,202505.0,37.460668,126.932754
25778,방배서리풀e-편한세상,서초구,방배동,c_name_var,85.42,85.42,201002.0,37.484312,126.998447
472,"임광1,2차",서초구,방배동,c_name_var,116.28,116.28,198511.0,37.476908,127.002419
504,양재우성,서초구,서초동,c_name_var,89.42,89.42,199111.0,37.474905,127.031343
118791,서초센트럴아이파크,서초구,서초동,c_name_var,104.92,107.07,202009.0,37.487007,127.01165
18,논현신동아,서초구,잠원동,c_name_var,103.86,103.86,199707.0,37.514887,127.022874
483,대치2단지,강남구,개포동,c_name_var,56.4,56.4,199210.0,37.494658,127.075486
419,대청,강남구,개포동,c_name_var,56.5,56.5,199210.0,37.495077,127.077121
3040,도곡삼성래미안,강남구,개포동,c_name_var,81.35,81.35,200112.0,37.489972,127.050406
65,"개포우성1,2차",강남구,개포동,c_name_var,101.09,102.48,198312.0,37.491424,127.059787
154,"선경1,2차",강남구,개포동,c_name_var,101.66,102.27,198312.0,37.49228,127.062918
111332,삼성센트럴아이파크,강남구,논현동,c_name_var,74.23,74.23,201803.0,37.515496,127.051194
980,삼성청담공원,강남구,논현동,c_name_var,81.95,81.95,199908.0,37.522268,127.050266
13813,역삼e-편한세상,강남구,논현동,c_name_var,79.52,79.52,200512.0,37.498632,127.049324
473,서광,강남구,논현동,e_area_fail,77.04,77.04,199811.0,37.517041,127.04271
428,삼성롯데,강남구,논현동,c_name_var,79.36,79.36,200004.0,37.518,127.048784
24009,삼성힐스테이트1단지,강남구,논현동,c_name_var,109.4,109.62,200812.0,37.516721,127.048834
3,동현,강남구,논현동,c_name_var,102.47,102.47,198508.0,37.51938,127.036753
408,도곡한신,강남구,도곡동,c_name_var,79.5,79.5,198807.0,37.487685,127.040609
329,역삼럭키,강남구,도곡동,c_name_var,112.0,112.0,199512.0,37.49061,127.040187
24008,삼성힐스테이트2단지,강남구,삼성동,c_name_var,55.11,56.05,200812.0,37.514112,127.051582
182057,청담르엘,강남구,삼성동,c_name_var,82.01,82.01,202511.0,37.521853,127.059077
982,청담현대3차,강남구,삼성동,c_name_var,108.28,108.28,199906.0,37.527354,127.053394
176758,아크로삼성,강남구,삼성동,c_name_var,116.06,116.76,202502.0,37.519965,127.059651
103602,강남LH1단지(e편한세상),강남구,세곡동,c_name_var,81.83,82.0,201306.0,37.466828,127.102801
827,수서1-2단지,강남구,수서동,c_name_var,58.75,58.75,199211.0,37.493062,127.089575
595,가락대림,강남구,수서동,c_name_var,88.85,88.85,198811.0,37.499404,127.118675
594,가락금호,강남구,수서동,c_name_var,81.11,81.11,199708.0,37.496709,127.116207
107544,송파파크하비오푸르지오,강남구,수서동,c_name_var,115.48,116.38,201609.0,37.480506,127.123239
102737,한남더힐,강남구,신사동,c_name_var,87.05,87.56,201101.0,37.537322,127.009784
563,극동그린,강남구,압구정동,c_name_var,83.52,83.52,199710.0,37.541954,127.009825
562,옥수극동,강남구,압구정동,c_name_var,80.09,80.09,198612.0,37.54326,127.0115
1179,옥수삼성,강남구,압구정동,c_name_var,85.69,85.69,199904.0,37.542421,127.013983
564,옥수하이츠,강남구,압구정동,c_name_var,105.8,105.8,199803.0,37.540242,127.016275
108405,트리마제,강남구,청담동,c_name_var,74.09,74.09,201705.0,37.538893,127.044942
93,자양우성3차,강남구,청담동,c_name_var,87.91,89.98,198912.0,37.536311,127.071645
87,한강우성,강남구,청담동,c_name_var,103.99,103.99,199312.0,37.532866,127.065544
135887,롯데캐슬리버파크시그니처,강남구,청담동,c_name_var,111.85,112.94,202307.0,37.53789,127.062785
3418,강변건영,강남구,청담동,c_name_var,95.56,109.84,200202.0,37.540242,127.04488
3431,송파삼성래미안,송파구,가락동,c_name_var,119.48,119.48,200112.0,37.504744,127.118295
125343,위례로제비앙,송파구,거여동,c_name_var,68.46,68.58,202109.0,37.487065,127.158637
104126,송파위례24단지꿈에그린,송파구,거여동,c_name_var,70.87,74.08,201311.0,37.476255,127.139377
139920,송파레이크힐,송파구,거여동,c_name_var,96.47,108.99,202108.0,37.486247,127.144602
180737,잠실래미안아이파크,송파구,방이동,c_name_var,68.98,68.98,202512.0,37.518402,127.111345
3317,둔촌신동아(파밀리에),송파구,방이동,c_name_var,84.85,86.04,200211.0,37.529319,127.141981
1296,둔촌신성미소지움,송파구,방이동,c_name_var,87.26,87.26,199805.0,37.527848,127.142846
649,풍납현대,송파구,방이동,c_name_var,101.17,102.85,199511.0,37.529526,127.118728
103,자양현대3차,송파구,신천동,c_name_var,78.95,78.95,199612.0,37.528249,127.083546
625,현대리버빌2차,송파구,신천동,c_name_var,87.29,87.29,199911.0,37.532249,127.116569
643,동아한가람,송파구,풍납동,c_name_var,74.56,74.56,199506.0,37.537339,127.115241
24721,광장현대파크빌10차,송파구,풍납동,c_name_var,75.12,75.51,200008.0,37.544274,127.101682
75,광장현대5단지,송파구,풍납동,c_name_var,73.68,73.68,198904.0,37.539665,127.099836
74,광장현대3단지,송파구,풍납동,c_name_var,73.22,73.22,199010.0,37.540702,127.098828
84,현대프라임,송파구,풍납동,c_name_var,81.84,85.67,199703.0,37.53731,127.09798
173857,더샵강동센트럴시티,송파구,풍납동,c_name_var,83.81,85.38,202512.0,37.539183,127.128938
100514,광장힐스테이트,송파구,풍납동,c_name_var,82.75,82.75,201203.0,37.543547,127.099665
993,성내삼성,송파구,풍납동,c_name_var,85.31,85.31,199909.0,37.53131,127.125937
175257,e편한세상강동프레스티지원,송파구,풍납동,c_name_var,99.89,112.66,202601.0,37.54263,127.127051
1004,천호태영,송파구,풍납동,c_name_var,108.87,109.71,199911.0,37.538494,127.12996
3335,광장신동아파밀리에,송파구,풍납동,c_name_var,107.03,107.5,200710.0,37.546893,127.10483
80,광나루현대,송파구,풍납동,c_name_var,103.72,104.14,199604.0,37.547082,127.108314
81,구의현대2단지,송파구,풍납동,c_name_var,104.75,107.75,199612.0,37.53951,127.096126
7956,동아하이빌,송파구,풍납동,c_name_var,110.92,110.92,200006.0,37.544788,127.134255
109097,미사강변도시8단지스타힐스,강동구,강일동,c_name_var,71.27,71.53,201611.0,37.571594,127.184927
112142,e편한세상미사,강동구,강일동,c_name_var,112.93,112.93,201806.0,37.555005,127.193975
171078,미사강변리슈빌NHF,강동구,강일동,c_name_var,102.48,102.48,201801.0,37.57284,127.180394
104311,리버나인,강동구,강일동,c_name_var,99.85,113.2,201407.0,37.576387,127.18736
1324,명일중앙하이츠,강동구,고덕동,c_name_var,82.91,82.91,199205.0,37.550909,127.159626
9682,강동현대홈타운,강동구,고덕동,c_name_var,84.09,84.09,200408.0,37.556621,127.138318
108187,고덕래미안힐스테이트,강동구,고덕동,c_name_var,82.55,82.57,201612.0,37.559113,127.148905
118210,고덕센트럴아이파크,강동구,고덕동,c_name_var,82.26,82.7,201912.0,37.552385,127.166706
1311,명일삼환,강동구,고덕동,c_name_var,106.32,106.32,199206.0,37.55377,127.15381
903,명일GS,강동구,길동,c_name_var,81.74,81.74,199912.0,37.549082,127.146089
1314,고덕주공9단지,강동구,길동,c_name_var,103.56,108.82,198511.0,37.547941,127.151556
8755,GS강동자이,강동구,길동,c_name_var,110.62,110.62,200311.0,37.537495,127.14862
997,천호삼성,강동구,길동,c_name_var,109.59,109.59,199705.0,37.538722,127.135299
3118,선사현대,강동구,암사동,c_name_var,80.29,81.61,200006.0,37.552448,127.125871
100395,"광명하안현대1,2단지",광명시,광명동,c_name_var,69.36,71.86,199512.0,37.468431,126.863925
22727,브라운스톤광명2단지,광명시,광명동,c_name_var,83.17,83.17,200705.0,37.47175,126.864225
3089,석수LG빌리지,광명시,소하동,c_name_var,78.37,78.37,200105.0,37.428968,126.901389
8483,석수두산위브,광명시,소하동,c_name_var,107.17,107.5,201009.0,37.433192,126.901215
100232,광명역세권루미엘,광명시,소하동,c_name_var,99.88,113.32,201102.0,37.432735,126.88225
179517,LH옥길센트럴힐,광명시,옥길동,c_name_var,101.69,114.52,201707.0,37.462348,126.824693
110485,옥길제일풍경채제이드카운티,광명시,옥길동,c_name_var,99.09,112.01,201710.0,37.465166,126.827299
129842,주공2-2단지,군포시,금정동,c_name_var,63.57,63.57,199306.0,37.357349,126.933774
2906,주몽주공10단지,군포시,금정동,c_name_var,60.34,60.34,199505.0,37.36403,126.927974
2630,설악주공8단지,군포시,금정동,c_name_var,60.74,60.74,199605.0,37.358028,126.92
2626,금강주공9단지1차,군포시,금정동,c_name_var,57.28,61.03,199407.0,37.360048,126.920118
3865,주공2-1단지,군포시,금정동,c_name_var,58.87,62.36,199306.0,37.356419,126.934637
1470,무궁화건영,군포시,금정동,c_name_var,66.69,66.69,199209.0,37.379627,126.956172
2625,개나리주공13단지,군포시,금정동,c_name_var,66.78,68.93,199511.0,37.37387,126.93139
2628,매화주공14단지2차,군포시,금정동,c_name_var,68.93,70.29,199510.0,37.375432,126.936427
152005,평촌두산위브더프라임,군포시,금정동,c_name_var,71.67,71.67,202512.0,37.367376,126.951938
8386,율곡주공3단지,군포시,금정동,c_name_var,75.16,75.16,199405.0,37.354463,126.932298
18607,e편한세상금정역에코센트럴,군포시,금정동,c_name_var,80.21,80.21,200706.0,37.366091,126.937789
3864,세종주공6단지,군포시,금정동,c_name_var,80.49,85.35,199407.0,37.358887,126.929232
2896,금강주공9단지2차,군포시,금정동,c_name_var,81.04,81.04,199606.0,37.360971,126.92252
2898,우륵주공7단지,군포시,금정동,c_name_var,80.49,84.8,199407.0,37.36009,126.925727
2887,우방목련,군포시,금정동,c_name_var,108.5,108.5,199410.0,37.367553,126.928963
2889,묘향롯데,군포시,금정동,c_name_var,114.33,114.33,199307.0,37.362517,126.921211
138694,삼성마을더숲,군포시,당동,c_name_var,72.62,72.96,201406.0,37.338987,126.930723
8960,한라주공4단지2차,군포시,당동,c_name_var,80.63,86.59,199711.0,37.344451,126.926187
8036,호계e-편한세상,군포시,당동,c_name_var,82.13,82.13,200312.0,37.36423,126.962595
12939,청천마을대우,군포시,당동,c_name_var,107.01,107.33,200403.0,37.342733,126.951661
3581,용호마을LG1차,군포시,당동,c_name_var,118.09,118.09,200302.0,37.34725,126.938754
14490,당정마을LG2차,군포시,당동,c_name_var,116.44,116.44,200304.0,37.345095,126.955815
143058,e편한세상고천파크루체,군포시,당정동,c_name_var,78.54,83.94,202308.0,37.347747,126.967922
26398,군포대야미e-편한세상,군포시,대야미동,c_name_var,81.63,81.63,200806.0,37.325583,126.916312
24088,센트럴아이파크,군포시,대야미동,f_other,79.75,79.75,200709.0,37.331818,126.915308
118214,LH송정마을,군포시,도마교동,c_name_var,72.49,72.62,201907.0,37.313687,126.926181
8795,이안의왕역센트럴,군포시,부곡동,c_name_var,78.21,78.59,200309.0,37.32355,126.955719
3933,농장마을신안,김포시,감정동,c_name_var,70.68,70.68,199812.0,37.619079,126.710134
3654,쌍용,김포시,감정동,d_geo_fail,75.03,75.03,199807.0,37.624951,126.697778
3876,북변대우,김포시,감정동,c_name_var,70.74,70.74,199503.0,37.62982,126.70327
8167,퀸스타운동성,김포시,감정동,c_name_var,80.52,80.52,199907.0,37.615944,126.688067
11376,불로e-편한세상,김포시,감정동,c_name_var,79.69,79.69,200506.0,37.618729,126.694701
8168,퀸스타운길훈,김포시,감정동,c_name_var,79.72,79.72,199906.0,37.614288,126.686646
2519,퀸스타운신명,김포시,감정동,c_name_var,79.7,80.5,199811.0,37.617475,126.689637
3877,북변산호,김포시,감정동,c_name_var,76.78,78.43,199506.0,37.62868,126.70485
125319,검단대광로제비앙센트럴포레,김포시,감정동,c_name_var,85.27,86.61,202202.0,37.611996,126.689967
3872,푸른실크벨리1차,김포시,감정동,c_name_var,78.95,88.93,200104.0,37.619377,126.700365
26120,삼보해피하임2단지,김포시,감정동,c_name_var,115.77,115.77,200711.0,37.609863,126.685762
26119,삼보해피하임1단지,김포시,감정동,c_name_var,116.08,116.08,200711.0,37.611362,126.68526
156458,신검단중앙역금강펜테리움센트럴파크,김포시,감정동,c_name_var,97.55,110.37,202510.0,37.610183,126.694745
4706,풍년3단지서광신안,김포시,감정동,c_name_var,104.08,104.08,199907.0,37.626118,126.713637
101735,중봉마을신안실크밸리,김포시,감정동,c_name_var,112.48,113.75,201212.0,37.622096,126.696863
26924,오스타파라곤1블록,김포시,감정동,c_name_var,112.97,114.39,201012.0,37.634763,126.704119
26801,오스타파라곤2블록,김포시,감정동,c_name_var,112.83,113.22,201012.0,37.633149,126.705676
148117,신검단중앙역풍경채어바니티2차,김포시,감정동,c_name_var,97.82,110.81,202503.0,37.611302,126.697016
149425,힐스테이트검단포레스트,김포시,감정동,c_name_var,110.52,111.67,202412.0,37.616416,126.683201
8741,오룡한화,김포시,고촌읍,c_name_var,108.28,108.28,200211.0,37.602681,126.766565
3874,숲속대우,김포시,고촌읍,c_name_var,106.82,106.82,200011.0,37.605644,126.768215
110479,김포한강신도시모아엘가2차,김포시,구래동,c_name_var,82.45,82.77,201711.0,37.638478,126.629816
122646,한강동일스위트더파크뷰1단지,김포시,구래동,c_name_var,110.39,110.67,202012.0,37.637067,126.633971
135705,호수마을e편한세상3단지,김포시,구래동,c_name_var,108.6,110.8,201402.0,37.648111,126.629575
101566,김포한강신원아침도시고다니마을,김포시,구래동,c_name_var,99.09,112.53,201007.0,37.655157,126.631145
122647,한강동일스위트더파크뷰2단지,김포시,구래동,c_name_var,108.57,108.84,202012.0,37.634923,126.641078
101347,호수마을e편한세상2단지,김포시,구래동,c_name_var,108.67,110.88,201302.0,37.649824,126.628852
4702,풍년2단지청구한라,김포시,북변동,c_name_var,73.2,73.32,199812.0,37.6224,126.71907
3934,풍년1단지진흥흥화,김포시,북변동,c_name_var,73.29,73.29,199811.0,37.62378,126.724813
3922,김포길훈,김포시,북변동,c_name_var,74.13,74.13,199305.0,37.61319,126.71926
3935,풍년1단지현대,김포시,북변동,c_name_var,73.36,73.43,199811.0,37.62039,126.72251
4909,풍년3단지대림,김포시,북변동,c_name_var,88.49,88.49,199904.0,37.623174,126.71626
3929,김포길훈4차,김포시,북변동,c_name_var,77.32,77.32,199612.0,37.615657,126.726017
4708,풍년2단지신일,김포시,북변동,c_name_var,114.9,114.9,199904.0,37.62269,126.71783
3930,"풍년1단지동양,신명",김포시,북변동,b_no_trade,107.41,107.41,199904.0,37.620711,126.721003
3931,풍년1단지삼보,김포시,북변동,c_name_var,100.61,100.61,199811.0,37.62443,126.72392
3588,장릉삼성쉐르빌,김포시,사우동,c_name_var,77.98,77.98,200205.0,37.605788,126.710035
107015,풍무푸르지오,김포시,사우동,c_name_var,82.59,82.98,201606.0,37.608843,126.731716
148541,힐스테이트신검단센트럴,김포시,사우동,c_name_var,96.78,109.24,202501.0,37.606326,126.697177
151666,신검단중앙역우미린클래스원,김포시,사우동,b_no_trade,112.86,113.39,202508.0,37.607296,126.700342
146059,신검단중앙역풍경채어바니티,김포시,사우동,c_name_var,109.79,110.66,202411.0,37.605446,126.701291
8171,양도대림e편한세상,김포시,사우동,c_name_var,99.22,99.23,200309.0,37.604648,126.720372
3868,전원월드3단지,김포시,운양동,c_name_var,82.37,82.37,200004.0,37.6452,126.6881
3867,전원월드2단지,김포시,운양동,c_name_var,82.4,82.4,200004.0,37.647042,126.68522
3866,전원월드1단지,김포시,운양동,c_name_var,79.79,81.76,199904.0,37.646064,126.684818
110544,한강신도시2차KCC스위첸,김포시,운양동,c_name_var,112.5,113.97,201802.0,37.643862,126.691286
100674,수정마을쌍용예가,김포시,운양동,c_name_var,109.95,110.97,201106.0,37.642542,126.680835
114583,한신더휴테라스12단지,김포시,운양동,c_name_var,106.76,107.53,201704.0,37.651048,126.694735
100380,고창마을케이씨씨스위첸,김포시,장기동,c_name_var,81.0,81.64,201110.0,37.645741,126.66326
3587,청송현대홈타운2단지,김포시,장기동,c_name_var,109.12,109.12,200112.0,37.647698,126.668245
3919,청송현대홈타운3단지,김포시,장기동,c_name_var,107.47,107.47,200103.0,37.649092,126.66643
26227,고창마을제일풍경채,김포시,장기동,c_name_var,112.42,112.42,200803.0,37.643139,126.66342
26242,한강신도시어울림,김포시,장기동,c_name_var,110.19,111.56,200905.0,37.644837,126.66458
101351,한강신도시초당마을중흥S-클래스리버티,김포시,장기동,c_name_var,109.7,109.83,201206.0,37.638452,126.669512
3920,마송현대1차,김포시,통진읍,c_name_var,70.49,70.49,199711.0,37.692743,126.594058
3923,당곡1단지범양,김포시,풍무동,c_name_var,74.12,74.12,199812.0,37.599073,126.721328
130335,우미린더헤리티지,김포시,풍무동,c_name_var,81.9,82.29,202210.0,37.592542,126.720316
130792,검단신도시대방디에트르리버파크,김포시,풍무동,c_name_var,82.65,83.1,202210.0,37.590618,126.720172
8161,당곡3단지월드메르디앙,김포시,풍무동,c_name_var,80.97,80.97,200208.0,37.602544,126.7182
3926,유현마을신동아,김포시,풍무동,c_name_var,78.74,78.74,199911.0,37.597569,126.723143
115483,한화포레나김포풍무4단지,김포시,풍무동,c_name_var,82.23,82.64,201812.0,37.599793,126.725159
128333,검단신도시모아엘가그랑데,김포시,풍무동,c_name_var,79.27,80.09,202301.0,37.593674,126.719247
128034,검단신도시로제비앙라포레,김포시,풍무동,b_no_trade,99.29,108.21,202205.0,37.60412,126.711199
124980,검단신도시푸르지오더베뉴,김포시,풍무동,c_name_var,99.07,110.61,202108.0,37.598321,126.709549
8160,당곡2단지현대,김포시,풍무동,c_name_var,104.03,104.03,200112.0,37.598773,126.71942
124847,호반써밋1차,김포시,풍무동,c_name_var,96.38,110.95,202106.0,37.595613,126.709228
148022,아라역금강펜테리움더시글로2차,김포시,풍무동,c_name_var,115.21,115.28,202506.0,37.591016,126.706783
128423,검단신도시디에트르더힐,김포시,풍무동,b_no_trade,99.21,109.74,202209.0,37.602248,126.709011
128035,검단신도시예미지트리플에듀,김포시,풍무동,b_no_trade,102.53,110.48,202206.0,37.60081,126.713173
125933,검단신도시파라곤보타닉파크,김포시,풍무동,c_name_var,112.11,112.14,202205.0,37.59962,126.706738
124978,우미린더시그니처,김포시,풍무동,c_name_var,98.89,112.64,202201.0,37.595922,126.71172
124846,검단금호어울림센트럴(AB14BL),김포시,풍무동,c_name_var,99.31,111.71,202106.0,37.596858,126.714143
14462,소새울역중흥S클래스,부천시 소사구,계수동,c_name_var,95.53,110.98,200606.0,37.471514,126.802933
9110,소사SK뷰,부천시 소사구,계수동,c_name_var,107.85,108.91,200406.0,37.477517,126.800463
2636,부천롯데,부천시 소사구,소사본동,c_name_var,85.52,85.52,198411.0,37.476224,126.779772
1398,반달동아,부천시 소사구,송내동,c_name_var,64.68,64.68,199303.0,37.492204,126.749172
1394,반달극동,부천시 소사구,송내동,c_name_var,55.01,55.01,199405.0,37.490594,126.750364
1399,반달선경,부천시 소사구,송내동,c_name_var,64.68,64.68,199303.0,37.493221,126.749099
11144,송내복사골뜨란채,부천시 소사구,송내동,c_name_var,70.16,70.16,200410.0,37.481186,126.756151
1392,반달건영,부천시 소사구,송내동,c_name_var,70.37,75.56,199303.0,37.492671,126.750804
25776,복사골건영,부천시 소사구,송내동,c_name_var,74.56,74.56,199212.0,37.494412,126.768156
1428,연화건영,부천시 소사구,송내동,c_name_var,66.47,66.47,199403.0,37.495074,126.781602
1393,반달삼익,부천시 소사구,송내동,c_name_var,72.68,72.68,199310.0,37.49348,126.75243
12683,부천중동역푸르지오,부천시 소사구,송내동,c_name_var,80.12,80.12,200509.0,37.48538,126.765218
1706,송내동신,부천시 소사구,송내동,c_name_var,81.31,81.31,198511.0,37.47966,126.76337
22104,GS부평자이,부천시 소사구,송내동,c_name_var,85.64,85.64,200609.0,37.476948,126.749879
26076,부천중동역푸르지오2차A단지,부천시 소사구,송내동,c_name_var,83.16,83.2,200808.0,37.485231,126.767301
25826,한라주공2단지(뜨란채),부천시 오정구,내동,c_name_var,57.11,57.11,199509.0,37.510008,126.762878
8406,설악주공,부천시 오정구,내동,c_name_var,59.85,59.85,199308.0,37.508479,126.770934
22142,덕유주공3단지,부천시 오정구,내동,c_name_var,56.26,56.26,199605.0,37.50952,126.76873
1433,은하마을주공1단지,부천시 오정구,내동,c_name_var,57.91,57.91,199507.0,37.507135,126.768139
22144,덕유주공2단지,부천시 오정구,내동,c_name_var,58.15,63.5,199608.0,37.508519,126.766014
1436,중흥마을주공,부천시 오정구,내동,c_name_var,57.9,57.9,199504.0,37.506725,126.771211
13824,은하마을주공2단지,부천시 오정구,내동,c_name_var,60.18,60.18,199509.0,37.507591,126.764365
22145,덕유주공4단지,부천시 오정구,내동,c_name_var,58.87,58.87,199705.0,37.509619,126.76699
8407,한라마을주공3단지(뜨란채),부천시 오정구,삼정동,c_name_var,55.07,55.07,199604.0,37.510316,126.761289
3612,라일락신성미소지움,부천시 오정구,삼정동,c_name_var,86.35,88.32,200211.0,37.511319,126.752993
8247,다정한금강KCC,부천시 오정구,삼정동,c_name_var,115.65,115.65,200302.0,37.513249,126.755777
3597,진달래대림e-편한세상,부천시 오정구,삼정동,c_name_var,114.87,114.87,200208.0,37.51125,126.75816
3601,라일락동양덱스빌,부천시 오정구,삼정동,c_name_var,113.08,113.08,200209.0,37.51071,126.75077
3602,다정한삼성래미안,부천시 오정구,삼정동,c_name_var,113.07,113.07,200209.0,37.51445,126.75897
3608,다정한경남아너스빌,부천시 오정구,삼정동,c_name_var,109.24,109.24,200210.0,37.51474,126.756149
3609,라일락경남아너스빌,부천시 오정구,삼정동,c_name_var,109.91,109.91,200210.0,37.51185,126.75095
1415,꿈건영서안,부천시 오정구,여월동,c_name_var,75.32,75.32,199402.0,37.498983,126.780555
1414,꿈삼환한진,부천시 오정구,여월동,c_name_var,79.37,79.37,199407.0,37.50113,126.77948
1413,꿈동아,부천시 오정구,여월동,c_name_var,76.89,76.89,199312.0,37.50022,126.77984
1435,중흥신동아영남,부천시 원미구,도당동,c_name_var,119.2,119.2,199312.0,37.5055,126.77079
1419,"미리내금호,한양,한신",부천시 원미구,상동,b_no_trade,57.02,57.39,199412.0,37.500226,126.77358
1405,한아름한국,부천시 원미구,상동,c_name_var,64.22,64.22,199612.0,37.49676,126.75457
1409,그린타운우성2차,부천시 원미구,상동,c_name_var,74.89,74.89,199412.0,37.497214,126.775065
1420,미리내동성,부천시 원미구,상동,c_name_var,66.32,66.32,199302.0,37.499215,126.769932
8283,미리내은하수타운,부천시 원미구,상동,c_name_var,68.6,68.6,199302.0,37.500435,126.770296
1429,연화대원,부천시 원미구,상동,c_name_var,70.42,70.42,199510.0,37.496584,126.780356
1430,연화쌍용,부천시 원미구,상동,c_name_var,77.34,77.34,199402.0,37.497873,126.780347
9413,하얀경남,부천시 원미구,상동,c_name_var,80.1,80.1,200204.0,37.498114,126.754264
1438,포도삼보영남,부천시 원미구,상동,c_name_var,76.41,76.41,199410.0,37.501322,126.759402
1406,"한아름라이프,현대",부천시 원미구,상동,c_name_var,77.51,77.86,199304.0,37.495408,126.749718
1404,"한아름삼환,동아,동성",부천시 원미구,상동,c_name_var,81.46,81.46,199411.0,37.495563,126.752463
1424,보람마을동남,부천시 원미구,상동,c_name_var,78.17,78.17,199503.0,37.49726,126.76069
1418,무지개LG,부천시 원미구,상동,c_name_var,76.3,76.3,199305.0,37.49669,126.76656
1421,미리내롯데,부천시 원미구,상동,c_name_var,81.96,88.5,199302.0,37.498456,126.774016
3613,푸른한라비발디,부천시 원미구,상동,c_name_var,89.42,89.42,200206.0,37.50247,126.7559
1425,보람마을아주,부천시 원미구,상동,c_name_var,76.33,76.33,199505.0,37.498824,126.758335
3611,백송풍림아이원,부천시 원미구,상동,c_name_var,87.28,87.28,200203.0,37.49871,126.74879
1417,무지개동신,부천시 원미구,상동,c_name_var,78.68,78.68,199307.0,37.49823,126.76712
3610,푸른창보밀레시티,부천시 원미구,상동,b_no_trade,116.4,116.4,200204.0,37.50273,126.75383
3596,행복한금호어울림,부천시 원미구,상동,c_name_var,116.03,116.03,200207.0,37.503459,126.749312
3615,진달래효성,부천시 원미구,상동,c_name_var,115.14,115.14,200209.0,37.5086,126.757483
8351,부개주공6단지(휴먼시아),부천시 원미구,상동,c_name_var,105.5,105.5,199710.0,37.49995,126.741307
3599,"라일락대우,유림",부천시 원미구,상동,b_no_trade,115.23,115.59,200208.0,37.509027,126.750147
3600,백송동남디아망,부천시 원미구,상동,b_no_trade,114.91,115.84,200212.0,37.498111,126.750533
10726,행복한한양수자인,부천시 원미구,상동,c_name_var,116.01,116.01,200209.0,37.501706,126.748844
9945,백송상동자이,부천시 원미구,상동,c_name_var,109.19,109.19,200308.0,37.500461,126.748718
2969,청솔주공9단지,성남시 분당구,구미동,c_name_var,60.47,60.47,199509.0,37.352416,127.11429
2900,청솔유천화인,성남시 분당구,구미동,c_name_var,56.8,56.8,199511.0,37.354141,127.107655
2617,무지개4단지주공,성남시 분당구,구미동,c_name_var,66.78,66.78,199511.0,37.339172,127.116928
2879,청솔계룡,성남시 분당구,구미동,c_name_var,74.79,74.79,199606.0,37.353011,127.107205
1353,까치신원,성남시 분당구,구미동,c_name_var,75.3,75.3,199508.0,37.349116,127.114035
2591,"까치롯데,선경",성남시 분당구,구미동,b_no_trade,70.33,70.33,199507.0,37.347022,127.113563
11491,까치건영,성남시 분당구,구미동,c_name_var,72.71,73.8,199506.0,37.348222,127.107815
2675,무지개12단지주공,성남시 분당구,구미동,c_name_var,66.78,68.46,199507.0,37.334959,127.11867
1576,"까치대우,롯데,선경",성남시 분당구,구미동,b_no_trade,68.42,68.42,199511.0,37.349988,127.117445
2194,무지개1단지대림,성남시 분당구,구미동,c_name_var,67.87,67.87,199507.0,37.335029,127.117259
2942,"청솔서광,영남",성남시 분당구,구미동,b_no_trade,72.01,72.01,199507.0,37.351956,127.107094
1705,무지개2단지LG,성남시 분당구,구미동,c_name_var,70.54,70.54,199508.0,37.33692,127.114618
1382,까치주공2단지,성남시 분당구,구미동,c_name_var,66.78,69.15,199504.0,37.347877,127.117097
1873,"무지개마을3단지신한,건영",성남시 분당구,구미동,c_name_var,69.12,69.17,199602.0,37.339047,127.114706
24301,벽산타운4단지,성남시 분당구,구미동,c_name_var,81.77,81.77,199903.0,37.33461,127.104704
2223,벽산타운1단지,성남시 분당구,구미동,c_name_var,79.59,79.59,199709.0,37.33661,127.10489
10422,도담마을우미이노스빌,성남시 분당구,구미동,c_name_var,86.77,86.77,200410.0,37.326134,127.119495
24290,용인수지벽산타운2단지,성남시 분당구,구미동,c_name_var,81.56,81.56,199709.0,37.33557,127.105347
24299,벽산타운3단지,성남시 분당구,구미동,c_name_var,77.13,78.4,199709.0,37.334853,127.106946
2789,무지개5단지청구,성남시 분당구,구미동,c_name_var,83.66,83.66,199507.0,37.339426,127.118437
8165,대주한신,성남시 분당구,구미동,c_name_var,98.42,109.54,199804.0,37.328018,127.112342
7966,한솔4단지주공,성남시 분당구,궁내동,c_name_var,57.53,61.84,199405.0,37.368282,127.118834
2767,한솔5단지주공,성남시 분당구,궁내동,c_name_var,57.4,61.79,199410.0,37.365039,127.117754
2637,상록임광보성,성남시 분당구,궁내동,c_name_var,65.87,65.87,199505.0,37.357336,127.107143
2784,한솔6단지주공,성남시 분당구,궁내동,c_name_var,57.9,57.9,199506.0,37.36508,127.115981
2623,상록라이프,성남시 분당구,궁내동,c_name_var,66.38,66.38,199406.0,37.362778,127.11191
2690,정든신화,성남시 분당구,궁내동,c_name_var,70.42,70.42,199506.0,37.362948,127.117767
2742,정든한진7차,성남시 분당구,궁내동,c_name_var,66.91,66.91,199412.0,37.360517,127.11556
2645,상록우성,성남시 분당구,궁내동,c_name_var,74.18,74.18,199406.0,37.364204,127.112097
3014,느티마을공무원4단지,성남시 분당구,궁내동,c_name_var,80.13,84.55,199411.0,37.367363,127.113753
153998,느티마을공무원3단지,성남시 분당구,궁내동,c_name_var,84.55,84.55,199411.0,37.367972,127.111104
1354,청솔한라,성남시 분당구,궁내동,c_name_var,78.38,89.5,199512.0,37.35581,127.10731
100443,더헤리티지,성남시 분당구,궁내동,c_name_var,78.4,78.4,200909.0,37.358777,127.097587
2907,청솔공무원,성남시 분당구,궁내동,c_name_var,80.13,84.55,199411.0,37.355866,127.111766
2829,정든한진8차,성남시 분당구,궁내동,c_name_var,105.38,105.38,199506.0,37.360005,127.118174
118128,더샵판교퍼스트파크,성남시 분당구,궁내동,c_name_var,115.62,116.25,202106.0,37.383235,127.094735
2797,한솔1단지청구,성남시 분당구,금곡동,c_name_var,64.18,64.18,199404.0,37.364278,127.122132
2663,정든동아2단지,성남시 분당구,금곡동,c_name_var,64.69,64.69,199505.0,37.360127,127.121198
2719,정든우성6단지,성남시 분당구,금곡동,c_name_var,64.69,64.69,199406.0,37.361885,127.122656
8361,수진마을1단지써니벨리,성남시 분당구,금곡동,c_name_var,109.6,109.6,200401.0,37.337237,127.09341
124832,더샵판교포레스트11단지,성남시 분당구,대장동,c_name_var,111.34,112.81,202105.0,37.36805,127.074079
124826,더샵판교포레스트12단지,성남시 분당구,대장동,c_name_var,113.17,114.64,202105.0,37.364741,127.072591
2415,아름6단지선경,성남시 분당구,백현동,c_name_var,55.88,55.88,199310.0,37.395726,127.122093
2578,이매한신,성남시 분당구,백현동,c_name_var,67.44,67.44,199210.0,37.388439,127.126096
2063,"푸른벽산,신성,쌍용",성남시 분당구,백현동,c_name_var,71.56,71.56,199206.0,37.369695,127.126283
27631,판교원7단지모아미래도,성남시 분당구,백현동,c_name_var,76.43,79.27,200901.0,37.387968,127.092348
27632,판교원6단지판교대광로제비앙,성남시 분당구,백현동,c_name_var,77.55,78.38,200905.0,37.387916,127.090385
27497,봇들8단지한신휴플러스,성남시 분당구,백현동,c_name_var,111.01,111.01,200911.0,37.395589,127.114674
27204,판교원9단지한림풀에버,성남시 분당구,백현동,b_no_trade,96.86,113.65,200903.0,37.390327,127.096746
2445,이매금강,성남시 분당구,백현동,c_name_var,101.97,101.97,199207.0,37.390675,127.123845
2530,이매성지,성남시 분당구,백현동,c_name_var,102.99,102.99,199209.0,37.393965,127.126506
27569,판교원5단지푸르지오,성남시 분당구,백현동,c_name_var,107.25,107.51,200910.0,37.387694,127.088308
27570,봇들7단지엔파트,성남시 분당구,백현동,c_name_var,107.42,107.83,200907.0,37.397053,127.11521
1525,아름5단지풍림,성남시 분당구,백현동,c_name_var,95.77,95.77,199308.0,37.39676,127.121798
1724,효자촌동아,성남시 분당구,분당동,c_name_var,72.39,72.39,199207.0,37.377814,127.135727
1687,장안타운건영2차,성남시 분당구,분당동,c_name_var,68.24,68.24,199312.0,37.370527,127.141072
1789,효자촌현대,성남시 분당구,분당동,c_name_var,74.88,74.88,199205.0,37.37544,127.13266
1777,효자촌임광,성남시 분당구,분당동,c_name_var,70.82,70.82,199207.0,37.376179,127.137642
1817,효자촌그린타운,성남시 분당구,분당동,c_name_var,73.48,73.48,199408.0,37.371569,127.136987
1821,"삼성,한신",성남시 분당구,분당동,c_name_var,73.4,73.4,199109.0,37.384173,127.126891
2813,한솔3단지한일,성남시 분당구,분당동,c_name_var,77.84,77.84,199310.0,37.366916,127.120509
2583,효자촌삼환,성남시 분당구,분당동,c_name_var,101.56,101.56,199205.0,37.373278,127.134051
2876,탑선경,성남시 분당구,삼평동,c_name_var,67.78,67.78,199208.0,37.408205,127.12084
2229,장미8단지현대,성남시 분당구,삼평동,c_name_var,75.8,75.8,199304.0,37.415601,127.13152
2217,장미1단지코오롱,성남시 분당구,삼평동,c_name_var,78.35,78.35,199302.0,37.415195,127.12503
2484,이매동신9단지,성남시 분당구,삼평동,c_name_var,77.04,77.04,199210.0,37.398333,127.127393
100267,판교봇들마을3단지,성남시 분당구,삼평동,c_name_var,80.68,81.16,200907.0,37.40298,127.115145
2198,장미1단지동부,성남시 분당구,삼평동,c_name_var,78.19,88.8,199302.0,37.415256,127.125868
2555,이매청구,성남시 분당구,삼평동,c_name_var,80.13,80.13,199208.0,37.392151,127.127307
2872,탑경남,성남시 분당구,삼평동,c_name_var,106.15,106.15,199402.0,37.40716,127.13063
27239,봇들2단지이지더원,성남시 분당구,삼평동,c_name_var,106.62,106.62,200902.0,37.407129,127.117916
2537,이매진흥,성남시 분당구,삼평동,c_name_var,102.32,102.32,199304.0,37.396258,127.12709
27205,봇들1단지판교신미주,성남시 분당구,삼평동,c_name_var,109.14,109.63,200902.0,37.406685,127.112781
2493,이매삼성,성남시 분당구,삼평동,c_name_var,106.05,106.05,199404.0,37.401623,127.127491
2510,이매삼환,성남시 분당구,삼평동,c_name_var,103.91,103.91,199409.0,37.404412,127.126984
2466,이매동신3단지,성남시 분당구,삼평동,c_name_var,106.11,106.11,199210.0,37.389734,127.126973
2392,아름4단지두산삼호,성남시 분당구,삼평동,c_name_var,102.92,102.92,199209.0,37.400913,127.121761
3309,매화마을주공4단지,성남시 분당구,야탑동,c_name_var,57.53,57.53,199305.0,37.413417,127.142186
2174,매화마을주공3단지,성남시 분당구,야탑동,c_name_var,58.54,59.62,199305.0,37.415348,127.141283
2319,탑주공,성남시 분당구,야탑동,c_name_var,57.53,57.53,199305.0,37.409028,127.13469
2140,매화마을공무원2단지,성남시 분당구,야탑동,c_name_var,80.13,84.55,199507.0,37.414587,127.13579
2875,탑벽산,성남시 분당구,야탑동,c_name_var,79.04,79.04,199402.0,37.408803,127.132231
27863,산운11단지판교포레라움,성남시 분당구,운중동,c_name_var,72.19,72.19,200907.0,37.389023,127.073945
27633,산운8단지사랑으로,성남시 분당구,운중동,c_name_var,78.77,79.12,200812.0,37.392676,127.072042
27864,산운12단지판교센트럴포레와이시티,성남시 분당구,운중동,c_name_var,77.92,84.35,200907.0,37.389247,127.071457
27392,판교원3단지푸르지오,성남시 분당구,운중동,c_name_var,107.53,107.78,200910.0,37.387992,127.086148
27507,산운13단지데시앙,성남시 분당구,운중동,c_name_var,106.97,107.35,201006.0,37.386158,127.072687
128970,판교밸리포레자이,성남시 수정구,고등동,c_name_var,83.86,84.23,202109.0,37.430617,127.095467
2657,금광삼익,성남시 수정구,단대동,c_name_var,60.08,60.08,199112.0,37.449526,127.161439
9938,태평선경,성남시 수정구,단대동,c_name_var,56.99,56.99,199112.0,37.446999,127.142131
8413,선경상대원2차,성남시 수정구,단대동,c_name_var,64.49,64.49,199404.0,37.440812,127.169097
27076,중앙힐스테이트2차,성남시 수정구,단대동,c_name_var,77.04,77.04,201407.0,37.436367,127.148345
27075,중앙힐스테이트1차,성남시 수정구,단대동,c_name_var,76.86,76.86,201205.0,37.437036,127.150019
18542,성남어울림,성남시 수정구,수진동,c_name_var,81.12,81.12,200608.0,37.430637,127.138566
1749,하대원현대,성남시 수정구,신흥동,c_name_var,79.31,79.31,199503.0,37.432729,127.151265
110169,오목천역서희스타힐스,수원시 권선구,고색동,c_name_var,78.54,78.54,201612.0,37.248176,126.962795
2669,고색태산1차,수원시 권선구,고색동,c_name_var,78.78,78.78,199712.0,37.250826,126.976585
19014,오목천푸르지오1단지,수원시 권선구,고색동,c_name_var,80.43,80.43,200601.0,37.246373,126.967143
19015,오목천푸르지오2단지,수원시 권선구,고색동,c_name_var,80.42,80.42,200601.0,37.244145,126.967895
2670,고색태산2차,수원시 권선구,고색동,c_name_var,78.68,78.68,199801.0,37.252106,126.979848
1771,권선한양,수원시 권선구,곡반정동,c_name_var,56.83,56.83,199408.0,37.252988,127.021273
3625,권선3주공1단지,수원시 권선구,곡반정동,c_name_var,66.57,66.57,200105.0,37.248584,127.033707
1762,"신동아,대원",수원시 권선구,곡반정동,c_name_var,80.68,80.78,199604.0,37.248752,127.032217
137330,반정아이파크캐슬4단지,수원시 권선구,곡반정동,c_name_var,80.07,80.7,202212.0,37.237606,127.04105
146651,반월자이더파크,수원시 권선구,곡반정동,c_name_var,84.75,85.41,201604.0,37.228247,127.047992
1758,삼천리권선1차,수원시 권선구,곡반정동,c_name_var,83.24,83.24,199405.0,37.252478,127.023906
3623,권선상록3단지,수원시 권선구,곡반정동,c_name_var,81.03,81.03,200109.0,37.25099,127.03877
137187,반정아이파크캐슬5단지,수원시 권선구,곡반정동,c_name_var,81.38,81.38,202212.0,37.236521,127.043058
12681,신동탄푸르지오,수원시 권선구,곡반정동,c_name_var,103.12,103.62,200504.0,37.227675,127.044483
8491,망포마을벽산이빌리지,수원시 권선구,곡반정동,c_name_var,95.72,107.94,200207.0,37.237314,127.047307
2725,꽃뫼버들마을신동아,수원시 권선구,구운동,c_name_var,81.28,81.28,199910.0,37.286974,126.986753
142498,호매실13단지,수원시 권선구,구운동,c_name_var,85.08,85.49,201502.0,37.265139,126.959595
2721,호매실GS,수원시 권선구,구운동,c_name_var,82.11,82.22,199806.0,37.268088,126.959755
3643,꽃뫼버들마을코오롱,수원시 권선구,구운동,c_name_var,115.98,115.98,200203.0,37.284826,126.982101
7978,꽃뫼버들마을LG,수원시 권선구,구운동,c_name_var,116.69,116.69,200105.0,37.288065,126.980445
9513,수원탑동우방파크타운,수원시 권선구,구운동,c_name_var,106.18,106.18,199909.0,37.267774,126.974348
107250,수원역해모로,수원시 권선구,권선동,c_name_var,77.72,77.83,201507.0,37.264747,127.009407
1759,삼천리권선2차,수원시 권선구,권선동,c_name_var,82.85,82.85,199602.0,37.25427,127.03777
3633,매탄에듀파크시티1,수원시 권선구,권선동,c_name_var,106.35,106.42,200201.0,37.26129,127.044874
1773,금곡LG,수원시 권선구,금곡동,c_name_var,81.87,81.92,199811.0,37.273036,126.936617
104986,와이시티,수원시 권선구,금곡동,c_name_var,98.18,111.32,201408.0,37.269452,126.939836
2720,평동동남,수원시 권선구,서둔동,c_name_var,81.93,81.93,199911.0,37.26241,127.00075
8496,화서성원상떼빌,수원시 권선구,서둔동,c_name_var,84.41,84.81,200112.0,37.284881,127.004429
129264,매교역푸르지오SK뷰,수원시 권선구,세류동,c_name_var,81.84,82.6,202309.0,37.267671,127.019942
107276,수원역센트럴어반시티,수원시 권선구,세류동,c_name_var,110.23,110.23,201507.0,37.261027,127.006299
109626,우방아이유쉘2단지,수원시 권선구,오목천동,c_name_var,81.14,81.14,201704.0,37.235977,126.956217
107740,우방아이유쉘1단지,수원시 권선구,오목천동,c_name_var,80.91,80.91,201604.0,37.237357,126.956176
25553,한울마을신창비바패밀리2단지,수원시 권선구,오목천동,b_no_trade,113.49,113.63,200806.0,37.237129,126.952855
25554,한울마을신창비바패밀리1단지,수원시 권선구,오목천동,b_no_trade,114.91,115.05,200806.0,37.234283,126.95605
25983,양지마을쌍용예가,수원시 권선구,오목천동,c_name_var,111.45,111.45,200711.0,37.241989,126.953171
12913,율전이안,수원시 권선구,입북동,c_name_var,71.53,71.53,200510.0,37.296766,126.96659
2588,신나무실5단지주공,수원시 영통구,망포동,c_name_var,73.95,73.95,199712.0,37.252238,127.063408
131197,신동탄포레자이,수원시 영통구,망포동,c_name_var,81.03,81.03,202302.0,37.23835,127.065189
23773,반달마을3단지대우푸르지오,수원시 영통구,망포동,c_name_var,82.68,82.68,200707.0,37.232952,127.067681
12045,"벽적골8단지두산,우성,한신",수원시 영통구,망포동,c_name_var,80.39,80.54,199712.0,37.2477,127.059237
107825,영통SK뷰,수원시 영통구,망포동,c_name_var,84.79,85.46,201606.0,37.243015,127.06223
135200,나노시티역롯데캐슬,수원시 영통구,망포동,c_name_var,82.71,83.37,202211.0,37.227524,127.060532
7954,"신성,신안,쌍용,진흥",수원시 영통구,망포동,b_no_trade,80.8,80.8,199712.0,37.254442,127.065252
109360,e편한세상반월나노시티역,수원시 영통구,망포동,c_name_var,85.76,85.88,201702.0,37.225354,127.061811
3631,LG동수원자이3단지,수원시 영통구,망포동,c_name_var,101.23,101.23,200306.0,37.23689,127.05624
3629,망포마을현대아이파크2차,수원시 영통구,망포동,c_name_var,114.12,114.12,200210.0,37.240238,127.051215
7952,"신나무실극동,풍림",수원시 영통구,망포동,c_name_var,98.7,108.93,199909.0,37.24981,127.068544
8400,영통풍림아이원3차,수원시 영통구,망포동,c_name_var,117.32,117.32,200210.0,37.2447,127.06671
3725,신영통현대1단지,수원시 영통구,망포동,c_name_var,110.53,110.53,200110.0,37.234132,127.059541
23770,반달마을2단지두산위브,수원시 영통구,망포동,c_name_var,109.18,110.68,200707.0,37.234931,127.064873
3627,망포역마을쌍용,수원시 영통구,망포동,c_name_var,115.95,115.95,200204.0,37.243,127.05227
3726,신영통현대타운2단지,수원시 영통구,망포동,c_name_var,110.46,110.46,200203.0,37.231792,127.056606
3728,신영통현대타운4단지,수원시 영통구,망포동,c_name_var,96.35,117.62,200203.0,37.233591,127.061813
1803,"삼성,태영",수원시 영통구,망포동,c_name_var,107.82,109.96,199712.0,37.249373,127.0635
3727,신영통현대타운3단지,수원시 영통구,망포동,c_name_var,108.96,109.28,200106.0,37.23181,127.0605
12042,"신나무실6단지동보,신명",수원시 영통구,망포동,c_name_var,106.68,106.68,199712.0,37.251206,127.065032
3688,서그내마을SK,수원시 영통구,망포동,c_name_var,114.84,114.84,200205.0,37.244324,127.071148
22521,반달마을1단지두산위브,수원시 영통구,망포동,c_name_var,109.16,109.16,200707.0,37.236935,127.066448
8920,원천1차삼성,수원시 영통구,매탄동,c_name_var,69.37,69.37,199212.0,37.264822,127.062835
1786,매탄삼성3차,수원시 영통구,매탄동,c_name_var,82.45,82.45,199312.0,37.2662,127.050292
1808,영통포레파크원,수원시 영통구,영통동,c_name_var,68.96,68.99,199712.0,37.2624,127.0795
1809,청명마을주공,수원시 영통구,영통동,c_name_var,82.55,83.14,199712.0,37.25826,127.07886
1812,영통포레스트,수원시 영통구,영통동,c_name_var,81.36,82.82,199712.0,37.268058,127.083754
10685,"벽산,풍림",수원시 영통구,영통동,c_name_var,109.14,109.31,199712.0,37.266454,127.083672
10285,청현마을대명레이크빌,수원시 영통구,영통동,c_name_var,107.1,107.1,200501.0,37.26551,127.09223
27029,청명호수마을신안인스빌1단지,수원시 영통구,영통동,c_name_var,107.98,107.98,200906.0,37.255229,127.088712
134382,광교풍경채어바니티(민간임대),수원시 영통구,영통동,c_name_var,112.88,113.4,202310.0,37.270552,127.070724
112441,광교두산위브(실버주택),수원시 영통구,원천동,c_name_var,77.57,77.69,201805.0,37.280461,127.051199
102605,광교레이크파크한양수자인,수원시 영통구,원천동,c_name_var,112.08,112.6,201207.0,37.280947,127.071476
27656,광교레이크스위첸,수원시 영통구,원천동,c_name_var,116.1,116.62,200908.0,37.278915,127.071986
110731,e편한세상테라스광교웨스트힐,수원시 영통구,이의동,c_name_var,106.07,106.74,201704.0,37.308992,127.045749
103034,광교해모로,수원시 영통구,이의동,c_name_var,99.46,112.79,201110.0,37.30703,127.052617
3645,주공뉴타운2단지,수원시 장안구,송죽동,c_name_var,67.28,67.28,200112.0,37.302549,127.019255
7974,백설마을5단지현대.코오롱,수원시 장안구,송죽동,c_name_var,81.46,81.46,199908.0,37.296457,126.988204
2712,수원한일타운,수원시 장안구,송죽동,c_name_var,81.83,81.98,199908.0,37.305843,127.008079
2708,꽃뫼노을마을신안,수원시 장안구,송죽동,c_name_var,96.12,110.21,199910.0,37.2932,126.9931
100282,주공뉴타운1단지,수원시 장안구,송죽동,c_name_var,110.69,110.69,200112.0,37.304565,127.015721
22878,정자벽산블루밍,수원시 장안구,송죽동,c_name_var,111.36,111.36,200704.0,37.304865,126.994623
155738,수원성중흥S-클래스,수원시 장안구,연무동,c_name_var,68.8,68.8,202601.0,37.277313,127.022369
102614,수원SK스카이뷰,수원시 장안구,율전동,c_name_var,82.29,83.09,201305.0,37.30789,126.98487
1829,천천일성,수원시 장안구,율전동,c_name_var,106.59,106.75,199709.0,37.301176,126.979524
119894,의왕푸르지오포레움(2블럭),수원시 장안구,이목동,c_name_var,84.75,85.02,202002.0,37.319363,126.959682
102501,수원장안STX-KAN1단지,수원시 장안구,이목동,c_name_var,85.09,85.09,201302.0,37.314431,126.982672
1875,시흥성원,시흥시,계수동,c_name_var,70.04,70.04,199508.0,37.44313,126.79882
8807,시흥은행푸르지오,시흥시,계수동,c_name_var,107.09,107.09,200407.0,37.440598,126.795662
115928,e편한세상시흥센텀하임,시흥시,계수동,c_name_var,108.27,108.93,201909.0,37.4454,126.792575
130782,장현서한이다음포레미엘,시흥시,광석동,b_no_trade,77.67,78.41,202211.0,37.379527,126.793922
2781,연꽃마을금호타운,시흥시,광석동,c_name_var,79.3,79.41,199905.0,37.394541,126.813024
130787,LH트리플센텀,시흥시,광석동,c_name_var,79.9,79.96,202204.0,37.380946,126.797502
4012,"새재마을대동,청구",시흥시,광석동,c_name_var,78.39,82.64,199908.0,37.380109,126.799081
144628,안산한신더휴,시흥시,군자동,c_name_var,80.66,83.14,202405.0,37.339676,126.801882
107490,안산초지두산위브,시흥시,군자동,c_name_var,78.3,78.3,201507.0,37.325881,126.803972
108819,목감한양수자인,시흥시,논곡동,c_name_var,82.43,82.43,201611.0,37.388448,126.859966
146300,신천역에피트,시흥시,대야동,c_name_var,117.79,119.0,202509.0,37.436062,126.792999
2783,"연꽃마을대우,삼호",시흥시,도창동,c_name_var,77.67,79.21,199911.0,37.395649,126.812995
188497,호수품애,시흥시,목감동,c_name_var,81.17,81.91,201811.0,37.374579,126.843426
109529,시흥목감한신더휴센트럴파크,시흥시,목감동,c_name_var,88.36,88.58,201702.0,37.375132,126.849201
111111,신안인스빌엘센트로,시흥시,목감동,c_name_var,112.97,112.97,201712.0,37.37368,126.853786
114162,목감중흥S-클래스레이크힐스,시흥시,목감동,c_name_var,95.3,112.59,201810.0,37.374638,126.841216
114227,호반써밋더숲,시흥시,목감동,c_name_var,109.71,110.9,201904.0,37.371155,126.847819
102629,서창베라체,시흥시,방산동,c_name_var,81.23,81.88,201203.0,37.420715,126.75067
104009,서창센트라스,시흥시,방산동,c_name_var,101.27,114.85,201403.0,37.425197,126.746108
110151,이편한세상서창,시흥시,방산동,c_name_var,109.46,110.43,201706.0,37.426172,126.750124
1905,영남2차,시흥시,배곧동,c_name_var,73.36,73.36,199602.0,37.35768,126.732366
1902,영남3차,시흥시,배곧동,c_name_var,73.1,73.1,199602.0,37.356153,126.735349
1896,영남4차,시흥시,배곧동,c_name_var,73.1,73.1,199602.0,37.3531,126.7363
1904,영남1차,시흥시,배곧동,c_name_var,73.36,73.36,199602.0,37.358366,126.7275
1906,영남5차,시흥시,배곧동,c_name_var,107.78,118.39,199609.0,37.356726,126.727415
8810,진주마을풍림아이원1차,시흥시,월곶동,c_name_var,81.15,81.16,200212.0,37.39089,126.73761
140365,장현더포레마제,시흥시,장곡동,b_no_trade,68.21,68.21,202309.0,37.373365,126.788666
2761,"진말삼환,한진",시흥시,장곡동,c_name_var,78.26,78.26,199909.0,37.38192,126.78704
2760,매꼴마을동양덱스빌,시흥시,장곡동,c_name_var,79.6,80.6,199911.0,37.38051,126.779247
4008,매꼴마을삼성,시흥시,장곡동,c_name_var,106.1,106.1,199904.0,37.378245,126.778967
2763,"진말대우,우성",시흥시,장곡동,c_name_var,103.38,105.83,199906.0,37.380532,126.78662
4010,연성대우3차,시흥시,장곡동,c_name_var,106.03,109.25,200011.0,37.378548,126.786493
1907,영남6차,시흥시,정왕동,c_name_var,75.08,75.08,199707.0,37.342127,126.739015
8964,시화평안마을건영5차,시흥시,정왕동,c_name_var,96.24,96.31,200207.0,37.342035,126.742278
1911,시화유천,시흥시,죽율동,c_name_var,76.01,76.1,199609.0,37.336262,126.750194
9052,군자주공12단지,안산시 단원구,고잔동,f_other,58.61,58.61,199110.0,37.331152,126.813988
11772,군자주공14단지,안산시 단원구,고잔동,f_other,58.01,58.37,199205.0,37.33327,126.81502
1945,군자주공11단지,안산시 단원구,고잔동,f_other,57.67,58.03,199008.0,37.329804,126.812497
3659,단원금강,안산시 단원구,고잔동,c_name_var,86.17,86.17,200209.0,37.309144,126.826178
1968,안산현대2차,안산시 단원구,고잔동,c_name_var,83.01,88.99,198907.0,37.331508,126.850001
11216,호수마을풍림아이원,안산시 단원구,고잔동,c_name_var,105.6,105.6,200012.0,37.306941,126.818519
3660,호수공원대림,안산시 단원구,고잔동,c_name_var,116.0,116.0,200112.0,37.306988,126.823223
8394,상록삼보,안산시 단원구,고잔동,c_name_var,95.94,106.82,199911.0,37.30599,126.842584
1948,군자주공15단지,안산시 단원구,선부동,f_other,56.84,58.37,199205.0,37.335548,126.814743
1942,한양산호3차(군자산호한양),안산시 단원구,선부동,c_name_var,60.22,60.75,199305.0,37.337122,126.813544
120742,e편한세상선부역어반스퀘어,안산시 단원구,선부동,c_name_var,66.34,66.34,202009.0,37.33379,126.805539
111252,안산롯데캐슬더퍼스트,안산시 단원구,선부동,c_name_var,79.51,79.51,201805.0,37.32757,126.805581
2503,안산본오주공,안산시 상록구,본오동,c_name_var,71.9,71.9,199608.0,37.30056,126.861616
1936,상록수타운월드,안산시 상록구,본오동,c_name_var,73.96,73.96,199310.0,37.287389,126.853391
1939,상록수현대2차,안산시 상록구,본오동,c_name_var,73.54,73.54,199502.0,37.29166,126.85454
1938,상록수현대1차,안산시 상록구,본오동,c_name_var,102.58,106.58,199410.0,37.289262,126.850543
112886,송산그린시티이지더원레이크뷰,안산시 상록구,사동,c_name_var,102.78,112.82,201801.0,37.284426,126.823018
148049,안성금호어울림더프라임(민간임대),안성시,가사동,c_name_var,80.06,81.03,202407.0,37.016991,127.270798
22756,안성부영,안성시,공도읍,c_name_var,74.15,74.15,200108.0,37.008169,127.183684
131671,안성이트리니티공도센트럴파크,안성시,공도읍,c_name_var,80.95,81.78,202304.0,37.008806,127.175008
148199,안성공도센트럴카운티에듀파크,안성시,공도읍,c_name_var,110.75,111.25,202407.0,37.003348,127.156234
27069,KCC스위첸,안성시,공도읍,f_other,106.46,108.03,201005.0,37.000901,127.177717
25204,안성공도금호어울림1단지,안성시,공도읍,c_name_var,112.85,115.67,200710.0,37.005447,127.173118
13474,안성아양2차,안성시,구포동,c_name_var,56.13,64.68,199510.0,37.00783,127.261241
14846,"대우,경남",안성시,구포동,c_name_var,71.83,71.83,199704.0,37.015006,127.260171
113173,안성당왕지구삼정그린코아더베스트,안성시,구포동,c_name_var,82.26,82.37,201903.0,37.018367,127.261969
144350,안성아양흥화하브,안성시,구포동,c_name_var,110.29,111.72,202404.0,37.005448,127.26069
26832,한빛마을우남퍼스트빌,안성시,구포동,c_name_var,115.71,117.19,200711.0,37.011434,127.259678
27117,안성동남타운,안성시,금석동,c_name_var,79.44,79.44,199810.0,37.03003,127.26645
109964,신라,안성시,대덕면,d_geo_fail,77.71,77.71,199901.0,37.003814,127.224887
102041,일죽IC타운,안성시,일죽면,c_name_var,88.23,88.23,200212.0,37.090887,127.472113
175958,안성하우스토리퍼스트시티,안성시,죽산면,c_name_var,98.14,112.37,202510.0,37.073144,127.425644
3001,한가람한양,안양시 동안구,관양동,c_name_var,55.12,55.12,199505.0,37.399361,126.953245
1464,한가람신라,안양시 동안구,관양동,c_name_var,57.07,59.74,199207.0,37.397312,126.95691
3286,한가람세경,안양시 동안구,관양동,c_name_var,64.06,64.06,199611.0,37.396395,126.955127
1463,공작부영,안양시 동안구,관양동,c_name_var,68.1,68.1,199303.0,37.39769,126.95897
2505,인덕원마을삼성,안양시 동안구,관양동,c_name_var,79.41,79.52,199812.0,37.398436,126.979347
1465,한가람삼성,안양시 동안구,관양동,c_name_var,83.77,83.77,199501.0,37.400142,126.955888
1461,한가람두산,안양시 동안구,관양동,c_name_var,76.96,76.96,199211.0,37.39873,126.956258
1454,"샛별한양2,3단지",안양시 동안구,관양동,c_name_var,78.73,78.73,199304.0,37.397637,126.951003
147880,안양역푸르지오더샵,안양시 동안구,비산동,c_name_var,59.84,59.84,202410.0,37.398648,126.927326
1992,"은하수,샛별5,6단지",안양시 동안구,비산동,c_name_var,58.6,58.6,199211.0,37.394087,126.949525
147085,안양어반포레자연앤e편한세상,안양시 동안구,비산동,c_name_var,68.26,68.26,202501.0,37.391393,126.922794
3079,비산삼성래미안,안양시 동안구,비산동,c_name_var,79.45,81.26,200312.0,37.400838,126.937999
2015,안양대우,안양시 동안구,비산동,c_name_var,88.25,88.25,199109.0,37.406269,126.92273
175697,아크로베스티뉴,안양시 동안구,비산동,c_name_var,86.77,86.77,202503.0,37.387479,126.948329
1481,향촌현대4차,안양시 동안구,비산동,c_name_var,78.67,78.67,199211.0,37.386483,126.960097
8800,호계효성,안양시 동안구,비산동,c_name_var,108.11,108.11,200010.0,37.385719,126.947178
26320,비산e-편한세상,안양시 동안구,비산동,c_name_var,105.99,106.26,200810.0,37.399959,126.942484
8775,초원8단지세경,안양시 동안구,평촌동,c_name_var,64.05,64.05,199607.0,37.390665,126.963292
152617,인덕원자이SK뷰,안양시 동안구,평촌동,c_name_var,57.12,57.12,202505.0,37.384259,126.980618
1482,향촌현대5차,안양시 동안구,평촌동,c_name_var,75.89,75.89,199304.0,37.387274,126.961938
103281,e편한세상인덕원더퍼스트,안양시 동안구,평촌동,c_name_var,84.23,84.76,201210.0,37.387806,126.978599
19492,"무궁화효성,한양",안양시 동안구,평촌동,c_name_var,78.76,79.36,199212.0,37.382459,126.954428
1483,초원2단지대림,안양시 동안구,평촌동,c_name_var,81.52,81.52,199311.0,37.388325,126.964657
1477,초원3단지대원,안양시 동안구,평촌동,c_name_var,76.65,76.65,199307.0,37.388721,126.96674
26414,두산위브인덕원센트럴2단지,안양시 동안구,평촌동,c_name_var,106.08,106.08,200910.0,37.391511,126.979791
1441,샘대우한양,안양시 동안구,평촌동,c_name_var,109.0,109.0,199311.0,37.375983,126.964928
3883,반도보라빌리지2단지,안양시 동안구,평촌동,c_name_var,114.21,114.21,200206.0,37.375617,126.972656
24900,두산위브인덕원센트럴1단지,안양시 동안구,평촌동,c_name_var,110.35,110.35,200907.0,37.390778,126.978367
101552,반도보라빌리지1단지,안양시 동안구,평촌동,c_name_var,114.48,114.48,200206.0,37.37709,126.976249
142558,평촌트리지아,안양시 동안구,호계동,c_name_var,83.9,85.74,202408.0,37.381319,126.949922
10509,호계신성미소지움,안양시 동안구,호계동,c_name_var,80.29,80.29,200412.0,37.38342,126.94948
8328,해모로,안양시 동안구,호계동,c_name_var,81.56,81.56,200408.0,37.364499,126.966542
101284,한신휴플러스타운3차,안양시 만안구,박달동,c_name_var,79.11,79.33,200912.0,37.404803,126.90643
11512,박달한일유앤아이,안양시 만안구,박달동,c_name_var,81.24,81.24,200502.0,37.402933,126.898099
25775,석수아이파크,안양시 만안구,박달동,c_name_var,86.04,86.04,200909.0,37.406714,126.90255
2800,냉천현대,안양시 만안구,안양동,c_name_var,84.31,84.31,199706.0,37.393458,126.919074
8018,동부삼환,오산시,가수동,c_name_var,77.25,77.38,199611.0,37.133468,127.07076
8003,우방힐타운,오산시,가수동,c_name_var,77.64,77.64,199908.0,37.133915,127.067986
8019,"원동두산,동아",오산시,가수동,c_name_var,110.44,110.44,199907.0,37.134332,127.070569
8024,원동청구,오산시,가수동,c_name_var,108.2,108.2,199609.0,37.135302,127.07139
108033,오산세교e편한세상,오산시,가장동,c_name_var,85.12,85.12,201803.0,37.168305,127.027865
8022,오산운암주공5단지,오산시,갈곶동,c_name_var,64.15,64.15,199904.0,37.145337,127.075579
26096,오산고현아이파크,오산시,갈곶동,c_name_var,111.42,113.77,200901.0,37.134438,127.080776
17454,오산원동푸르지오,오산시,갈곶동,c_name_var,106.67,107.36,200509.0,37.137425,127.082485
8011,오산대우,오산시,궐동,c_name_var,74.57,74.57,199310.0,37.163494,127.06286
8017,오산운암주공4단지,오산시,궐동,c_name_var,102.63,102.63,200011.0,37.1507,127.0754
8014,운암현대,오산시,궐동,c_name_var,104.02,104.02,200004.0,37.152953,127.0757
8007,오산운암주공1단지,오산시,부산동,c_name_var,61.6,62.0,200003.0,37.157619,127.080203
8008,오산운암주공3단지,오산시,부산동,c_name_var,63.49,63.49,200005.0,37.154419,127.078846
193277,엔에이치에프엘크루,오산시,부산동,c_name_var,69.14,69.14,201906.0,37.162452,127.094269
112414,동탄호수자이파밀리에,오산시,부산동,c_name_var,68.74,69.56,201803.0,37.159913,127.106763
127086,동탄호수하우스디,오산시,부산동,c_name_var,99.57,112.9,202110.0,37.162297,127.096828
114664,금호어울림레이크2차,오산시,부산동,c_name_var,99.03,112.21,201903.0,37.162226,127.10171
8016,오산운암주공2단지,오산시,부산동,c_name_var,102.61,102.79,200011.0,37.155027,127.075945
119469,동탄레이크자연앤푸르지오,오산시,부산동,c_name_var,107.57,110.18,202002.0,37.165038,127.103024
127192,한화포레나동탄호수,오산시,부산동,c_name_var,100.01,113.04,202009.0,37.163917,127.0986
27337,병점역한일타운,오산시,세교동,c_name_var,71.13,71.13,200108.0,37.19944,127.03901
26219,동탄푸른마을모아미래도,오산시,세교동,c_name_var,78.44,80.54,200801.0,37.20084,127.057769
11173,병점임광그대가,오산시,세교동,c_name_var,79.78,79.78,200705.0,37.201591,127.042383
26218,동탄푸른마을신일해피트리,오산시,세교동,c_name_var,77.61,81.95,200806.0,37.200182,127.054375
9810,병점역센트럴허브시티,오산시,세교동,c_name_var,85.26,85.26,200406.0,37.203925,127.040157
12482,병점성호,오산시,세교동,c_name_var,78.0,78.0,200108.0,37.200438,127.042409
141520,서동탄역양우내안애,오산시,세교동,c_name_var,78.49,78.49,202306.0,37.202228,127.052487
124735,병점역아이파크캐슬,오산시,세교동,c_name_var,79.91,79.91,202103.0,37.203264,127.027494
11320,병점역성호플레르빌,오산시,세교동,b_no_trade,81.5,81.5,200202.0,37.20035,127.025006
23766,동탄푸른마을두산위브,오산시,세교동,c_name_var,99.76,112.31,200712.0,37.203354,127.054347
112392,서동탄역파크자이,오산시,세교동,c_name_var,100.63,110.33,201801.0,37.202436,127.049956
11194,서동탄역우남퍼스트빌,오산시,세교동,c_name_var,103.33,104.64,200210.0,37.19859,127.04963
23768,푸른마을포스코더샵2차,오산시,세교동,c_name_var,99.62,111.78,200805.0,37.203129,127.057797
11195,병점역우남퍼스트빌3차,오산시,세교동,c_name_var,109.63,109.63,200108.0,37.198882,127.04173
114567,서동탄역파크자이2차,오산시,세교동,c_name_var,110.95,112.36,201809.0,37.202047,127.047446
110124,안녕우방아이유쉘,오산시,양산동,c_name_var,113.61,113.89,201710.0,37.203078,127.006768
23758,아름마을신한미지엔,오산시,양산동,c_name_var,113.1,113.2,200609.0,37.200851,127.007246
19208,동탄시범다은마을우남퍼스트빌,오산시,외삼미동,c_name_var,89.67,89.67,200703.0,37.199854,127.066342
22065,동탄시범다은마을월드메르디앙반도유보라,오산시,외삼미동,c_name_var,81.49,81.49,200705.0,37.202662,127.066003
8850,대창(대창그린),오산시,외삼미동,c_name_var,77.3,77.3,199709.0,37.206293,127.038887
19200,동탄시범다은마을포스코더샵,오산시,외삼미동,c_name_var,111.19,111.19,200701.0,37.199535,127.069376
19203,동탄시범다은마을삼성래미안,오산시,외삼미동,c_name_var,108.17,118.08,200702.0,37.201114,127.068422
22090,동탄솔빛마을신도브래뉴,오산시,외삼미동,c_name_var,105.05,113.22,200709.0,37.196614,127.074886
127686,동탄센트럴포레스트,오산시,외삼미동,c_name_var,99.89,113.55,200908.0,37.196881,127.067417
23771,동탄시범다은마을센트럴파크뷰,오산시,외삼미동,c_name_var,106.24,111.11,200802.0,37.200398,127.063373
19206,동탄시범다은마을메타역롯데캐슬,오산시,외삼미동,c_name_var,109.76,111.52,200701.0,37.200812,127.070012
9074,남수원두산,오산시,외삼미동,c_name_var,108.55,108.55,200004.0,37.20483,127.04263
19672,동탄솔빛마을쌍용예가,오산시,외삼미동,c_name_var,113.8,115.5,200709.0,37.194973,127.07253
19358,동탄시범한빛마을금호어울림,오산시,외삼미동,c_name_var,109.45,109.72,200702.0,37.205841,127.066832
118008,동탄파크한양수자인,용인시 기흥구,고매동,c_name_var,73.22,73.22,201907.0,37.216088,127.114154
115434,동탄역동원로얄듀크1차,용인시 기흥구,고매동,c_name_var,82.96,82.96,201807.0,37.210704,127.102312
112841,동탄파크푸르지오,용인시 기흥구,고매동,c_name_var,98.14,111.51,201801.0,37.217863,127.111751
13080,불곡마을벽산블루밍,용인시 기흥구,고매동,c_name_var,105.08,105.08,200507.0,37.232444,127.117724
3686,민속마을쌍용,용인시 기흥구,공세동,c_name_var,109.83,109.83,200205.0,37.252801,127.117418
3694,민속마을신창미션힐,용인시 기흥구,공세동,c_name_var,114.91,114.91,200209.0,37.252562,127.121925
9993,민속마을현대모닝사이드,용인시 기흥구,공세동,c_name_var,117.76,117.76,200401.0,37.251406,127.119886
3685,상갈메트로파크,용인시 기흥구,구갈동,c_name_var,112.19,112.4,200110.0,37.262952,127.110085
9930,강남마을5단지코오롱하늘채,용인시 기흥구,구갈동,c_name_var,113.92,113.92,200409.0,37.270301,127.129019
11120,어정마을서희삼정,용인시 기흥구,구갈동,c_name_var,115.86,115.86,200305.0,37.27951,127.145073
3687,금화마을대우현대,용인시 기흥구,구갈동,c_name_var,112.66,112.66,200106.0,37.264935,127.110185
24954,지석마을진흥더루벤스2단지,용인시 기흥구,구갈동,c_name_var,109.52,111.12,200812.0,37.260084,127.13899
23776,동탄예당마을우미린제일풍경채,용인시 기흥구,농서동,b_no_trade,102.68,104.07,200809.0,37.212623,127.077913
18502,백현모아미래도2단지,용인시 기흥구,동백동,c_name_var,81.22,81.22,200602.0,37.28211,127.163368
18501,백현모아미래도1단지,용인시 기흥구,동백동,c_name_var,81.17,81.17,200602.0,37.283091,127.160606
10376,해든마을동문굿모닝힐,용인시 기흥구,동백동,c_name_var,110.8,112.65,200711.0,37.280778,127.150911
22631,동백마을동원로얄듀크,용인시 기흥구,동백동,c_name_var,109.65,109.65,200707.0,37.279934,127.148834
17644,호수마을휴먼시아(어울림),용인시 기흥구,동백동,c_name_var,109.09,109.21,200611.0,37.286751,127.15498
19101,플랫폼시티더퍼스트,용인시 기흥구,마북동,c_name_var,70.16,70.77,200603.0,37.290024,127.110555
2509,언남동부,용인시 기흥구,마북동,c_name_var,81.2,81.2,199812.0,37.293397,127.122979
2196,교동마을신창,용인시 기흥구,마북동,c_name_var,77.64,77.64,199612.0,37.30585,127.1267
2197,교동마을정광,용인시 기흥구,마북동,c_name_var,76.92,76.92,199711.0,37.302388,127.125164
8106,연원마을현대,용인시 기흥구,마북동,c_name_var,82.49,82.49,200005.0,37.303067,127.112331
2523,구성우림,용인시 기흥구,마북동,c_name_var,78.86,78.86,199801.0,37.29636,127.11339
3681,교동마을엘지자이,용인시 기흥구,마북동,c_name_var,119.78,119.78,200108.0,37.304584,127.126018
26086,교동마을마북e편한세상,용인시 기흥구,마북동,c_name_var,113.53,113.53,200910.0,37.306825,127.12817
8428,장미마을삼성래미안2차,용인시 기흥구,마북동,c_name_var,113.06,113.06,200312.0,37.293147,127.118538
8245,언동해피트리,용인시 기흥구,마북동,c_name_var,114.91,114.91,200112.0,37.291024,127.12992
8820,용인영덕신일1단지,용인시 기흥구,보라동,c_name_var,80.73,80.73,199812.0,37.268226,127.094917
11098,동아.삼익.풍림,용인시 기흥구,보정동,b_no_trade,80.9,80.9,199412.0,37.331556,127.09639
8727,꽃메마을현대홈타운4차3단지,용인시 기흥구,보정동,c_name_var,111.54,111.54,200406.0,37.322822,127.117616
8728,꽃메마을현대홈타운4차4단지,용인시 기흥구,보정동,c_name_var,111.38,111.38,200406.0,37.322022,127.116587
148722,수지구청역롯데캐슬하이브엘(민간임대),용인시 기흥구,보정동,c_name_var,114.3,115.17,202505.0,37.32107,127.099329
115242,스프링카운티자이(실버주택),용인시 기흥구,상하동,c_name_var,78.52,83.05,201910.0,37.269456,127.148748
11443,동백역월드메르디앙,용인시 기흥구,상하동,c_name_var,100.17,116.39,200602.0,37.264752,127.154067
14042,동백역경남아너스빌,용인시 기흥구,상하동,c_name_var,98.53,111.59,200603.0,37.267067,127.155248
14041,동백역벽산블루밍,용인시 기흥구,상하동,c_name_var,111.06,111.45,200603.0,37.268254,127.154817
2527,"양현마을풍림,신안",용인시 기흥구,신갈동,c_name_var,83.27,84.27,200105.0,37.284038,127.106645
3674,수원동마을쌍용3단지,용인시 기흥구,중동,c_name_var,115.88,115.88,200205.0,37.257237,127.137861
9553,수원동마을쌍용스윗닷홈2단지,용인시 기흥구,중동,c_name_var,115.54,115.54,200411.0,37.255945,127.141134
11287,자봉마을써니밸리,용인시 기흥구,지곡동,c_name_var,114.2,114.2,200411.0,37.251751,127.135602
119831,수지광교산아이파크,용인시 수지구,동천동,c_name_var,78.42,78.42,202001.0,37.327136,127.082956
8465,수진마을3단지우미이노스빌,용인시 수지구,동천동,c_name_var,84.35,86.33,200401.0,37.335713,127.094433
26758,한빛마을래미안이스트팰리스2단지,용인시 수지구,동천동,c_name_var,116.44,116.44,201005.0,37.336753,127.090472
26759,한빛마을래미안이스트팰리스3단지,용인시 수지구,동천동,c_name_var,109.56,109.62,201005.0,37.334067,127.088876
8692,성복역현대홈타운,용인시 수지구,상현동,c_name_var,81.28,81.28,200102.0,37.309312,127.08172
3748,신정8단지현대성우,용인시 수지구,상현동,c_name_var,82.55,82.55,199911.0,37.318378,127.090037
3093,성동마을강남빌리지,용인시 수지구,상현동,c_name_var,109.01,109.01,200102.0,37.314477,127.077268
8423,만현마을3단지성원상떼빌5차,용인시 수지구,상현동,c_name_var,119.2,119.2,200208.0,37.309698,127.090897
2221,진산마을성원상떼빌,용인시 수지구,상현동,c_name_var,108.06,108.06,199712.0,37.312811,127.092799
8460,서홍마을우남퍼스트빌,용인시 수지구,성복동,c_name_var,58.86,58.86,200401.0,37.320232,127.080357
3746,용인수지신정9단지주공,용인시 수지구,성복동,c_name_var,72.62,72.62,200005.0,37.320078,127.09189
11231,신정7단지상록,용인시 수지구,성복동,c_name_var,81.9,81.9,200001.0,37.321305,127.089833
3745,신정1단지주공,용인시 수지구,성복동,c_name_var,83.51,83.58,200003.0,37.322556,127.091894
3744,신정6단지우성,용인시 수지구,성복동,c_name_var,112.36,112.36,200005.0,37.320157,127.085841
3750,신정2단지현대프라임,용인시 수지구,성복동,c_name_var,101.49,101.49,200002.0,37.323684,127.089883
8439,서홍마을4단지현대,용인시 수지구,성복동,c_name_var,106.32,106.32,200401.0,37.320622,127.081887
102710,용인성복아이파크,용인시 수지구,성복동,c_name_var,114.33,114.33,201207.0,37.322515,127.06134
3747,신정6단지진흥,용인시 수지구,성복동,c_name_var,108.36,108.36,199912.0,37.31916,127.085041
11232,신정6단지상록,용인시 수지구,성복동,c_name_var,109.54,109.54,200001.0,37.31902,127.086837
3743,신정5단지성지,용인시 수지구,성복동,c_name_var,109.02,109.02,200005.0,37.321679,127.086884
9896,성호샤인힐즈,용인시 수지구,성복동,c_name_var,104.14,104.14,200507.0,37.3042,127.097743
115451,용인고림지구2차양우내안애에듀퍼스트,용인시 처인구,고림동,c_name_var,88.5,88.5,201903.0,37.248956,127.220325
17217,영화I-nix,용인시 처인구,고림동,b_no_trade,84.67,84.67,200206.0,37.252847,127.226356
9862,예진피렌체빌리지3차,용인시 처인구,고림동,c_name_var,82.86,82.86,200307.0,37.244586,127.230859
9543,인정피렌체빌리지1차,용인시 처인구,고림동,c_name_var,79.28,79.28,200001.0,37.245685,127.230791
9854,예진피렌체빌리지2차,용인시 처인구,고림동,c_name_var,115.91,115.91,200104.0,37.24663,127.229136
2532,마평우성,용인시 처인구,김량장동,c_name_var,82.92,82.92,199605.0,37.23508,127.21512
25539,용인삼환나우빌,용인시 처인구,김량장동,c_name_var,109.15,109.15,200808.0,37.233434,127.194785
27051,김량장어울림,용인시 처인구,김량장동,c_name_var,112.69,113.78,200911.0,37.236494,127.196849
110816,역북푸르지오,용인시 처인구,남동,c_name_var,80.97,81.65,201711.0,37.23134,127.182672
10074,풍산햇빛마을,용인시 처인구,모현읍,c_name_var,78.61,78.61,200003.0,37.332394,127.249837
10453,효천마을신안인스빌1단지,용인시 처인구,모현읍,c_name_var,107.2,107.2,200412.0,37.337076,127.243617
10454,효천마을신안인스빌2단지,용인시 처인구,모현읍,c_name_var,107.31,107.31,200412.0,37.336466,127.245474
9200,금령마을우남퍼스트빌,용인시 처인구,삼가동,c_name_var,109.98,109.98,200311.0,37.240993,127.173674
101050,행정타운늘푸른오스카빌1단지,용인시 처인구,삼가동,c_name_var,112.69,112.69,200412.0,37.238707,127.172673
103430,행정타운두산위브2단지,용인시 처인구,삼가동,c_name_var,112.28,115.6,201311.0,37.23981,127.168096
2084,원효선경,의왕시,고천동,c_name_var,70.66,70.66,199403.0,37.345074,126.977169
115552,백운호수해링턴플레이스1단지,의왕시,내손동,c_name_var,113.27,114.32,201903.0,37.369437,127.005069
115556,백운호수해링턴플레이스2단지,의왕시,내손동,c_name_var,98.0,113.79,201903.0,37.372262,127.005074
124165,호반써밋에듀파크,하남시,당정동,c_name_var,81.44,83.56,202108.0,37.545511,127.211202
119713,미사힐즈파크푸르지오,하남시,덕풍동,c_name_var,75.55,75.55,202004.0,37.543754,127.193015
2146,덕풍서해,하남시,덕풍동,c_name_var,80.38,80.38,199604.0,37.543059,127.197336
114092,미사힐즈파크푸르지오2단지,하남시,덕풍동,c_name_var,80.67,80.67,201809.0,37.543713,127.194991
2856,더우개마을동일,하남시,덕풍동,c_name_var,106.27,106.27,199909.0,37.541348,127.219877
141066,덕소강변스타힐스,하남시,미사동,c_name_var,63.49,63.49,202601.0,37.57977,127.219896
8796,강변해태,하남시,미사동,c_name_var,81.06,81.06,199912.0,37.577791,127.220573
3941,한강우성,하남시,미사동,c_name_var,78.26,78.26,199807.0,37.577883,127.223572
10179,덕소쌍용스윗닷홈리버,하남시,미사동,c_name_var,78.12,78.12,200505.0,37.576021,127.224112
3591,덕소두산위브,하남시,미사동,c_name_var,114.38,114.38,200212.0,37.579954,127.215297
8095,덕소쌍용,하남시,미사동,c_name_var,106.59,106.59,200011.0,37.578769,127.219985
3590,건영덕소리버파크,하남시,미사동,c_name_var,113.33,113.33,200205.0,37.575846,127.221586
3946,덕소주공3단지,하남시,선동,c_name_var,68.08,68.08,199808.0,37.588883,127.20842
3944,덕소강변삼익,하남시,선동,c_name_var,81.09,81.09,199604.0,37.586667,127.207221
3593,덕소강변현대홈타운,하남시,선동,c_name_var,109.08,109.08,200106.0,37.585199,127.208573
115601,다산신안인스빌퍼스트리버,하남시,선동,c_name_var,110.4,110.45,201906.0,37.595784,127.170196
121615,동탄역중흥에스클래스,화성시 동탄구,금곡동,c_name_var,108.06,108.77,201901.0,37.186194,127.086674
14371,동탄역신미주,화성시 동탄구,금곡동,c_name_var,107.57,107.57,200510.0,37.190931,127.091558
115424,동탄역더샵센트럴시티2차,화성시 동탄구,금곡동,c_name_var,99.51,112.57,201807.0,37.189025,127.089453
109947,동탄역에일린의뜰,화성시 동탄구,금곡동,c_name_var,96.69,108.95,201612.0,37.189247,127.086926
12982,안화동마을주공7단지,화성시 동탄구,능동,c_name_var,68.09,68.09,200405.0,37.213529,127.048981
12959,느치미마을주공2단지,화성시 동탄구,능동,c_name_var,67.11,67.36,200405.0,37.208448,127.042319
25730,진안골마을주공10단지,화성시 동탄구,능동,c_name_var,66.9,66.9,200405.0,37.216204,127.042052
110459,SK뷰파크2차,화성시 동탄구,능동,c_name_var,84.97,85.12,201707.0,37.217105,127.053283
23782,동탄예당마을푸르지오,화성시 동탄구,능동,c_name_var,80.57,82.44,200810.0,37.209773,127.078759
19204,동탄시범한빛마을동탄아이파크,화성시 동탄구,능동,c_name_var,82.58,82.58,200701.0,37.2068,127.07013
23778,동탄숲속마을자연앤데시앙,화성시 동탄구,능동,c_name_var,77.28,79.71,200806.0,37.20712,127.054221
26383,동탄숲속마을모아미래도1단지,화성시 동탄구,능동,c_name_var,77.59,84.1,200801.0,37.206649,127.057404
105746,SK뷰파크,화성시 동탄구,능동,c_name_var,84.24,85.15,201502.0,37.222935,127.056683
23769,행복마을참누리에듀파크,화성시 동탄구,능동,c_name_var,80.06,80.06,200612.0,37.219825,127.052871
9329,행림마을삼성래미안1차,화성시 동탄구,능동,c_name_var,107.32,107.32,200312.0,37.222692,127.048742
26216,능동역경남아너스빌,화성시 동탄구,능동,c_name_var,101.11,111.68,200810.0,37.209703,127.054966
19451,안화동마을주공5단지,화성시 동탄구,능동,c_name_var,95.88,107.36,200409.0,37.210467,127.046957
18431,안화동마을주공9단지,화성시 동탄구,능동,c_name_var,95.47,106.92,200501.0,37.213139,127.044085
9090,병점역에듀포레,화성시 동탄구,능동,c_name_var,106.23,106.23,200404.0,37.20741,127.04548
23764,동탄예당마을롯데캐슬,화성시 동탄구,능동,c_name_var,118.45,118.45,200808.0,37.210163,127.073369
23777,동탄숲속마을능동역리체더포레스트,화성시 동탄구,능동,b_no_trade,116.17,117.11,200801.0,37.210802,127.050423
27210,능동역센트럴경남아너스빌,화성시 동탄구,능동,c_name_var,100.88,111.37,200810.0,37.208098,127.059402
19675,동탄나루마을한화꿈에그린우림필유,화성시 동탄구,능동,c_name_var,110.53,112.8,200709.0,37.19498,127.076889
19357,동탄시범한빛마을삼부르네상스,화성시 동탄구,능동,c_name_var,108.82,109.97,200702.0,37.207824,127.071449
22290,동탄시범한빛마을한화꿈에그린,화성시 동탄구,능동,c_name_var,109.13,109.19,200703.0,37.207748,127.067619
19201,동탄시범한빛마을KCC스위첸,화성시 동탄구,능동,c_name_var,107.18,107.58,200701.0,37.20957,127.068926
9091,진안골마을주공11단지,화성시 동탄구,능동,c_name_var,95.08,106.34,200404.0,37.216821,127.044883
25959,동탄숲속마을광명메이루즈,화성시 동탄구,능동,c_name_var,105.31,105.49,200802.0,37.208924,127.057961
22091,동탄나루마을동탄역유보라여울숲1.0,화성시 동탄구,능동,b_no_trade,100.03,117.93,200709.0,37.194092,127.079659
11472,병점역센트럴뷰,화성시 동탄구,능동,c_name_var,97.13,109.05,200411.0,37.210537,127.043273
25960,능동역이지더원,화성시 동탄구,능동,c_name_var,100.08,105.87,200805.0,37.213146,127.056309
168057,르파비스,화성시 동탄구,목동,c_name_var,71.29,71.29,201711.0,37.183655,127.126343
129864,동탄2디에트르포레,화성시 동탄구,목동,b_no_trade,66.97,66.97,202209.0,37.175513,127.127951
108408,동탄역신안인스빌리베라2차,화성시 동탄구,목동,c_name_var,82.64,82.64,201610.0,37.200544,127.116898
109078,동탄2신도시하우스디더레이크,화성시 동탄구,목동,c_name_var,81.11,81.23,201611.0,37.174111,127.103809
106551,동탄역호반써밋,화성시 동탄구,목동,c_name_var,80.05,80.75,201507.0,37.198209,127.118241
111626,e편한세상동탄,화성시 동탄구,목동,c_name_var,84.77,84.77,201801.0,37.192288,127.126753
115473,힐스테이트동탄,화성시 동탄구,목동,c_name_var,88.51,88.51,201902.0,37.184681,127.120679
106549,동탄역센트럴푸르지오,화성시 동탄구,목동,c_name_var,82.79,83.15,201506.0,37.197235,127.116072
191177,엔에이치에프경남아너스빌,화성시 동탄구,목동,c_name_var,77.77,78.26,201812.0,37.18631,127.127406
111113,동탄2신도시호반베르디움22단지,화성시 동탄구,목동,c_name_var,77.38,78.71,201712.0,37.184749,127.124478
113408,동탄2신도시베라체,화성시 동탄구,목동,c_name_var,80.44,80.46,201810.0,37.19141,127.123891
108370,반도유보라아이비파크3.0,화성시 동탄구,목동,c_name_var,81.33,81.72,201607.0,37.182135,127.105572
115544,동탄더샵레이크에듀타운,화성시 동탄구,목동,b_no_trade,108.23,109.25,201903.0,37.174264,127.10842
109208,시범반도유보라아이비파크4.0,화성시 동탄구,목동,c_name_var,114.58,115.11,201801.0,37.19921,127.114233
112840,동탄금강펜테리움센트럴파크Ⅳ,화성시 동탄구,목동,c_name_var,101.1,114.76,201801.0,37.189635,127.128801
114415,더레이크시티부영2단지,화성시 동탄구,목동,c_name_var,109.97,114.05,201811.0,37.171667,127.115301
106155,동탄역시범대원칸타빌,화성시 동탄구,목동,c_name_var,107.96,108.98,201503.0,37.199308,127.105684
106553,동탄역대원칸타빌포레지움,화성시 동탄구,목동,c_name_var,105.32,111.49,201508.0,37.195822,127.120908
152683,동탄호수공원금강펜테리움센트럴파크Ⅱ,화성시 동탄구,목동,c_name_var,112.89,114.01,201707.0,37.177673,127.115764
109804,호반베르디움센트럴포레,화성시 동탄구,목동,c_name_var,110.14,110.82,201706.0,37.18097,127.117783
106552,동탄역신안인스빌리베라,화성시 동탄구,목동,c_name_var,111.59,112.39,201510.0,37.194257,127.117977
115506,동탄동원로얄듀크2차,화성시 동탄구,목동,c_name_var,98.53,111.77,201903.0,37.187631,127.122503
160319,동탄2LH26단지,화성시 동탄구,목동,c_name_var,97.57,110.98,201611.0,37.176361,127.103478
113538,동탄더레이크팰리스,화성시 동탄구,목동,c_name_var,110.15,114.19,201811.0,37.171528,127.108612
165262,화성동탄2센트럴힐즈동탄,화성시 동탄구,목동,b_no_trade,98.59,111.7,201701.0,37.181502,127.111236
105407,동탄역시범호반써밋,화성시 동탄구,목동,c_name_var,108.69,109.11,201502.0,37.197803,127.109835
110838,동탄역더힐,화성시 동탄구,목동,c_name_var,110.49,111.45,201702.0,37.198177,127.120298
108481,금강펜테리움센트럴파크동탄,화성시 동탄구,목동,c_name_var,110.66,111.03,201607.0,37.180613,127.108816
168399,서희스타힐스엔에이치에프,화성시 동탄구,목동,c_name_var,99.36,112.66,201711.0,37.173276,127.117996
109931,동탄역반도유보라아이비파크5.0,화성시 동탄구,반송동,c_name_var,79.8,79.8,201709.0,37.195254,127.0906
109932,동탄역반도유보라아이비파크6.0,화성시 동탄구,반송동,c_name_var,79.84,79.84,201709.0,37.203988,127.09122
110140,동탄역푸르지오,화성시 동탄구,반송동,c_name_var,98.98,112.39,201706.0,37.208407,127.0895
114379,호수공원역센트럴시티,화성시 동탄구,방교동,c_name_var,83.38,83.38,201905.0,37.167274,127.108752
112401,금호어울림레이크(A91블록),화성시 동탄구,방교동,c_name_var,81.78,82.15,201806.0,37.163247,127.107664
114416,호수공원역센트리체,화성시 동탄구,산척동,c_name_var,83.37,83.37,201812.0,37.167224,127.112541
114417,동탄호수공원역레이크시티,화성시 동탄구,산척동,c_name_var,83.25,83.77,201811.0,37.167818,127.116147
114414,더레이크파크뷰,화성시 동탄구,산척동,c_name_var,83.3,83.8,201811.0,37.170856,127.117918
115471,그린힐반도유보라아이비파크10,화성시 동탄구,산척동,c_name_var,81.63,81.73,201807.0,37.167302,127.129162
117065,제일풍경채에듀앤파크,화성시 동탄구,산척동,c_name_var,82.01,82.01,201808.0,37.158701,127.111455
115950,동탄2아이파크(A100BL),화성시 동탄구,산척동,c_name_var,111.53,111.53,201903.0,37.160029,127.120862
111353,레이크반도유보라아이비파크9.0,화성시 동탄구,산척동,c_name_var,118.93,118.93,201712.0,37.162761,127.11703
115948,동탄2아이파크1단지,화성시 동탄구,산척동,c_name_var,110.74,110.74,201903.0,37.161991,127.120449
115536,레이크힐반도유보라아이비파크10.2,화성시 동탄구,산척동,c_name_var,98.88,107.17,201812.0,37.165537,127.129055
118154,동탄2신도시호반베르디움33차,화성시 동탄구,산척동,c_name_var,103.34,113.22,201807.0,37.157447,127.11185
105405,동탄역시범우남퍼스트빌,화성시 동탄구,여울동,c_name_var,84.61,85.54,201502.0,37.203542,127.100877
110837,동탄역포레너스,화성시 동탄구,여울동,c_name_var,83.37,83.37,201703.0,37.205961,127.116928
110026,동탄역센트럴예미지,화성시 동탄구,여울동,c_name_var,111.31,111.31,201709.0,37.206722,127.105441
106031,동탄역시범한화꿈에그린프레스티지,화성시 동탄구,여울동,c_name_var,110.19,111.96,201509.0,37.19728,127.10255
106690,동탄역시범반도유보라아이비파크1.0,화성시 동탄구,여울동,c_name_var,109.74,111.12,201512.0,37.202332,127.111649
108407,동탄역경남아너스빌,화성시 동탄구,여울동,c_name_var,108.28,108.8,201607.0,37.204872,127.110769
106558,동탄역시범더샵센트럴시티,화성시 동탄구,여울동,c_name_var,113.98,113.98,201508.0,37.1987,127.100329
105414,동탄역센트럴자이,화성시 동탄구,여울동,c_name_var,98.11,115.28,201501.0,37.206888,127.102024
105415,동탄역모아미래도,화성시 동탄구,여울동,c_name_var,109.14,109.2,201501.0,37.202805,127.115299
106154,동탄역시범리슈빌,화성시 동탄구,여울동,c_name_var,111.61,112.35,201501.0,37.202626,127.104662
107542,동탄역시범예미지,화성시 동탄구,여울동,b_no_trade,100.0,116.21,201501.0,37.202514,127.108141
106548,동탄역이지더원,화성시 동탄구,영천동,c_name_var,81.22,82.21,201502.0,37.209349,127.110945
10167,동탄퍼스트파크,화성시 동탄구,영천동,c_name_var,89.05,89.05,200310.0,37.210227,127.109871
112842,동탄역센트럴상록,화성시 동탄구,영천동,c_name_var,82.59,83.07,201706.0,37.208199,127.100681
105416,동탄역KCC스위첸,화성시 동탄구,영천동,c_name_var,108.37,110.51,201502.0,37.201968,127.118416
107651,동탄역반도유보라아이비파크2.0,화성시 동탄구,영천동,c_name_var,98.8,111.06,201602.0,37.209379,127.117023
16291,우림그린빌리지,화성시 만세구,남양읍,c_name_var,80.78,81.93,200106.0,37.20382,126.803919
163398,시티프라디움2차,화성시 만세구,남양읍,c_name_var,80.12,80.43,201802.0,37.210647,126.822411
110293,양우내안애2차에듀타운,화성시 만세구,남양읍,c_name_var,98.8,112.36,201708.0,37.201457,126.823448
26656,남양우림필유,화성시 만세구,남양읍,c_name_var,108.9,108.9,200910.0,37.208176,126.832217
113506,시티프라디움1차,화성시 만세구,남양읍,c_name_var,112.4,112.4,201801.0,37.198727,126.821841
121988,송산신도시모아미래도에듀포레,화성시 만세구,새솔동,c_name_var,110.85,111.1,202006.0,37.27548,126.82851
125004,송산그린시티노블랜드스타빌리지6차,화성시 만세구,새솔동,c_name_var,112.64,112.72,202107.0,37.289265,126.813813
125003,송산그린시티노블랜드리버파크5차,화성시 만세구,새솔동,c_name_var,97.54,112.48,202107.0,37.291281,126.814112
10717,다정마을병점역신한에스빌1단지,화성시 병점구,기산동,c_name_var,88.87,88.87,200510.0,37.209858,127.038425
11455,진안파크자이,화성시 병점구,기산동,c_name_var,109.47,109.47,200409.0,37.217064,127.035866
10543,남수원현대,화성시 병점구,송산동,c_name_var,77.44,77.44,199709.0,37.206514,127.009921
13897,우남블루존,화성시 병점구,송산동,c_name_var,77.49,77.49,199910.0,37.209206,127.008511
141130,우미린센트포레2단지,화성시 병점구,송산동,c_name_var,112.19,113.32,202304.0,37.205337,127.004184
141062,우미린센트포레1단지,화성시 병점구,송산동,c_name_var,112.39,112.63,202303.0,37.20685,127.001373
14372,솔뫼마을한승미메이드,화성시 병점구,송산동,c_name_var,96.52,111.49,200510.0,37.20791,127.014139
19177,병점역동문굿모닝힐,화성시 병점구,송산동,c_name_var,107.39,107.39,200608.0,37.20472,127.021683
141620,봉담자이라피네,화성시 효행구,기안동,c_name_var,79.21,79.21,202310.0,37.221382,126.970302
22211,광도와이드빌,화성시 효행구,기안동,c_name_var,88.27,88.27,200204.0,37.227431,126.975289
125772,화성우방아이유쉘메가시티2단지,화성시 효행구,기안동,c_name_var,83.16,83.16,202205.0,37.222374,126.97775
117278,봉담한신더휴에듀파크,화성시 효행구,기안동,c_name_var,85.48,85.78,201905.0,37.214878,126.967322
18690,다온마을쌍용스윗닷홈,화성시 효행구,기안동,c_name_var,82.33,82.33,200612.0,37.210588,126.969817
129104,에듀시티파라곤,화성시 효행구,기안동,c_name_var,83.45,83.88,202305.0,37.218213,126.968994
11806,"신일,우남클래식타운",화성시 효행구,기안동,b_no_trade,84.48,84.48,199911.0,37.226154,126.971408
109163,봉담센트럴푸르지오,화성시 효행구,기안동,c_name_var,80.92,81.37,201702.0,37.212983,126.968207
151323,봉담자이라젠느,화성시 효행구,기안동,c_name_var,110.82,110.82,202505.0,37.222525,126.967061
26548,봉담아이파크,화성시 효행구,기안동,c_name_var,112.58,112.58,200909.0,37.213244,126.970603
125771,화성우방아이유쉘메가시티1단지,화성시 효행구,기안동,c_name_var,113.23,114.04,202205.0,37.220476,126.978435
25045,동화마을휴먼시아5단지,화성시 효행구,기안동,c_name_var,97.67,112.86,200806.0,37.21345,126.96334
157686,중흥S-클래스센트럴에듀,화성시 효행구,기안동,c_name_var,108.91,109.0,202603.0,37.220974,126.967426
10135,기안마을풍성신미주,화성시 효행구,기안동,c_name_var,98.38,108.18,200406.0,37.221283,126.987508
25088,봉담그대가3단지,화성시 효행구,기안동,c_name_var,101.51,115.16,200811.0,37.215776,126.972721
15234,우림그린빌리지,화성시 효행구,기안동,c_name_var,104.02,104.39,200106.0,37.225622,126.974424
101455,봉담휴먼빌,화성시 효행구,기안동,c_name_var,110.54,111.12,201206.0,37.214546,126.971194
25986,해오름마을봉담그대가1단지,화성시 효행구,기안동,b_no_trade,109.41,109.41,200708.0,37.215412,126.974393
118211,e편한세상신봉담,화성시 효행구,봉담읍,c_name_var,70.22,70.22,201909.0,37.229223,126.940356
137070,화성봉담2엘크루루엘리안,화성시 효행구,봉담읍,b_no_trade,78.24,78.89,202210.0,37.229243,126.944253
138266,중흥에스클래스에듀시티,화성시 효행구,봉담읍,c_name_var,79.76,81.11,202312.0,37.231213,126.940454
126335,봉담2지구중흥S클래스더퍼스트,화성시 효행구,봉담읍,c_name_var,110.39,112.65,202205.0,37.219625,126.944468
24980,호수마을동문굿모닝힐,화성시 효행구,봉담읍,c_name_var,114.44,118.05,200803.0,37.218809,126.952748
25044,동화마을휴먼시아6단지,화성시 효행구,봉담읍,c_name_var,97.29,111.72,200709.0,37.214304,126.95993
9681,청운마을신안인스빌,화성시 효행구,봉담읍,c_name_var,107.71,107.71,200406.0,37.216571,126.948294
134507,중흥에스클래스더센트럴,화성시 효행구,봉담읍,c_name_var,98.34,113.36,202307.0,37.225629,126.94889
15381,수정마을동남메리트,화성시 효행구,봉담읍,c_name_var,102.74,109.91,200207.0,37.223273,126.950094
106204,화성봉담신동아파밀리에,화성시 효행구,봉담읍,c_name_var,111.17,112.14,201507.0,37.222188,126.958094
134508,중흥에스클래스에듀파크,화성시 효행구,봉담읍,c_name_var,108.05,109.43,202307.0,37.231447,126.944491
148023,예미지센트럴에듀,화성시 효행구,비봉면,c_name_var,101.1,111.32,202412.0,37.247241,126.869345
146784,화성비봉호반써밋,화성시 효행구,비봉면,c_name_var,96.75,112.96,202409.0,37.24964,126.868746
148032,우미린더퍼스트,화성시 효행구,비봉면,c_name_var,111.73,113.01,202411.0,37.241995,126.872241
26738,동남훼미리,화성시 효행구,정남면,c_name_var,56.0,56.15,200004.0,37.16148,126.98467
