검색어,단지번호,단지명_검색결과,주소_검색결과,단지명,주소,총세대수,총동수,입주연월,최저층,최고층,주차대수,용적률,건폐율,위도,경도,평형명,공급면적_㎡,전용면적_㎡,전용평,전용률_%,세대수,방수,욕실수,현관구조,매매건수,매매가_최저,매매가_최고,매매가_범위,매매_평단가,전세건수,전세가_최저,전세가_최고,전세가_범위,전세_평단가,전세가율_%,월세건수,월세가_범위,관리비_연평균,관리비_여름,관리비_겨울
하안주공9단지,1636,주공9단지,경기도 광명시 하안동,주공9단지,경기도 광명시 하안동,1818,15,19900910,15,15,,169,14,37.46762,126.87775,19,63.6,45.77,13.84,72,420,1,1,복도식,9,"4억 8,000","6억 5,000","4억 8,000~6억 5,000","(2,495~3,379만원/3.3㎡)",0,,,,,,0,,173511,147712,220733
하안주공9단지,1636,주공9단지,경기도 광명시 하안동,주공9단지,경기도 광명시 하안동,1818,15,19900910,15,15,,169,14,37.46762,126.87775,24A,80.17,58.01,17.54,72,528,2,1,복도식,9,8억,"9억 8,000","8억~9억 8,000","(3,299~4,041만원/3.3㎡)",0,,,,,,0,,219912,187213,279761
하안주공9단지,1636,주공9단지,경기도 광명시 하안동,주공9단지,경기도 광명시 하안동,1818,15,19900910,15,15,,169,14,37.46762,126.87775,24B,82.53,59.39,17.96,72,630,2,1,복도식,1,"6억 7,000","6억 7,000","6억 7,000","(2,684만원/3.3㎡)",0,,,,,,1,"3,000/110",225143,191667,286417
하안주공9단지,1636,주공9단지,경기도 광명시 하안동,주공9단지,경기도 광명시 하안동,1818,15,19900910,15,15,,169,14,37.46762,126.87775,31,105.49,79.07,23.91,75,240,3,1,복도식,,,,,,,,,,,,,,299749,255180,381327
강서힐스테이트,103305,강서힐스테이트,서울시 강서구 화곡동,강서힐스테이트,서울시 강서구 화곡동,2603,37,20150819,8,21,,259,22,37.546914,126.839257,24,82.13,59.99,18.14,73,530,3,2,계단식,48,"13억 6,000",15억,"13억 6,000~15억","(5,474~6,038만원/3.3㎡)",5,"6억 8,000","7억 2,000","6억 8,000~7억 2,000","(2,737~2,898만원/3.3㎡)",45~53%,1,1억/240,196975,174064,254498
강서힐스테이트,103305,강서힐스테이트,서울시 강서구 화곡동,강서힐스테이트,서울시 강서구 화곡동,2603,37,20150819,8,21,,259,22,37.546914,126.839257,33A,111.24,84.99,25.7,76,383,3,2,계단식,22,"15억 4,000","19억 5,000","15억 4,000~19억 5,000","(4,577~5,795만원/3.3㎡)",1,"8억 5,000","8억 5,000","8억 5,000","(2,526만원/3.3㎡)",44~55%,3,1억/300~2억/270,279061,246602,360556
강서힐스테이트,103305,강서힐스테이트,서울시 강서구 화곡동,강서힐스테이트,서울시 강서구 화곡동,2603,37,20150819,8,21,,259,22,37.546914,126.839257,33C,111.85,84.99,25.7,76,171,3,2,계단식,,,,,,,,,,,,,,279061,246602,360556
강서힐스테이트,103305,강서힐스테이트,서울시 강서구 화곡동,강서힐스테이트,서울시 강서구 화곡동,2603,37,20150819,8,21,,259,22,37.546914,126.839257,33E,111.54,84.99,25.7,76,37,3,2,계단식,1,"16억 7,000","16억 7,000","16억 7,000","(4,949만원/3.3㎡)",0,,,,,,0,,279061,246602,360556
강서힐스테이트,103305,강서힐스테이트,서울시 강서구 화곡동,강서힐스테이트,서울시 강서구 화곡동,2603,37,20150819,8,21,,259,22,37.546914,126.839257,33F,112.34,84.99,25.7,76,300,3,2,계단식,32,"15억 2,000","17억 5,000","15억 2,000~17억 5,000","(4,473~5,150만원/3.3㎡)",0,,,,,,0,,279061,246602,360556
강서힐스테이트,103305,강서힐스테이트,서울시 강서구 화곡동,강서힐스테이트,서울시 강서구 화곡동,2603,37,20150819,8,21,,259,22,37.546914,126.839257,33D,112.03,84.99,25.7,76,149,3,2,계단식,4,17억,"17억 5,000","17억~17억 5,000","(5,016~5,164만원/3.3㎡)",0,,,,,,0,,279061,246602,360556
강서힐스테이트,103305,강서힐스테이트,서울시 강서구 화곡동,강서힐스테이트,서울시 강서구 화곡동,2603,37,20150819,8,21,,259,22,37.546914,126.839257,33B,112.22,84.99,25.7,76,46,3,2,계단식,,,,,,,,,,,,,,279061,246602,360556
강서힐스테이트,103305,강서힐스테이트,서울시 강서구 화곡동,강서힐스테이트,서울시 강서구 화곡동,2603,37,20150819,8,21,,259,22,37.546914,126.839257,45,151.89,119.63,36.18,79,68,4,2,계단식,1,"16억 8,000","16억 8,000","16억 8,000","(3,656만원/3.3㎡)",0,,,,,,0,,392800,347112,507510
강서힐스테이트,103305,강서힐스테이트,서울시 강서구 화곡동,강서힐스테이트,서울시 강서구 화곡동,2603,37,20150819,8,21,,259,22,37.546914,126.839257,48A,160.67,128.81,38.96,80,338,4,2,계단식,38,17억,18억,17억~18억,"(3,498~3,703만원/3.3㎡)",38,11억,12억,11억~12억,"(2,263~2,469만원/3.3㎡)",61~71%,0,,422942,373749,546454
강서힐스테이트,103305,강서힐스테이트,서울시 강서구 화곡동,강서힐스테이트,서울시 강서구 화곡동,2603,37,20150819,8,21,,259,22,37.546914,126.839257,48E,160.26,128.81,38.96,80,148,4,2,계단식,15,"17억 2,000",18억,"17억 2,000~18억","(3,548~3,713만원/3.3㎡)",0,,,,,,0,,422942,373749,546454
강서힐스테이트,103305,강서힐스테이트,서울시 강서구 화곡동,강서힐스테이트,서울시 강서구 화곡동,2603,37,20150819,8,21,,259,22,37.546914,126.839257,48B,161.34,128.81,38.96,80,177,4,2,계단식,19,"16억 8,000",19억,"16억 8,000~19억","(3,442~3,893만원/3.3㎡)",0,,,,,,0,,422942,373749,546454
강서힐스테이트,103305,강서힐스테이트,서울시 강서구 화곡동,강서힐스테이트,서울시 강서구 화곡동,2603,37,20150819,8,21,,259,22,37.546914,126.839257,48D,161.26,128.81,38.96,80,73,4,2,계단식,7,17억,18억,17억~18억,"(3,485~3,690만원/3.3㎡)",0,,,,,,1,8억/120,422942,373749,546454
강서힐스테이트,103305,강서힐스테이트,서울시 강서구 화곡동,강서힐스테이트,서울시 강서구 화곡동,2603,37,20150819,8,21,,259,22,37.546914,126.839257,48C,161.86,128.81,38.96,80,39,4,2,계단식,1,"17억 5,000","17억 5,000","17억 5,000","(3,574만원/3.3㎡)",0,,,,,,0,,422942,373749,546454
강서힐스테이트,103305,강서힐스테이트,서울시 강서구 화곡동,강서힐스테이트,서울시 강서구 화곡동,2603,37,20150819,8,21,,259,22,37.546914,126.839257,55,184.26,152.1,46.01,83,144,4,3,계단식,26,17억,"18억 5,000","17억~18억 5,000","(3,050~3,319만원/3.3㎡)",0,,,,,,0,,499414,441325,645258
관악드림타운,2987,관악드림타운,서울시 관악구 봉천동,관악드림타운,서울시 관악구 봉천동,3544,44,20030906,10,27,,267,16,37.490479,126.950561,24,80.43,60,18.15,75,44,3,1,계단식,30,"11억 9,000","11억 9,000","11억 9,000","(4,891만원/3.3㎡)",0,,,,,,0,,144990,177776,115375
관악드림타운,2987,관악드림타운,서울시 관악구 봉천동,관악드림타운,서울시 관악구 봉천동,3544,44,20030906,10,27,,267,16,37.490479,126.950561,24D,82.47,60,18.15,73,352,3,1,계단식,38,"11억 7,000",12억,"11억 7,000~12억","(4,690~4,810만원/3.3㎡)",27,"5억 8,000","5억 8,000","5억 8,000","(2,325만원/3.3㎡)",48~50%,0,,144990,177776,115375
관악드림타운,2987,관악드림타운,서울시 관악구 봉천동,관악드림타운,서울시 관악구 봉천동,3544,44,20030906,10,27,,267,16,37.490479,126.950561,25A,82.93,59.85,18.1,72,324,2,1,복합식,18,"10억 9,500","12억 2,000","10억 9,500~12억 2,000","(4,365~4,863만원/3.3㎡)",0,,,,,,29,"5,000/200~8,000/220",144627,177331,115087
관악드림타운,2987,관악드림타운,서울시 관악구 봉천동,관악드림타운,서울시 관악구 봉천동,3544,44,20030906,10,27,,267,16,37.490479,126.950561,25B,82.91,59.83,18.09,72,324,3,1,복합식,55,"11억 4,000",12억,"11억 4,000~12억","(4,545~4,785만원/3.3㎡)",0,,,,,,6,"1억 5,000/150~4억 8,000/50",144579,177272,115048
관악드림타운,2987,관악드림타운,서울시 관악구 봉천동,관악드림타운,서울시 관악구 봉천동,3544,44,20030906,10,27,,267,16,37.490479,126.950561,32,106.86,84.96,25.7,80,60,3,2,계단식,,,,,,,,,,,,,,205305,251730,163371
관악드림타운,2987,관악드림타운,서울시 관악구 봉천동,관악드림타운,서울시 관악구 봉천동,3544,44,20030906,10,27,,267,16,37.490479,126.950561,33,109.42,84.96,25.7,78,1408,3,2,계단식,95,"12억 5,000",14억,"12억 5,000~14억","(3,776~4,230만원/3.3㎡)",49,"6억 5,000",7억,"6억 5,000~7억","(1,964~2,115만원/3.3㎡)",46~56%,0,,205305,251730,163371
관악드림타운,2987,관악드림타운,서울시 관악구 봉천동,관악드림타운,서울시 관악구 봉천동,3544,44,20030906,10,27,,267,16,37.490479,126.950561,38,127.98,102,30.85,80,248,4,2,계단식,40,"12억 9,000","13억 5,000","12억 9,000~13억 5,000","(3,332~3,487만원/3.3㎡)",0,,,,,,8,"5,000/250",246482,302219,196138
관악드림타운,2987,관악드림타운,서울시 관악구 봉천동,관악드림타운,서울시 관악구 봉천동,3544,44,20030906,10,27,,267,16,37.490479,126.950561,42,141.43,114.75,34.71,81,784,4,2,계단식,94,"12억 7,000",15억,"12억 7,000~15억","(2,968~3,506만원/3.3㎡)",17,7억,"7억 5,000","7억~7억 5,000","(1,636~1,753만원/3.3㎡)",47~59%,17,1억/250~2억/260,277292,339996,220655
목동신시가지5단지,656,목동신시가지5단지,서울시 양천구 목동,목동신시가지5단지,서울시 양천구 목동,1848,36,19860930,5,15,,116,14,37.533853,126.880399,25,84.64,65.08,19.68,77,480,2,1,복도식,37,27억,"28억 5,000","27억~28억 5,000","(1억 545~1억 1,131만원/3.3㎡)",34,7억,7억,7억,"(2,734만원/3.3㎡)",25~26%,0,,225719,193160,304517
목동신시가지5단지,656,목동신시가지5단지,서울시 양천구 목동,목동신시가지5단지,서울시 양천구 목동,1848,36,19860930,5,15,,116,14,37.533853,126.880399,29B,97.83,81.64,24.69,83,27,2,1,계단식,0,,,,,17,9억,9억,9억,"(3,041만원/3.3㎡)",,0,,283155,242310,382003
목동신시가지5단지,656,목동신시가지5단지,서울시 양천구 목동,목동신시가지5단지,서울시 양천구 목동,1848,36,19860930,5,15,,116,14,37.533853,126.880399,30A,99.39,83.47,25.24,84,18,2,1,계단식,,,,,,,,,,,,,,289502,247741,390566
목동신시가지5단지,656,목동신시가지5단지,서울시 양천구 목동,목동신시가지5단지,서울시 양천구 목동,1848,36,19860930,5,15,,116,14,37.533853,126.880399,33B,110.97,93.18,28.18,84,18,3,1,계단식,,,,,,,,,,,,,,323179,276561,436001
목동신시가지5단지,656,목동신시가지5단지,서울시 양천구 목동,목동신시가지5단지,서울시 양천구 목동,1848,36,19860930,5,15,,116,14,37.533853,126.880399,33E,111.73,93.24,28.2,83,27,3,1,계단식,,,,,,,,,,,,,,323387,276739,436282
목동신시가지5단지,656,목동신시가지5단지,서울시 양천구 목동,목동신시가지5단지,서울시 양천구 목동,1848,36,19860930,5,15,,116,14,37.533853,126.880399,34F,113.87,95.01,28.74,83,108,3,1,계단식,4,33억,33억,33억,"(9,580만원/3.3㎡)",0,,,,,,0,,329526,281993,444563
목동신시가지5단지,656,목동신시가지5단지,서울시 양천구 목동,목동신시가지5단지,서울시 양천구 목동,1848,36,19860930,5,15,,116,14,37.533853,126.880399,34A,113.37,95.21,28.8,84,72,3,1,계단식,9,33억,33억,33억,"(9,623만원/3.3㎡)",0,,,,,,0,,330220,282586,445499
목동신시가지5단지,656,목동신시가지5단지,서울시 양천구 목동,목동신시가지5단지,서울시 양천구 목동,1848,36,19860930,5,15,,116,14,37.533853,126.880399,34C,113.38,95.22,28.8,84,72,3,1,계단식,,,,,,,,,,,,,,330255,282616,445546
목동신시가지5단지,656,목동신시가지5단지,서울시 양천구 목동,목동신시가지5단지,서울시 양천구 목동,1848,36,19860930,5,15,,116,14,37.533853,126.880399,34D,114.18,95.27,28.81,83,108,3,1,계단식,12,32억,35억,32억~35억,"(9,265~1억 133만원/3.3㎡)",0,,,,,,0,,330428,282764,445780
목동신시가지5단지,656,목동신시가지5단지,서울시 양천구 목동,목동신시가지5단지,서울시 양천구 목동,1848,36,19860930,5,15,,116,14,37.533853,126.880399,35H,118.6,95.06,28.75,80,193,3,1,계단식,5,32억,"32억 5,000","32억~32억 5,000","(8,919~9,059만원/3.3㎡)",0,,,,,,12,4억/240~6억/160,329700,282141,444797
목동신시가지5단지,656,목동신시가지5단지,서울시 양천구 목동,목동신시가지5단지,서울시 양천구 목동,1848,36,19860930,5,15,,116,14,37.533853,126.880399,36G,120.61,95.28,28.82,79,191,3,1,계단식,6,35억,35억,35억,"(9,593만원/3.3㎡)",0,,,,,,0,,330463,282794,445827
목동신시가지5단지,656,목동신시가지5단지,서울시 양천구 목동,목동신시가지5단지,서울시 양천구 목동,1848,36,19860930,5,15,,116,14,37.533853,126.880399,42B,140.34,120.43,36.43,86,15,4,2,복도식,,,,,,,,,,,,,,417692,357440,563507
목동신시가지5단지,656,목동신시가지5단지,서울시 양천구 목동,목동신시가지5단지,서울시 양천구 목동,1848,36,19860930,5,15,,116,14,37.533853,126.880399,43A,142.71,122.46,37.04,86,60,4,2,복도식,13,42억,42억,42억,"(9,729만원/3.3㎡)",0,,,,,,0,,424732,363465,573006
목동신시가지5단지,656,목동신시가지5단지,서울시 양천구 목동,목동신시가지5단지,서울시 양천구 목동,1848,36,19860930,5,15,,116,14,37.533853,126.880399,43C,144.06,115.47,34.92,80,120,4,2,복도식,17,38억,40억,38억~40억,"(8,720~9,179만원/3.3㎡)",0,,,,,,0,,400489,342718,540298
목동신시가지5단지,656,목동신시가지5단지,서울시 양천구 목동,목동신시가지5단지,서울시 양천구 목동,1848,36,19860930,5,15,,116,14,37.533853,126.880399,44D,146.17,115.47,34.92,79,72,4,2,복도식,,,,,,,,,,,,,,400489,342718,540298
목동신시가지5단지,656,목동신시가지5단지,서울시 양천구 목동,목동신시가지5단지,서울시 양천구 목동,1848,36,19860930,5,15,,116,14,37.533853,126.880399,49B,164.43,141.1,42.68,86,15,4,2,계단식,,,,,,,,,,,,,,489382,418789,660224
목동신시가지5단지,656,목동신시가지5단지,서울시 양천구 목동,목동신시가지5단지,서울시 양천구 목동,1848,36,19860930,5,15,,116,14,37.533853,126.880399,53C,177.68,142.51,43.1,80,96,5,2,계단식,2,41억,41억,41억,"(7,628만원/3.3㎡)",0,,,,,,0,,494272,422974,666822
목동신시가지5단지,656,목동신시가지5단지,서울시 양천구 목동,목동신시가지5단지,서울시 양천구 목동,1848,36,19860930,5,15,,116,14,37.533853,126.880399,54D,178.53,143.36,43.36,80,96,5,2,계단식,1,55억,55억,55억,(1억 184만원/3.3㎡),0,,,,,,5,10억/190,497221,425497,670800
목동신시가지5단지,656,목동신시가지5단지,서울시 양천구 목동,목동신시가지5단지,서울시 양천구 목동,1848,36,19860930,5,15,,116,14,37.533853,126.880399,53A,178.12,152.85,46.23,86,60,5,2,계단식,12,41억,"45억 5,000","41억~45억 5,000","(7,609~8,444만원/3.3㎡)",23,15억,16억,15억~16억,"(2,784~2,969만원/3.3㎡)",33~39%,10,8억/320,530135,453663,715204
철산래미안자이,25902,철산래미안자이,경기도 광명시 철산동,철산래미안자이,경기도 광명시 철산동,2072,17,20091126,21,34,,248,12,37.471957,126.874532,24,82.47,58.61,17.72,71,21,3,2,계단식,1,"12억 5,000","12억 5,000","12억 5,000","(5,011만원/3.3㎡)",0,,,,,,0,,164371,193718,149040
철산래미안자이,25902,철산래미안자이,경기도 광명시 철산동,철산래미안자이,경기도 광명시 철산동,2072,17,20091126,21,34,,248,12,37.471957,126.874532,25A,84.2,59.67,18.05,71,472,3,2,계단식,39,"12억 5,000","12억 7,000","12억 5,000~12억 7,000","(4,908~4,986만원/3.3㎡)",0,,,,,,0,,167344,197222,151735
철산래미안자이,25902,철산래미안자이,경기도 광명시 철산동,철산래미안자이,경기도 광명시 철산동,2072,17,20091126,21,34,,248,12,37.471957,126.874532,25B,84.38,59.87,18.11,71,20,3,2,계단식,,,,,,,,,,,,,,167905,197883,152243
철산래미안자이,25902,철산래미안자이,경기도 광명시 철산동,철산래미안자이,경기도 광명시 철산동,2072,17,20091126,21,34,,248,12,37.471957,126.874532,33A,110.78,84.35,25.51,76,367,3,2,계단식,22,"13억 3,000",15억,"13억 3,000~15억","(3,969~4,476만원/3.3㎡)",0,,,,,,0,,236559,278794,214494
철산래미안자이,25902,철산래미안자이,경기도 광명시 철산동,철산래미안자이,경기도 광명시 철산동,2072,17,20091126,21,34,,248,12,37.471957,126.874532,33B,110.15,84.44,25.54,77,367,3,2,계단식,38,"13억 8,000","14억 8,000","13억 8,000~14억 8,000","(4,142~4,442만원/3.3㎡)",0,,,,,,0,,236812,279092,214722
철산래미안자이,25902,철산래미안자이,경기도 광명시 철산동,철산래미안자이,경기도 광명시 철산동,2072,17,20091126,21,34,,248,12,37.471957,126.874532,33,110.59,84.66,25.6,77,312,3,2,계단식,7,"14억 5,000","14억 5,000","14억 5,000","(4,334만원/3.3㎡)",0,,,,,,0,,237429,279819,215282
철산래미안자이,25902,철산래미안자이,경기도 광명시 철산동,철산래미안자이,경기도 광명시 철산동,2072,17,20091126,21,34,,248,12,37.471957,126.874532,43A,142.99,115.66,34.98,81,204,4,2,계단식,51,"14억 5,000","16억 5,000","14억 5,000~16억 5,000","(3,352~3,815만원/3.3㎡)",0,,,,,,0,,324368,382280,294112
철산래미안자이,25902,철산래미안자이,경기도 광명시 철산동,철산래미안자이,경기도 광명시 철산동,2072,17,20091126,21,34,,248,12,37.471957,126.874532,43B,142.82,116.73,35.31,82,201,4,2,계단식,26,15억,16억,15억~16억,"(3,472~3,703만원/3.3㎡)",0,,,,,,0,,327369,385817,296833
철산래미안자이,25902,철산래미안자이,경기도 광명시 철산동,철산래미안자이,경기도 광명시 철산동,2072,17,20091126,21,34,,248,12,37.471957,126.874532,50,166.06,134.52,40.69,81,54,4,2,계단식,8,"16억 5,000",17억,"16억 5,000~17억","(3,285~3,384만원/3.3㎡)",0,,,,,,0,,377261,444616,342071
철산래미안자이,25902,철산래미안자이,경기도 광명시 철산동,철산래미안자이,경기도 광명시 철산동,2072,17,20091126,21,34,,248,12,37.471957,126.874532,60,199.25,166.83,50.46,84,54,4,2,계단식,11,"17억 5,000",23억,"17억 5,000~23억","(2,903~3,816만원/3.3㎡)",0,,,,,,0,,467874,551407,424232
