시구,지표,2026.04 (스크린샷),2026.05 (우리),변화율
강남구,평당매매,"10,299","10,772",+4.6%
강남구,평당전세,"3,269","3,569",+9.2%
강남구,18기준 매매,"131,346","190,204",+44.8%
강남구,18기준 전세,"47,196","56,473",+19.7%
강남구,21기준 매매,"231,987","236,308",+1.9%
강남구,21기준 전세,"68,712","78,193",+13.8%
강남구,24기준 매매,"265,128","276,597",+4.3%
강남구,24기준 전세,"78,528","97,198",+23.8%
강남구,33기준 매매,"344,256","321,605",-6.6%
강남구,33기준 전세,"109,494","111,070",+1.4%
강남구,전세가율,32%,33%,+1%p
서초구,평당매매,"10,473","10,663",+1.8%
서초구,평당전세,"3,719","3,628",-2.4%
서초구,18기준 매매,"89,208","167,784",+88.1%
서초구,18기준 전세,"38,898","58,026",+49.2%
서초구,21기준 매매,"239,316","235,401",-1.6%
서초구,21기준 전세,"80,577","81,591",+1.3%
서초구,24기준 매매,"273,504","285,493",+4.4%
서초구,24기준 전세,"92,088","98,000",+6.4%
서초구,33기준 매매,"375,705","337,508",-10.2%
서초구,33기준 전세,"130,944","109,654",-16.3%
서초구,전세가율,36%,34%,-2%p
용산구,평당매매,"8,228","9,375",+13.9%
용산구,평당전세,"2,730","3,356",+22.9%
용산구,18기준 매매,"100,350","184,019",+83.4%
용산구,18기준 전세,"39,006","53,475",+37.1%
용산구,21기준 매매,"183,162","190,757",+4.1%
용산구,21기준 전세,"54,075","78,200",+44.6%
용산구,24기준 매매,"209,328","236,022",+12.8%
용산구,24기준 전세,"61,800","86,773",+40.4%
용산구,33기준 매매,"256,476","275,971",+7.6%
용산구,33기준 전세,"82,599","102,825",+24.5%
용산구,전세가율,33%,36%,+3%p
송파구,평당매매,"7,609","9,033",+18.7%
송파구,평당전세,"2,605","3,014",+15.7%
송파구,18기준 매매,"136,746","170,736",+24.9%
송파구,18기준 전세,"46,152","47,300",+2.5%
송파구,21기준 매매,"154,476","201,824",+30.7%
송파구,21기준 전세,"55,083","66,421",+20.6%
송파구,24기준 매매,"176,544","232,489",+31.7%
송파구,24기준 전세,"62,952","83,060",+31.9%
송파구,33기준 매매,"269,940","242,598",-10.1%
송파구,33기준 전세,"89,496","92,573",+3.4%
송파구,전세가율,34%,33%,-1%p
성동구,평당매매,"6,792","6,008",-11.5%
성동구,평당전세,"2,582","2,945",+14.1%
성동구,18기준 매매,"131,058","100,474",-23.3%
성동구,18기준 전세,"54,504","51,333",-5.8%
성동구,21기준 매매,"152,418","126,181",-17.2%
성동구,21기준 전세,"55,062","66,166",+20.2%
성동구,24기준 매매,"174,192","164,126",-5.8%
성동구,24기준 전세,"62,928","74,570",+18.5%
성동구,33기준 매매,"211,761","185,016",-12.6%
성동구,33기준 전세,"82,995","88,164",+6.2%
성동구,전세가율,38%,49%,+11%p
양천구,평당매매,"5,977","3,330",-44.3%
양천구,평당전세,"2,149","1,802",-16.1%
양천구,18기준 매매,"100,908","34,140",-66.2%
양천구,18기준 전세,"28,782","16,800",-41.6%
양천구,21기준 매매,"140,385","68,160",-51.4%
양천구,21기준 전세,"44,982","37,722",-16.1%
양천구,24기준 매매,"160,440","102,038",-36.4%
양천구,24기준 전세,"51,408","53,500",+4.1%
양천구,33기준 매매,"178,068","129,589",-27.2%
양천구,33기준 전세,"72,930","74,327",+1.9%
양천구,전세가율,36%,54%,+18%p
광진구,평당매매,"6,414","6,042",-5.8%
광진구,평당전세,"2,657","2,762",+4.0%
광진구,18기준 매매,"77,868","83,630",+7.4%
광진구,18기준 전세,"50,562","30,000",-40.7%
광진구,21기준 매매,"142,443","148,155",+4.0%
광진구,21기준 전세,"54,075","76,666",+41.8%
광진구,24기준 매매,"162,792","157,494",-3.3%
광진구,24기준 전세,"61,800","68,526",+10.9%
광진구,33기준 매매,"216,282","194,904",-9.9%
광진구,33기준 전세,"91,245","94,965",+4.1%
광진구,전세가율,41%,46%,+5%p
마포구,평당매매,"6,093","6,042",-0.8%
마포구,평당전세,"2,519","2,645",+5.0%
마포구,18기준 매매,"93,816","102,195",+8.9%
마포구,18기준 전세,"38,934","52,800",+35.6%
마포구,21기준 매매,"145,761","128,792",-11.6%
마포구,21기준 전세,"54,012","47,236",-12.5%
마포구,24기준 매매,"166,584","163,378",-1.9%
마포구,24기준 전세,"61,728","67,871",+10.0%
마포구,33기준 매매,"191,301","183,164",-4.3%
마포구,33기준 전세,"84,282","84,852",+0.7%
마포구,전세가율,41%,44%,+3%p
강동구,평당매매,"5,483","7,738",+41.1%
강동구,평당전세,"2,451","2,825",+15.3%
강동구,18기준 매매,"94,878","164,938",+73.8%
강동구,18기준 전세,"42,480","50,000",+17.7%
강동구,21기준 매매,"124,728","184,235",+47.7%
강동구,21기준 전세,"53,403","61,785",+15.7%
강동구,24기준 매매,"142,032","176,461",+24.2%
강동구,24기준 전세,"61,032","74,777",+22.5%
강동구,33기준 매매,"174,966","186,974",+6.9%
강동구,33기준 전세,"79,134","81,379",+2.8%
강동구,전세가율,45%,37%,-8%p
영등포구,평당매매,"5,216","4,916",-5.8%
영등포구,평당전세,"2,137","2,645",+23.8%
영등포구,18기준 매매,"66,348","77,274",+16.5%
영등포구,18기준 전세,"33,570","61,750",+83.9%
영등포구,21기준 매매,"112,245","105,168",-6.3%
영등포구,21기준 전세,"45,528","47,800",+5.0%
영등포구,24기준 매매,"128,280","136,583",+6.5%
영등포구,24기준 전세,"52,032","59,194",+13.8%
영등포구,33기준 매매,"168,894","154,257",-8.7%
영등포구,33기준 전세,"70,983","79,493",+12.0%
영등포구,전세가율,41%,54%,+13%p
종로구,평당매매,"4,506","5,339",+18.5%
종로구,평당전세,"2,351","2,643",+12.4%
종로구,18기준 매매,"49,104","102,815",+109.4%
종로구,18기준 전세,"33,264","49,400",+48.5%
종로구,21기준 매매,"96,957","104,949",+8.2%
종로구,21기준 전세,"49,182","60,125",+22.3%
종로구,24기준 매매,"110,808","142,849",+28.9%
종로구,24기준 전세,"56,208","63,090",+12.2%
종로구,33기준 매매,"160,941","155,021",-3.7%
종로구,33기준 전세,"80,949","77,109",-4.7%
종로구,전세가율,52%,50%,-2%p
동작구,평당매매,"5,320","6,285",+18.1%
동작구,평당전세,"2,290","2,769",+20.9%
동작구,18기준 매매,"92,826","121,063",+30.4%
동작구,18기준 전세,"42,480","50,788",+19.6%
동작구,21기준 매매,"122,073","124,969",+2.4%
동작구,21기준 전세,"50,232","50,958",+1.4%
동작구,24기준 매매,"139,512","163,532",+17.2%
동작구,24기준 전세,"57,408","77,627",+35.2%
동작구,33기준 매매,"176,187","186,501",+5.9%
동작구,33기준 전세,"76,560","85,675",+11.9%
동작구,전세가율,43%,44%,+1%p
중구,평당매매,"5,017","6,300",+25.6%
중구,평당전세,"2,343","2,982",+27.3%
중구,18기준 매매,"56,214","107,153",+90.6%
중구,18기준 전세,"47,448","58,888",+24.1%
중구,21기준 매매,"124,110","123,490",-0.5%
중구,21기준 전세,"51,702","61,760",+19.5%
중구,24기준 매매,"141,840","177,675",+25.3%
중구,24기준 전세,"59,088","72,866",+23.3%
중구,33기준 매매,"167,805","196,891",+17.3%
중구,33기준 전세,"73,524","88,450",+20.3%
중구,전세가율,47%,47%,+0%p
강서구,평당매매,"3,813","4,036",+5.8%
강서구,평당전세,"1,920","1,847",-3.8%
강서구,18기준 매매,"68,652","68,653",+0.0%
강서구,18기준 전세,"30,600","29,777",-2.7%
강서구,21기준 매매,"85,323","82,953",-2.8%
강서구,21기준 전세,"42,210","33,725",-20.1%
강서구,24기준 매매,"97,512","108,961",+11.7%
강서구,24기준 전세,"48,240","51,923",+7.6%
강서구,33기준 매매,"125,268","126,832",+1.2%
강서구,33기준 전세,"65,142","64,833",-0.5%
강서구,전세가율,50%,46%,-4%p
서대문구,평당매매,"3,992","5,112",+28.1%
서대문구,평당전세,"2,072","2,402",+15.9%
서대문구,18기준 매매,"57,060","83,922",+47.1%
서대문구,18기준 전세,"37,404","42,916",+14.7%
서대문구,21기준 매매,"86,688","101,912",+17.6%
서대문구,21기준 전세,"43,680","45,950",+5.2%
서대문구,24기준 매매,"99,072","145,492",+46.9%
서대문구,24기준 전세,"49,920","64,466",+29.1%
서대문구,33기준 매매,"132,990","160,812",+20.9%
서대문구,33기준 전세,"68,805","77,609",+12.8%
서대문구,전세가율,52%,47%,-5%p
동대문구,평당매매,"3,800","4,713",+24.0%
동대문구,평당전세,"1,955","2,473",+26.5%
동대문구,18기준 매매,"44,802","77,954",+74.0%
동대문구,18기준 전세,"33,696","46,666",+38.5%
동대문구,21기준 매매,"93,702","105,502",+12.6%
동대문구,21기준 전세,"45,213","51,222",+13.3%
동대문구,24기준 매매,"107,088","126,125",+17.8%
동대문구,24기준 전세,"51,672","62,782",+21.5%
동대문구,33기준 매매,"124,080","140,029",+12.9%
동대문구,33기준 전세,"62,535","74,152",+18.6%
동대문구,전세가율,51%,52%,+1%p
성북구,평당매매,"3,294","4,263",+29.4%
성북구,평당전세,"1,874","2,172",+15.9%
성북구,18기준 매매,"39,798","76,494",+92.2%
성북구,18기준 전세,"31,626","38,000",+20.2%
성북구,21기준 매매,"81,207","93,395",+15.0%
성북구,21기준 전세,"45,323","42,125",-7.1%
성북구,24기준 매매,"92,808","110,532",+19.1%
성북구,24기준 전세,"49,512","57,406",+15.9%
성북구,33기준 매매,"104,412","123,747",+18.5%
성북구,33기준 전세,"60,621","71,911",+18.6%
성북구,전세가율,57%,51%,-6%p
은평구,평당매매,"3,172","3,832",+20.8%
은평구,평당전세,"1,858","2,083",+12.1%
은평구,18기준 매매,"44,874","64,580",+43.9%
은평구,18기준 전세,"32,994","35,366",+7.2%
은평구,21기준 매매,"72,513","83,481",+15.1%
은평구,21기준 전세,"41,643","43,714",+5.0%
은평구,24기준 매매,"82,872","103,674",+25.1%
은평구,24기준 전세,"47,592","56,281",+18.3%
은평구,33기준 매매,"103,158","113,702",+10.2%
은평구,33기준 전세,"60,126","64,076",+6.6%
은평구,전세가율,59%,54%,-5%p
관악구,평당매매,"3,267","4,287",+31.2%
관악구,평당전세,"1,788","2,388",+33.6%
관악구,18기준 매매,"45,072","112,540",+149.7%
관악구,18기준 전세,"22,104","55,525",+151.2%
관악구,21기준 매매,"75,411","65,947",-12.5%
관악구,21기준 전세,"39,921","42,125",+5.5%
관악구,24기준 매매,"86,184","99,585",+15.5%
관악구,24기준 전세,"45,624","52,864",+15.9%
관악구,33기준 매매,"105,039","119,117",+13.4%
관악구,33기준 전세,"60,060","74,662",+24.3%
관악구,전세가율,55%,56%,+1%p
노원구,평당매매,"2,845","2,972",+4.5%
노원구,평당전세,"1,497","1,728",+15.4%
노원구,18기준 매매,"51,660","50,585",-2.1%
노원구,18기준 전세,"24,174","26,600",+10.0%
노원구,21기준 매매,"61,320","65,109",+6.2%
노원구,21기준 전세,"32,004","33,000",+3.1%
노원구,24기준 매매,"70,080","76,222",+8.8%
노원구,24기준 전세,"36,576","47,880",+30.9%
노원구,33기준 매매,"89,265","92,566",+3.7%
노원구,33기준 전세,"54,351","61,680",+13.5%
노원구,전세가율,53%,58%,+5%p
구로구,평당매매,"2,893","3,421",+18.3%
구로구,평당전세,"1,612","1,853",+15.0%
구로구,18기준 매매,"45,720","52,832",+15.6%
구로구,18기준 전세,"26,514","28,412",+7.2%
구로구,21기준 매매,"63,273","73,103",+15.5%
구로구,21기준 전세,"34,104","39,441",+15.6%
구로구,24기준 매매,"72,312","94,493",+30.7%
구로구,24기준 전세,"38,976","48,489",+24.4%
구로구,33기준 매매,"94,281","110,006",+16.7%
구로구,33기준 전세,"53,295","63,963",+20.0%
구로구,전세가율,56%,54%,-2%p
중랑구,평당매매,"2,557","3,471",+35.7%
중랑구,평당전세,"1,603","1,917",+19.6%
중랑구,18기준 매매,"41,958","46,437",+10.7%
중랑구,18기준 전세,"27,720","28,000",+1.0%
중랑구,21기준 매매,"54,915","83,788",+52.6%
중랑구,21기준 전세,"33,936","41,000",+20.8%
중랑구,24기준 매매,"62,760","98,062",+56.2%
중랑구,24기준 전세,"38,784","54,294",+40.0%
중랑구,33기준 매매,"86,229","106,569",+23.6%
중랑구,33기준 전세,"53,955","62,750",+16.3%
중랑구,전세가율,63%,55%,-8%p
금천구,평당매매,"2,329","2,937",+26.1%
금천구,평당전세,"1,454","1,524",+4.8%
금천구,18기준 매매,"38,610","51,858",+34.3%
금천구,18기준 전세,"24,210","19,666",-18.8%
금천구,21기준 매매,"52,374","67,429",+28.7%
금천구,21기준 전세,"31,941","35,600",+11.5%
금천구,24기준 매매,"59,856","72,424",+21.0%
금천구,24기준 전세,"36,504","39,584",+8.4%
금천구,33기준 매매,"74,613","87,094",+16.7%
금천구,33기준 전세,"47,487","54,764",+15.3%
금천구,전세가율,62%,52%,-10%p
강북구,평당매매,"2,458","2,929",+19.2%
강북구,평당전세,"1,564","1,925",+23.1%
강북구,18기준 매매,"42,210","42,391",+0.4%
강북구,18기준 전세,"20,772","23,600",+13.6%
강북구,21기준 매매,"54,621","51,323",-6.0%
강북구,21기준 전세,"33,915","42,000",+23.8%
강북구,24기준 매매,"62,424","90,982",+45.7%
강북구,24기준 전세,"38,760","55,981",+44.4%
강북구,33기준 매매,"79,662","103,228",+29.6%
강북구,33기준 전세,"53,064","67,892",+27.9%
강북구,전세가율,64%,66%,+2%p
도봉구,평당매매,"2,230","2,594",+16.3%
도봉구,평당전세,"1,321","1,531",+15.9%
도봉구,18기준 매매,"36,666","50,750",+38.4%
도봉구,18기준 전세,"21,042","25,400",+20.7%
도봉구,21기준 매매,"46,557","54,742",+17.6%
도봉구,21기준 전세,"27,825","33,800",+21.5%
도봉구,24기준 매매,"53,208","62,728",+17.9%
도봉구,24기준 전세,"31,800","37,600",+18.2%
도봉구,33기준 매매,"78,639","77,206",-1.8%
도봉구,33기준 전세,"46,563","50,830",+9.2%
도봉구,전세가율,59%,59%,+0%p
